<ImportExportXml xmlns:xsi="http://www.w3.org/2001/XMLSchema-instance">
  <Entities></Entities>
  <Roles></Roles>
  <Workflows></Workflows>
  <FieldSecurityProfiles></FieldSecurityProfiles>
  <Templates />
  <EntityMaps />
  <EntityRelationships />
  <OrganizationSettings />
  <optionsets />
  <CustomControls />
  <EntityDataProviders />
  <CanvasApps>
    <CanvasApp>
      <Name>kabi_cadastrodefornecedor_3e2df</Name>
      <AppVersion>2023-03-09T17:31:28Z</AppVersion>
      <Status>Ready</Status>
      <CreatedByClientVersion>3.23023.21.0</CreatedByClientVersion>
      <MinClientVersion>3.23023.21.0</MinClientVersion>
      <Tags>{"primaryDeviceWidth":"1366","primaryDeviceHeight":"768","supportsPortrait":"false","supportsLandscape":"true","primaryFormFactor":"Tablet","publisherVersion":"3.23023.21","minimumRequiredApiVersion":"2.2.0","hasComponent":"true","hasUnlockedComponent":"true","isUnifiedRootApp":"false","sienaVersion":"20230308T194900Z-3.23023.21.0"}</Tags>
      <IsCdsUpgraded>0</IsCdsUpgraded>
      <GalleryItemId xsi:nil="true"></GalleryItemId>
      <BackgroundColor>rgba(0, 18, 107, 1)</BackgroundColor>
      <DisplayName>Cadastro de Fornecedor</DisplayName>
      <Description xsi:nil="true"></Description>
      <CommitMessage xsi:nil="true"></CommitMessage>
      <Publisher xsi:nil="true"></Publisher>
      <AuthorizationReferences>[]</AuthorizationReferences>
      <ConnectionReferences>{"fca6b3c3-5b90-4aeb-869b-3554277c314c":{"id":"/providers/microsoft.powerapps/apis/shared_sharepointonline","displayName":"SharePoint","iconUri":"https://connectoricons-prod.azureedge.net/u/laborbol/releases/ase-v3/1.0.1622.3202/sharepointonline/icon.png","dataSources":["010_cadastro_fornecedor","010_log","010_atualizacao_desbloqueio"],"dependencies":[],"dependents":[],"parameterHints":{},"parameterHintsV2":{},"isOnPremiseConnection":false,"bypassConsent":false,"dataSets":{"https://fresenius.sharepoint.com/teams/Team-FK-Business-Application-BR-Dev":{"datasetOverride":{"name":"https://fresenius.sharepoint.com/teams/Team-FK-Business-Application-BR-Dev","environmentVariableName":"kabi_010_site_app"},"dataSources":{"010_cadastro_fornecedor":{"tableName":"9b8b4049-629c-4c18-b629-b27fcc76f68b","tableNameOverride":{"name":"9b8b4049-629c-4c18-b629-b27fcc76f68b","environmentVariableName":"kabi_010_cadastro_fornecedor"}},"010_log":{"tableName":"b23d228a-320f-431c-a6b4-b74ef8daa482","tableNameOverride":{"name":"b23d228a-320f-431c-a6b4-b74ef8daa482","environmentVariableName":"kabi_010_log"}},"010_atualizacao_desbloqueio":{"tableName":"588f13be-6c08-40cc-ad4d-2da25e4b7bc9","tableNameOverride":{"name":"588f13be-6c08-40cc-ad4d-2da25e4b7bc9","environmentVariableName":"kabi_010_atualizacao_desbloqueio"}}}}},"apiTier":"Standard","actions":["providers/PowerPlatform.Governance/Operations/Read","providers/PowerPlatform.Governance/Operations/Write"]},"c80b82fc-6775-495e-858c-4f167c016310":{"id":"/providers/microsoft.powerapps/apis/shared_office365users","displayName":"Office 365 Users","iconUri":"https://connectoricons-prod.azureedge.net/u/laborbol/releases/ase-v3/1.0.1622.3202/office365users/icon.png","dataSources":["Office365Users"],"dependencies":[],"dependents":[],"parameterHints":{},"parameterHintsV2":{},"isOnPremiseConnection":false,"bypassConsent":false,"dataSets":{},"apiTier":"Standard","actions":["SearchUserV2"]}}</ConnectionReferences>
      <DatabaseReferences>{"default.cds":{"databaseDetails":{"referenceType":"Environmental","environmentName":"default.cds","overrideValues":{"status":"NotSpecified"}},"dataSources":{},"components":[{"componentName":"CustomControl","identifier":"cat_PowerCAT.ContextMenu","identifierType":"LogicalName","capabilities":{"pcfExternalServiceUsageAllowed":false}},{"componentName":"CustomControl","identifier":"cat_PowerCAT.Icon","identifierType":"LogicalName","capabilities":{"pcfExternalServiceUsageAllowed":false}},{"componentName":"CustomControl","identifier":"cat_PowerCAT.Icon","identifierType":"LogicalName","capabilities":{"pcfExternalServiceUsageAllowed":false}},{"componentName":"CustomControl","identifier":"cat_PowerCAT.ContextMenu","identifierType":"LogicalName","capabilities":{"pcfExternalServiceUsageAllowed":false}},{"componentName":"CustomControl","identifier":"cat_PowerCAT.Icon","identifierType":"LogicalName","capabilities":{"pcfExternalServiceUsageAllowed":false}},{"componentName":"CustomControl","identifier":"cat_PowerCAT.Icon","identifierType":"LogicalName","capabilities":{"pcfExternalServiceUsageAllowed":false}}]}}</DatabaseReferences>
      <AppComponents>[]</AppComponents>
      <AppComponentDependencies>[{"appComponentName":"389dbf1058914b528d4cca350970a482","appName":"fdaecea3-9f20-4a19-9eb8-4940747501ba","appComponentLibraryName":"4566112a-8238-4e07-a0f5-6fbb4d911839","appComponentLibraryVersion":"2022-12-29T17:46:19Z","appComponentLibraryLogicalName":"crbb5_appinformations_fcf01","environmentName":"5ff56345-fd52-e122-ac5d-dbecca0e2a54"}]</AppComponentDependencies>
      <CanConsumeAppPass>1</CanConsumeAppPass>
      <CanvasAppType>0</CanvasAppType>
      <BypassConsent>0</BypassConsent>
      <AdminControlBypassConsent>0</AdminControlBypassConsent>
      <EmbeddedApp xsi:nil="true"></EmbeddedApp>
      <IntroducedVersion>1.0</IntroducedVersion>
      <CdsDependencies>{"cdsdependencies":[{"dependencyid":"","logicalname":"cat_PowerCAT.ContextMenu","componenttype":66,"componenttypeplatformname":"CustomControl"},{"dependencyid":"","logicalname":"cat_PowerCAT.Icon","componenttype":66,"componenttypeplatformname":"CustomControl"},{"dependencyid":"","logicalname":"cat_PowerCAT.Icon","componenttype":66,"componenttypeplatformname":"CustomControl"},{"dependencyid":"","logicalname":"cat_PowerCAT.ContextMenu","componenttype":66,"componenttypeplatformname":"CustomControl"},{"dependencyid":"","logicalname":"cat_PowerCAT.Icon","componenttype":66,"componenttypeplatformname":"CustomControl"},{"dependencyid":"","logicalname":"cat_PowerCAT.Icon","componenttype":66,"componenttypeplatformname":"CustomControl"},{"logicalname":"kabi_010_site_app","componenttype":380,"componenttypeplatformname":"EnvironmentVariableDefinition"},{"logicalname":"kabi_010_cadastro_fornecedor","componenttype":380,"componenttypeplatformname":"EnvironmentVariableDefinition"},{"logicalname":"kabi_010_log","componenttype":380,"componenttypeplatformname":"EnvironmentVariableDefinition"},{"logicalname":"kabi_010_atualizacao_desbloqueio","componenttype":380,"componenttypeplatformname":"EnvironmentVariableDefinition"},{"logicalname":"crbb5_appinformations_fcf01","componenttype":300,"componenttypeplatformname":"CanvasApp"}]}</CdsDependencies>
      <IsCustomizable>1</IsCustomizable>
      <BackgroundImageUri>/CanvasApps/kabi_cadastrodefornecedor_3e2df_BackgroundImageUri</BackgroundImageUri>
      <DocumentUri>/CanvasApps/kabi_cadastrodefornecedor_3e2df_DocumentUri.msapp</DocumentUri>
    </CanvasApp>
  </CanvasApps>
  <connectionreferences>
    <connectionreference connectionreferencelogicalname="kabi_010_office365outlook">
      <connectionreferencedisplayname>010_office365outlook</connectionreferencedisplayname>
      <connectorid>/providers/Microsoft.PowerApps/apis/shared_office365</connectorid>
      <iscustomizable>1</iscustomizable>
      <statecode>0</statecode>
      <statuscode>1</statuscode>
    </connectionreference>
    <connectionreference connectionreferencelogicalname="kabi_010_sharepoint">
      <connectionreferencedisplayname>010_sharepoint</connectionreferencedisplayname>
      <connectorid>/providers/Microsoft.PowerApps/apis/shared_sharepointonline</connectorid>
      <iscustomizable>1</iscustomizable>
      <statecode>0</statecode>
      <statuscode>1</statuscode>
    </connectionreference>
  </connectionreferences>
  <Languages>
    <Language>1033</Language>
  </Languages>
</ImportExportXml>