<environmentvariabledefinition schemaname="kabi_app_link">
  <defaultvalue> https://apps.powerapps.com/play/3ee05486-026b-40af-ae55-db04a7ac98d0?tenantId=c98df534-5e36-459a-ac3f-8c2e449863bd</defaultvalue>
  <displayname default="008_app_link">
    <label description="008_app_link" languagecode="1033" />
  </displayname>
  <introducedversion>1.2.0.3</introducedversion>
  <iscustomizable>1</iscustomizable>
  <isrequired>0</isrequired>
  <secretstore>0</secretstore>
  <type>100000000</type>
</environmentvariabledefinition>