<ImportExportXml xmlns:xsi="http://www.w3.org/2001/XMLSchema-instance">
  <Entities></Entities>
  <Roles></Roles>
  <Workflows></Workflows>
  <FieldSecurityProfiles></FieldSecurityProfiles>
  <Templates />
  <EntityMaps />
  <EntityRelationships />
  <OrganizationSettings />
  <optionsets />
  <CustomControls />
  <EntityDataProviders />
  <CanvasApps>
    <CanvasApp>
      <Name>kabi_formscomponents_8af99</Name>
      <AppVersion>2023-01-30T13:11:45Z</AppVersion>
      <Status>Ready</Status>
      <CreatedByClientVersion>3.23013.12.0</CreatedByClientVersion>
      <MinClientVersion>3.23013.12.0</MinClientVersion>
      <Tags>{"primaryDeviceWidth":"600","primaryDeviceHeight":"50","supportsPortrait":"true","supportsLandscape":"true","primaryFormFactor":"Phone","publisherVersion":"3.23013.12","minimumRequiredApiVersion":"2.2.0","hasComponent":"true","hasUnlockedComponent":"true","isUnifiedRootApp":"false","sienaVersion":"20230130T001256Z-3.23013.12.0"}</Tags>
      <IsCdsUpgraded>0</IsCdsUpgraded>
      <GalleryItemId xsi:nil="true"></GalleryItemId>
      <BackgroundColor>RGBA(251,101,60,255)</BackgroundColor>
      <DisplayName>Forms_components</DisplayName>
      <Description xsi:nil="true"></Description>
      <CommitMessage xsi:nil="true"></CommitMessage>
      <Publisher xsi:nil="true"></Publisher>
      <AuthorizationReferences>[]</AuthorizationReferences>
      <ConnectionReferences>{}</ConnectionReferences>
      <DatabaseReferences>{}</DatabaseReferences>
      <AppComponents>[{"appComponentName":"c30ee72226ec4925b07e7ac6a3e522e2","displayName":"Input_simpletext","appName":"4a154457-487a-432d-bdd8-4d3989facac9","appVersion":"2023-01-30T13:11:45Z","appComponentLibraryLogicalName":"kabi_formscomponents_8af99","appDisplayName":"Forms_components","environmentName":"5ff56345-fd52-e122-ac5d-dbecca0e2a54","owner":{"id":"dceec744-40f5-461d-bc41-876c943542f9","displayName":"Sharepoint - Fresenius Kabi Brasil","email":"TUEK1-PAPAB-BRZ-IT@fresenius-kabi.com","type":"User","tenantId":"c98df534-5e36-459a-ac3f-8c2e449863bd","userPrincipalName":"TUEK1-PAPAB-BRZ-IT@fresenius-kabi.com"},"allowCustomization":true,"createdOn":"2023-01-21T20:32:02.129Z","lastModifiedOn":"2023-01-30T13:09:27.32Z","connectionReferences":{},"databaseReferences":{}},{"appComponentName":"e49847426ca6451e9e99e0f9770b626b","displayName":"Input_choice1","appName":"4a154457-487a-432d-bdd8-4d3989facac9","appVersion":"2023-01-30T13:11:45Z","appComponentLibraryLogicalName":"kabi_formscomponents_8af99","appDisplayName":"Forms_components","environmentName":"5ff56345-fd52-e122-ac5d-dbecca0e2a54","owner":{"id":"dceec744-40f5-461d-bc41-876c943542f9","displayName":"Sharepoint - Fresenius Kabi Brasil","email":"TUEK1-PAPAB-BRZ-IT@fresenius-kabi.com","type":"User","tenantId":"c98df534-5e36-459a-ac3f-8c2e449863bd","userPrincipalName":"TUEK1-PAPAB-BRZ-IT@fresenius-kabi.com"},"allowCustomization":true,"createdOn":"2023-01-21T20:32:02.129Z","lastModifiedOn":"2023-01-30T13:09:27.32Z","connectionReferences":{},"databaseReferences":{}},{"appComponentName":"cf08b023d56d4bccb911a9818e6ce403","displayName":"Input_choice2","appName":"4a154457-487a-432d-bdd8-4d3989facac9","appVersion":"2023-01-30T13:11:45Z","appComponentLibraryLogicalName":"kabi_formscomponents_8af99","appDisplayName":"Forms_components","environmentName":"5ff56345-fd52-e122-ac5d-dbecca0e2a54","owner":{"id":"dceec744-40f5-461d-bc41-876c943542f9","displayName":"Sharepoint - Fresenius Kabi Brasil","email":"TUEK1-PAPAB-BRZ-IT@fresenius-kabi.com","type":"User","tenantId":"c98df534-5e36-459a-ac3f-8c2e449863bd","userPrincipalName":"TUEK1-PAPAB-BRZ-IT@fresenius-kabi.com"},"allowCustomization":true,"createdOn":"2023-01-21T20:32:02.129Z","lastModifiedOn":"2023-01-30T13:09:27.32Z","connectionReferences":{},"databaseReferences":{}},{"appComponentName":"d3b440768f7d4e92ab8857440eac9a92","displayName":"Input_multiline","appName":"4a154457-487a-432d-bdd8-4d3989facac9","appVersion":"2023-01-30T13:11:45Z","appComponentLibraryLogicalName":"kabi_formscomponents_8af99","appDisplayName":"Forms_components","environmentName":"5ff56345-fd52-e122-ac5d-dbecca0e2a54","owner":{"id":"dceec744-40f5-461d-bc41-876c943542f9","displayName":"Sharepoint - Fresenius Kabi Brasil","email":"TUEK1-PAPAB-BRZ-IT@fresenius-kabi.com","type":"User","tenantId":"c98df534-5e36-459a-ac3f-8c2e449863bd","userPrincipalName":"TUEK1-PAPAB-BRZ-IT@fresenius-kabi.com"},"allowCustomization":true,"createdOn":"2023-01-21T20:32:02.129Z","lastModifiedOn":"2023-01-30T13:09:27.32Z","connectionReferences":{},"databaseReferences":{}},{"appComponentName":"815544963d6448d7a3e4590c0ce7341b","displayName":"Input_date","appName":"4a154457-487a-432d-bdd8-4d3989facac9","appVersion":"2023-01-30T13:11:45Z","appComponentLibraryLogicalName":"kabi_formscomponents_8af99","appDisplayName":"Forms_components","environmentName":"5ff56345-fd52-e122-ac5d-dbecca0e2a54","owner":{"id":"dceec744-40f5-461d-bc41-876c943542f9","displayName":"Sharepoint - Fresenius Kabi Brasil","email":"TUEK1-PAPAB-BRZ-IT@fresenius-kabi.com","type":"User","tenantId":"c98df534-5e36-459a-ac3f-8c2e449863bd","userPrincipalName":"TUEK1-PAPAB-BRZ-IT@fresenius-kabi.com"},"allowCustomization":true,"createdOn":"2023-01-21T20:32:02.129Z","lastModifiedOn":"2023-01-30T13:09:27.32Z","connectionReferences":{},"databaseReferences":{}},{"appComponentName":"de4d2436769d4e5a94c1bc1578b6fb8a","displayName":"Separator","appName":"4a154457-487a-432d-bdd8-4d3989facac9","appVersion":"2023-01-30T13:11:45Z","appComponentLibraryLogicalName":"kabi_formscomponents_8af99","appDisplayName":"Forms_components","environmentName":"5ff56345-fd52-e122-ac5d-dbecca0e2a54","owner":{"id":"dceec744-40f5-461d-bc41-876c943542f9","displayName":"Sharepoint - Fresenius Kabi Brasil","email":"TUEK1-PAPAB-BRZ-IT@fresenius-kabi.com","type":"User","tenantId":"c98df534-5e36-459a-ac3f-8c2e449863bd","userPrincipalName":"TUEK1-PAPAB-BRZ-IT@fresenius-kabi.com"},"allowCustomization":true,"createdOn":"2023-01-21T20:32:02.129Z","lastModifiedOn":"2023-01-30T13:09:27.32Z","connectionReferences":{},"databaseReferences":{}}]</AppComponents>
      <AppComponentDependencies>[]</AppComponentDependencies>
      <CanConsumeAppPass>1</CanConsumeAppPass>
      <CanvasAppType>1</CanvasAppType>
      <BypassConsent>0</BypassConsent>
      <AdminControlBypassConsent>0</AdminControlBypassConsent>
      <EmbeddedApp xsi:nil="true"></EmbeddedApp>
      <IntroducedVersion>1.0</IntroducedVersion>
      <CdsDependencies>{"cdsdependencies":[]}</CdsDependencies>
      <IsCustomizable>1</IsCustomizable>
      <BackgroundImageUri>/CanvasApps/kabi_formscomponents_8af99_BackgroundImageUri</BackgroundImageUri>
      <DocumentUri>/CanvasApps/kabi_formscomponents_8af99_DocumentUri.msapp</DocumentUri>
    </CanvasApp>
    <CanvasApp>
      <Name>crbb5_appinformations_fcf01</Name>
      <AppVersion>2022-12-29T17:46:19Z</AppVersion>
      <Status>Ready</Status>
      <CreatedByClientVersion>3.22122.15.0</CreatedByClientVersion>
      <MinClientVersion>3.22122.15.0</MinClientVersion>
      <Tags>{"primaryDeviceWidth":"1366","primaryDeviceHeight":"768","supportsPortrait":"true","supportsLandscape":"true","primaryFormFactor":"Phone","publisherVersion":"3.22122.15","minimumRequiredApiVersion":"2.2.0","hasComponent":"true","hasUnlockedComponent":"true","isUnifiedRootApp":"false","sienaVersion":"20221229T155015Z-3.22122.15.0"}</Tags>
      <IsCdsUpgraded>0</IsCdsUpgraded>
      <GalleryItemId xsi:nil="true"></GalleryItemId>
      <BackgroundColor>RGBA(251,101,60,255)</BackgroundColor>
      <DisplayName>App_informations</DisplayName>
      <Description xsi:nil="true"></Description>
      <CommitMessage xsi:nil="true"></CommitMessage>
      <Publisher xsi:nil="true"></Publisher>
      <AuthorizationReferences>[]</AuthorizationReferences>
      <ConnectionReferences>{"092aafa1-116c-4fb2-a0f8-59e3932019e5":{"id":"/providers/microsoft.powerapps/apis/shared_sharepointonline","displayName":"SharePoint","iconUri":"https://connectoricons-prod.azureedge.net/u/juanq/gateway/greyhound/3000.150.11/1.0.1613.3116/sharepointonline/icon.png","dataSources":["Fornecedores"],"dependencies":[],"dependents":[],"parameterHints":{},"parameterHintsV2":{},"isOnPremiseConnection":false,"bypassConsent":false,"dataSets":{"https://fresenius.sharepoint.com/teams/Team-FK-BR-TI-BusinessApplications":{"dataSources":{"Fornecedores":{"tableName":"ebfe9db7-9b97-4036-b994-d9bd00589b02"}}}},"apiTier":"Standard","actions":["providers/PowerPlatform.Governance/Operations/Read"]}}</ConnectionReferences>
      <DatabaseReferences>{}</DatabaseReferences>
      <AppComponents>[{"appComponentName":"389dbf1058914b528d4cca350970a482","displayName":"cAppBar","appName":"4566112a-8238-4e07-a0f5-6fbb4d911839","appVersion":"2022-12-29T17:46:19Z","appComponentLibraryLogicalName":"crbb5_appinformations_fcf01","appDisplayName":"App_informations","environmentName":"5ff56345-fd52-e122-ac5d-dbecca0e2a54","owner":{"id":"dceec744-40f5-461d-bc41-876c943542f9","displayName":"Sharepoint - Fresenius Kabi Brasil","email":"TUEK1-PAPAB-BRZ-IT@fresenius-kabi.com","type":"User","tenantId":"c98df534-5e36-459a-ac3f-8c2e449863bd","userPrincipalName":"TUEK1-PAPAB-BRZ-IT@fresenius-kabi.com"},"allowCustomization":true,"createdOn":"2022-12-07T12:19:00.381Z","lastModifiedOn":"2022-12-29T17:40:24.42Z","connectionReferences":{"092aafa1-116c-4fb2-a0f8-59e3932019e5":{"id":"/providers/microsoft.powerapps/apis/shared_sharepointonline","dataSources":["Fornecedores"],"dependencies":[],"dependents":[],"parameterHints":{},"parameterHintsV2":{},"isOnPremiseConnection":false,"dataSets":{"https://fresenius.sharepoint.com/teams/Team-FK-BR-TI-BusinessApplications":{"dataSources":{"Fornecedores":{"tableName":"ebfe9db7-9b97-4036-b994-d9bd00589b02"}}}},"actions":["providers/PowerPlatform.Governance/Operations/Read"]}},"databaseReferences":{}},{"appComponentName":"2da09d597c024d158eebd4610131a936","displayName":"cButton","appName":"4566112a-8238-4e07-a0f5-6fbb4d911839","appVersion":"2022-12-29T17:46:19Z","appComponentLibraryLogicalName":"crbb5_appinformations_fcf01","appDisplayName":"App_informations","environmentName":"5ff56345-fd52-e122-ac5d-dbecca0e2a54","owner":{"id":"dceec744-40f5-461d-bc41-876c943542f9","displayName":"Sharepoint - Fresenius Kabi Brasil","email":"TUEK1-PAPAB-BRZ-IT@fresenius-kabi.com","type":"User","tenantId":"c98df534-5e36-459a-ac3f-8c2e449863bd","userPrincipalName":"TUEK1-PAPAB-BRZ-IT@fresenius-kabi.com"},"allowCustomization":true,"createdOn":"2022-12-07T12:19:00.381Z","lastModifiedOn":"2022-12-29T17:40:24.42Z","connectionReferences":{"092aafa1-116c-4fb2-a0f8-59e3932019e5":{"id":"/providers/microsoft.powerapps/apis/shared_sharepointonline","dataSources":["Fornecedores"],"dependencies":[],"dependents":[],"parameterHints":{},"parameterHintsV2":{},"isOnPremiseConnection":false,"dataSets":{"https://fresenius.sharepoint.com/teams/Team-FK-BR-TI-BusinessApplications":{"dataSources":{"Fornecedores":{"tableName":"ebfe9db7-9b97-4036-b994-d9bd00589b02"}}}},"actions":["providers/PowerPlatform.Governance/Operations/Read"]}},"databaseReferences":{}},{"appComponentName":"fafee1b99c3042d79d6845db4aad026a","displayName":"cGalleryFornecedores","appName":"4566112a-8238-4e07-a0f5-6fbb4d911839","appVersion":"2022-12-29T17:46:19Z","appComponentLibraryLogicalName":"crbb5_appinformations_fcf01","appDisplayName":"App_informations","environmentName":"5ff56345-fd52-e122-ac5d-dbecca0e2a54","owner":{"id":"dceec744-40f5-461d-bc41-876c943542f9","displayName":"Sharepoint - Fresenius Kabi Brasil","email":"TUEK1-PAPAB-BRZ-IT@fresenius-kabi.com","type":"User","tenantId":"c98df534-5e36-459a-ac3f-8c2e449863bd","userPrincipalName":"TUEK1-PAPAB-BRZ-IT@fresenius-kabi.com"},"allowCustomization":true,"createdOn":"2022-12-07T12:19:00.381Z","lastModifiedOn":"2022-12-29T17:40:24.42Z","connectionReferences":{"092aafa1-116c-4fb2-a0f8-59e3932019e5":{"id":"/providers/microsoft.powerapps/apis/shared_sharepointonline","dataSources":["Fornecedores"],"dependencies":[],"dependents":[],"parameterHints":{},"parameterHintsV2":{},"isOnPremiseConnection":false,"dataSets":{"https://fresenius.sharepoint.com/teams/Team-FK-BR-TI-BusinessApplications":{"dataSources":{"Fornecedores":{"tableName":"ebfe9db7-9b97-4036-b994-d9bd00589b02"}}}},"actions":["providers/PowerPlatform.Governance/Operations/Read"]}},"databaseReferences":{}}]</AppComponents>
      <AppComponentDependencies>[]</AppComponentDependencies>
      <CanConsumeAppPass>1</CanConsumeAppPass>
      <CanvasAppType>1</CanvasAppType>
      <BypassConsent>0</BypassConsent>
      <AdminControlBypassConsent>0</AdminControlBypassConsent>
      <EmbeddedApp xsi:nil="true"></EmbeddedApp>
      <IntroducedVersion>1.0</IntroducedVersion>
      <CdsDependencies>{"cdsdependencies":[]}</CdsDependencies>
      <IsCustomizable>1</IsCustomizable>
      <BackgroundImageUri>/CanvasApps/crbb5_appinformations_fcf01_BackgroundImageUri</BackgroundImageUri>
      <DocumentUri>/CanvasApps/crbb5_appinformations_fcf01_DocumentUri.msapp</DocumentUri>
    </CanvasApp>
  </CanvasApps>
  <Languages>
    <Language>1033</Language>
  </Languages>
</ImportExportXml>