{
  "properties": {
    "connectionReferences": {
      "shared_sharepointonline_1": {
        "runtimeSource": "invoker",
        "connection": {
          "connectionReferenceLogicalName": "kabi_023_sharepoint"
        },
        "api": {
          "name": "shared_sharepointonline"
        }
      },
      "shared_office365_1": {
        "runtimeSource": "invoker",
        "connection": {
          "connectionReferenceLogicalName": "kabi_023_office365outlook"
        },
        "api": {
          "name": "shared_office365"
        }
      }
    },
    "definition": {
      "$schema": "https://schema.management.azure.com/providers/Microsoft.Logic/schemas/2016-06-01/workflowdefinition.json#",
      "contentVersion": "1.0.0.0",
      "parameters": {
        "$connections": {
          "defaultValue": {},
          "type": "Object"
        },
        "$authentication": {
          "defaultValue": {},
          "type": "SecureObject"
        },
        "023_site_app (kabi_023_site_app)": {
          "defaultValue": "https://fresenius.sharepoint.com/teams/Team-FK-Business-Application-BR-Dev",
          "type": "String",
          "metadata": {
            "schemaName": "kabi_023_site_app"
          }
        },
        "023_processos (kabi_023_processos)": {
          "defaultValue": "38664af3-e5b6-488b-8531-7f83998bd16e",
          "type": "String",
          "metadata": {
            "schemaName": "kabi_023_processos"
          }
        },
        "023_log (kabi_023_log)": {
          "defaultValue": "b23d228a-320f-431c-a6b4-b74ef8daa482",
          "type": "String",
          "metadata": {
            "schemaName": "kabi_023_log"
          }
        }
      },
      "triggers": {
        "manual": {
          "metadata": {
            "operationMetadataId": "c1c5def5-c4e6-42d9-97b1-5466fc622729"
          },
          "type": "Request",
          "kind": "PowerAppV2",
          "inputs": {
            "schema": {
              "type": "object",
              "properties": {
                "text": {
                  "title": "Item",
                  "type": "string",
                  "x-ms-dynamically-added": true,
                  "description": "Please enter your input",
                  "x-ms-content-hint": "TEXT"
                }
              },
              "required": [
                "text"
              ]
            }
          }
        }
      },
      "actions": {
        "Compose_-_item": {
          "runAfter": {},
          "metadata": {
            "operationMetadataId": "b2bc9d90-4c9c-4e88-a689-27057828d234"
          },
          "type": "Compose",
          "inputs": "@triggerBody()['text']"
        },
        "Parse_JSON": {
          "runAfter": {
            "Compose_-_item": [
              "Succeeded"
            ]
          },
          "metadata": {
            "operationMetadataId": "32404cbb-e186-4cd9-87b8-f43cafb3dbd6"
          },
          "type": "ParseJson",
          "inputs": {
            "content": "@outputs('Compose_-_item')",
            "schema": {
              "type": "object",
              "properties": {
                "Attachments": {
                  "type": "array",
                  "items": {
                    "type": "object",
                    "properties": {
                      "Name": {
                        "type": "string"
                      },
                      "Base64": {
                        "type": "string"
                      }
                    },
                    "required": [
                      "Name",
                      "Base64"
                    ]
                  }
                },
                "Action": {
                  "type": "string"
                },
                "Comments": {
                  "type": "string"
                },
                "Agent": {
                  "type": "string"
                },
                "Date": {
                  "type": "string"
                },
                "Item_ID": {
                  "type": "integer"
                },
                "To": {
                  "type": "array",
                  "items": {
                    "type": "object",
                    "properties": {
                      "Mail": {
                        "type": "string"
                      }
                    }
                  }
                }
              }
            }
          }
        },
        "Initialize_variable_-_To_string": {
          "runAfter": {
            "Initialize_variable_-_To_array": [
              "Succeeded"
            ]
          },
          "metadata": {
            "operationMetadataId": "5465ca64-1b8d-4e57-9897-d2105994e789"
          },
          "type": "InitializeVariable",
          "inputs": {
            "variables": [
              {
                "name": "to_string",
                "type": "string"
              }
            ]
          }
        },
        "Initialize_variable_-_item_link": {
          "runAfter": {
            "Initialize_variable_-_To_string": [
              "Succeeded"
            ]
          },
          "metadata": {
            "operationMetadataId": "87f4aebe-9438-46fa-955f-211bb31e6ade"
          },
          "type": "InitializeVariable",
          "inputs": {
            "variables": [
              {
                "name": "item_link",
                "type": "string"
              }
            ]
          }
        },
        "Initialize_variable_-_To_array": {
          "runAfter": {
            "Parse_JSON": [
              "Succeeded"
            ]
          },
          "metadata": {
            "operationMetadataId": "6b5e0627-b2e0-435a-8f19-88ecf2daa8d8"
          },
          "type": "InitializeVariable",
          "inputs": {
            "variables": [
              {
                "name": "To_array",
                "type": "array"
              }
            ]
          }
        },
        "Get_item": {
          "runAfter": {
            "If_to_not_blank": [
              "Succeeded"
            ]
          },
          "metadata": {
            "operationMetadataId": "7dc710cf-33bc-4aad-beb7-f5ec3bb05207"
          },
          "type": "OpenApiConnection",
          "inputs": {
            "host": {
              "connectionName": "shared_sharepointonline_1",
              "operationId": "GetItem",
              "apiId": "/providers/Microsoft.PowerApps/apis/shared_sharepointonline"
            },
            "parameters": {
              "dataset": "@parameters('023_site_app (kabi_023_site_app)')",
              "table": "@parameters('023_processos (kabi_023_processos)')",
              "id": "@body('Parse_JSON')?['Item_ID']"
            },
            "authentication": "@parameters('$authentication')"
          }
        },
        "If_to_not_blank": {
          "actions": {
            "Apply_to_each": {
              "foreach": "@body('Parse_JSON')?['To']",
              "actions": {
                "Append_to_string_variable_-_To_string": {
                  "runAfter": {
                    "Append_to_array_variable_-_To_array": [
                      "Succeeded"
                    ]
                  },
                  "metadata": {
                    "operationMetadataId": "6e3a6b9b-f3b8-450f-b2b6-06cf65092e52"
                  },
                  "type": "AppendToStringVariable",
                  "inputs": {
                    "name": "to_string",
                    "value": "@{items('Apply_to_each')['Mail']};"
                  }
                },
                "Compose": {
                  "runAfter": {},
                  "metadata": {
                    "operationMetadataId": "6ba9ab2f-3687-4192-95e5-e0a36792147c"
                  },
                  "type": "Compose",
                  "inputs": "@items('Apply_to_each')"
                },
                "Append_to_array_variable_-_To_array": {
                  "runAfter": {
                    "Compose": [
                      "Succeeded"
                    ]
                  },
                  "metadata": {
                    "operationMetadataId": "57d3ceb7-8d4a-4a2f-9688-bef863836e4a"
                  },
                  "type": "AppendToArrayVariable",
                  "inputs": {
                    "name": "To_array",
                    "value": {
                      "Claims": "@items('Apply_to_each')['Mail']"
                    }
                  }
                }
              },
              "runAfter": {},
              "metadata": {
                "operationMetadataId": "931ae5cf-45b3-41bd-9230-c2e87ab442b8"
              },
              "type": "Foreach"
            }
          },
          "runAfter": {
            "Initialize_variable_-_item_link": [
              "Succeeded"
            ]
          },
          "expression": {
            "not": {
              "equals": [
                "@body('Parse_JSON')?['To']",
                "@null"
              ]
            }
          },
          "metadata": {
            "operationMetadataId": "09010b49-2d8d-4b53-8a74-7ad28e8726e1"
          },
          "type": "If"
        },
        "Scope_-_create_comment": {
          "actions": {
            "Create_item_-_comment": {
              "runAfter": {},
              "metadata": {
                "operationMetadataId": "8cfd0faf-fa8b-4e47-a8c8-8ae9e118ef44"
              },
              "type": "OpenApiConnection",
              "inputs": {
                "host": {
                  "connectionName": "shared_sharepointonline_1",
                  "operationId": "PostItem",
                  "apiId": "/providers/Microsoft.PowerApps/apis/shared_sharepointonline"
                },
                "parameters": {
                  "dataset": "@parameters('023_site_app (kabi_023_site_app)')",
                  "table": "@parameters('023_log (kabi_023_log)')",
                  "item/Title": "SESMT",
                  "item/Item_ID": "@body('Parse_JSON')?['Item_ID']",
                  "item/Date": "@body('Parse_JSON')?['Date']",
                  "item/Action": "@body('Parse_JSON')?['Action']",
                  "item/Agent": [
                    {
                      "Claims": "@body('Parse_JSON')?['Agent']"
                    }
                  ],
                  "item/Comments": "@body('Parse_JSON')?['Comments']",
                  "item/To": "@variables('To_array')"
                },
                "authentication": "@parameters('$authentication')"
              }
            },
            "Attachments": {
              "foreach": "@body('Parse_JSON')?['Attachments']",
              "actions": {
                "Add_attachment": {
                  "runAfter": {},
                  "metadata": {
                    "operationMetadataId": "84219201-16ea-417c-a4ac-1e2f73a289fd"
                  },
                  "type": "OpenApiConnection",
                  "inputs": {
                    "host": {
                      "connectionName": "shared_sharepointonline_1",
                      "operationId": "CreateAttachment",
                      "apiId": "/providers/Microsoft.PowerApps/apis/shared_sharepointonline"
                    },
                    "parameters": {
                      "dataset": "@parameters('023_site_app (kabi_023_site_app)')",
                      "table": "@parameters('023_log (kabi_023_log)')",
                      "itemId": "@outputs('Create_item_-_comment')?['body/ID']",
                      "displayName": "@Items('Attachments')['Name']",
                      "body": "@base64ToBinary(Items('Attachments')['Base64'])"
                    },
                    "authentication": "@parameters('$authentication')"
                  }
                }
              },
              "runAfter": {
                "Create_item_-_comment": [
                  "Succeeded"
                ]
              },
              "metadata": {
                "operationMetadataId": "b55a94df-3d95-4b2a-af6e-11c1361e7a18"
              },
              "type": "Foreach"
            }
          },
          "runAfter": {
            "Get_item": [
              "Succeeded"
            ]
          },
          "metadata": {
            "operationMetadataId": "9699a858-9871-4e36-9074-4f8a3a3e8dfa"
          },
          "type": "Scope"
        },
        "Scope_-_notifications": {
          "actions": {
            "Send_an_email_(V2)": {
              "runAfter": {},
              "metadata": {
                "operationMetadataId": "13d85aba-6599-4552-a35d-80975d9c2d8d"
              },
              "type": "OpenApiConnection",
              "inputs": {
                "host": {
                  "connectionName": "shared_office365_1",
                  "operationId": "SendEmailV2",
                  "apiId": "/providers/Microsoft.PowerApps/apis/shared_office365"
                },
                "parameters": {
                  "emailMessage/To": "@{outputs('Get_item')?['body/Author/Email']};@{variables('to_string')}",
                  "emailMessage/Subject": "SESMT - Comentário adicionado ID: @{body('Parse_JSON')?['Item_ID']} - @{outputs('Get_item')?['body/Tipo/Value']}/@{outputs('Get_item')?['body/Nome']}",
                  "emailMessage/Body": "<p>@{body('Parse_JSON')?['Agent']}:<br>\n<br>\n\"@{outputs('Create_item_-_comment')?['body/Comments']}\"<br>\n-@{formatDateTime(body('Parse_JSON')?['Date'],'dd/MM/yyyy HH:mm tt')}</p>",
                  "emailMessage/Importance": "Normal"
                },
                "authentication": "@parameters('$authentication')"
              }
            }
          },
          "runAfter": {
            "Scope_-_create_comment": [
              "Succeeded"
            ]
          },
          "metadata": {
            "operationMetadataId": "d9690d62-e847-41c1-92e8-86e7dce731a5"
          },
          "type": "Scope"
        }
      }
    },
    "templateName": ""
  },
  "schemaVersion": "1.0.0.0"
}