{
  "properties": {
    "connectionReferences": {
      "shared_sharepointonline_1": {
        "runtimeSource": "embedded",
        "connection": {
          "connectionReferenceLogicalName": "kabi_023_sharepoint"
        },
        "api": {
          "name": "shared_sharepointonline"
        }
      },
      "shared_office365_1": {
        "runtimeSource": "embedded",
        "connection": {
          "connectionReferenceLogicalName": "kabi_023_office365outlook"
        },
        "api": {
          "name": "shared_office365"
        }
      }
    },
    "definition": {
      "$schema": "https://schema.management.azure.com/providers/Microsoft.Logic/schemas/2016-06-01/workflowdefinition.json#",
      "contentVersion": "1.0.0.0",
      "parameters": {
        "$connections": {
          "defaultValue": {},
          "type": "Object"
        },
        "$authentication": {
          "defaultValue": {},
          "type": "SecureObject"
        },
        "023_site_app (kabi_023_site_app)": {
          "defaultValue": "https://fresenius.sharepoint.com/teams/Team-FK-Business-Application-BR-Dev",
          "type": "String",
          "metadata": {
            "schemaName": "kabi_023_site_app"
          }
        },
        "023_processos (kabi_023_processos)": {
          "defaultValue": "38664af3-e5b6-488b-8531-7f83998bd16e",
          "type": "String",
          "metadata": {
            "schemaName": "kabi_023_processos"
          }
        },
        "023_adm_sesmt_usuarios (kabi_023_adm_sesmt_usuarios)": {
          "defaultValue": "d5f1c25d-350c-485f-9b36-b53b0e37978c",
          "type": "String",
          "metadata": {
            "schemaName": "kabi_023_adm_sesmt_usuarios"
          }
        }
      },
      "triggers": {
        "manual": {
          "metadata": {
            "operationMetadataId": "983f4737-964d-4d8f-9c53-9a1865725545"
          },
          "type": "Request",
          "kind": "PowerAppV2",
          "inputs": {
            "schema": {
              "type": "object",
              "properties": {
                "number": {
                  "title": "ID",
                  "type": "number",
                  "x-ms-dynamically-added": true,
                  "description": "Please enter a number",
                  "x-ms-content-hint": "NUMBER"
                }
              },
              "required": [
                "number"
              ]
            }
          }
        }
      },
      "actions": {
        "Get_items": {
          "runAfter": {
            "Compose_-_Setor": [
              "Succeeded"
            ]
          },
          "metadata": {
            "operationMetadataId": "b3ecb17d-083b-4f33-9a37-892ea3724100"
          },
          "type": "OpenApiConnection",
          "inputs": {
            "host": {
              "connectionName": "shared_sharepointonline_1",
              "operationId": "GetItems",
              "apiId": "/providers/Microsoft.PowerApps/apis/shared_sharepointonline"
            },
            "parameters": {
              "dataset": "@parameters('023_site_app (kabi_023_site_app)')",
              "table": "@parameters('023_adm_sesmt_usuarios (kabi_023_adm_sesmt_usuarios)')",
              "$filter": "Title ne ''"
            },
            "authentication": "@parameters('$authentication')"
          }
        },
        "Compose_-_Unidade": {
          "runAfter": {
            "Initialize_variable_-_to": [
              "Succeeded"
            ]
          },
          "metadata": {
            "operationMetadataId": "0d9ad5ca-dfe1-4eda-8ec1-988c9d6de744"
          },
          "type": "Compose",
          "inputs": "@outputs('Get_item')?['body/Unidade/Value']"
        },
        "Filter_array": {
          "runAfter": {
            "Get_items": [
              "Succeeded"
            ]
          },
          "metadata": {
            "operationMetadataId": "1c7c7abb-020b-4373-936f-067f30450228"
          },
          "type": "Query",
          "inputs": {
            "from": "@outputs('Get_items')?['body/value']",
            "where": "@and(equals(item()?['Unidade/Value'], outputs('Get_item')?['body/Unidade/Value']),equals(item()?['Setor/Value'], outputs('Get_item')?['body/Setor/Value']))"
          }
        },
        "Initialize_variable_-_to": {
          "runAfter": {
            "Get_item": [
              "Succeeded"
            ]
          },
          "metadata": {
            "operationMetadataId": "078c7ee7-6453-4f7d-bf11-63833b140a98"
          },
          "type": "InitializeVariable",
          "inputs": {
            "variables": [
              {
                "name": "to",
                "type": "string"
              }
            ]
          }
        },
        "Compose_-_Setor": {
          "runAfter": {
            "Compose_-_Unidade": [
              "Succeeded"
            ]
          },
          "metadata": {
            "operationMetadataId": "e42254b6-2b4c-41ab-9c08-46336cae5e26"
          },
          "type": "Compose",
          "inputs": "@outputs('Get_item')?['body/Setor/Value']"
        },
        "Get_item": {
          "runAfter": {},
          "metadata": {
            "operationMetadataId": "5fa79f1c-8e6b-4f6d-98c8-945c151b0634"
          },
          "type": "OpenApiConnection",
          "inputs": {
            "host": {
              "connectionName": "shared_sharepointonline_1",
              "operationId": "GetItem",
              "apiId": "/providers/Microsoft.PowerApps/apis/shared_sharepointonline"
            },
            "parameters": {
              "dataset": "@parameters('023_site_app (kabi_023_site_app)')",
              "table": "@parameters('023_processos (kabi_023_processos)')",
              "id": "@triggerBody()['number']"
            },
            "authentication": "@parameters('$authentication')"
          }
        },
        "Send_an_email_(V2)": {
          "runAfter": {
            "Apply_to_each_2": [
              "Succeeded"
            ]
          },
          "metadata": {
            "operationMetadataId": "360b252d-9ef5-4e10-b105-52b2d91608ac"
          },
          "type": "OpenApiConnection",
          "inputs": {
            "host": {
              "connectionName": "shared_office365_1",
              "operationId": "SendEmailV2",
              "apiId": "/providers/Microsoft.PowerApps/apis/shared_office365"
            },
            "parameters": {
              "emailMessage/To": "@variables('to')",
              "emailMessage/Subject": "@{outputs('Get_item')?['body/Tipo/Value']} ID: @{outputs('Get_item')?['body/ID']} de @{outputs('Get_item')?['body/Author/DisplayName']} está @{outputs('Get_item')?['body/Status/Value']} @{if(equals(outputs('Get_item')?['body/Status/Value'],'Concluído'),'','para atualização da sua área.')}\n",
              "emailMessage/Body": "<p>ID: @{outputs('Get_item')?['body/ID']}<br>\nCriado em: @{formatdatetime(outputs('Get_item')?['body/Created'], 'dd/MM/yyyy HH:mm')}<br>\n<br>\n<br>\n@{outputs('Get_item')?['body/Tipo/Value']}<br>\nCPF: @{outputs('Get_item')?['body/CPF']}<br>\nNome: @{outputs('Get_item')?['body/Nome']}<br>\nTelefone: @{outputs('Get_item')?['body/Telefone']}<br>\nEmpresa: @{outputs('Get_item')?['body/Empresa/Value']}<br>\nUnidade: @{outputs('Get_item')?['body/Unidade/Value']}<br>\nFunção: @{outputs('Get_item')?['body/Cargo']}<br>\nCentro de Custo: @{outputs('Get_item')?['body/Centrodecusto/Value']}<br>\nSetor: @{outputs('Get_item')?['body/Setor0']}</p>",
              "emailMessage/Importance": "Normal"
            },
            "authentication": "@parameters('$authentication')"
          }
        },
        "Respond_to_a_PowerApp_or_flow": {
          "runAfter": {
            "Send_an_email_(V2)": [
              "Succeeded"
            ]
          },
          "metadata": {
            "operationMetadataId": "fce43c5a-27c1-43f6-aea2-2c708d329f87"
          },
          "type": "Response",
          "kind": "PowerApp",
          "inputs": {
            "statusCode": 200,
            "body": {},
            "schema": {
              "type": "object",
              "properties": {}
            }
          }
        },
        "Apply_to_each_2": {
          "foreach": "@body('Filter_array')",
          "actions": {
            "Condition": {
              "actions": {
                "Compose": {
                  "runAfter": {},
                  "metadata": {
                    "operationMetadataId": "238bc420-79ab-41cc-bc70-ac4245ef079e"
                  },
                  "type": "Compose",
                  "inputs": "@items('Apply_to_each_2')"
                },
                "Append_to_string_variable": {
                  "runAfter": {
                    "Compose": [
                      "Succeeded"
                    ]
                  },
                  "metadata": {
                    "operationMetadataId": "76a04e12-679f-4b21-ae48-08c8513a6a70"
                  },
                  "type": "AppendToStringVariable",
                  "inputs": {
                    "name": "to",
                    "value": "@{items('Apply_to_each_2')['Usuario']['Email']};"
                  }
                }
              },
              "runAfter": {
                "Join": [
                  "Succeeded"
                ]
              },
              "expression": {
                "contains": [
                  "@body('Join')",
                  "@outputs('Get_item')?['body/Tipo/Value']"
                ]
              },
              "metadata": {
                "operationMetadataId": "664c126f-aaf6-441a-bf3d-6d0348108ccf"
              },
              "type": "If"
            },
            "Compose_-_this_item": {
              "runAfter": {},
              "metadata": {
                "operationMetadataId": "a3589b57-d09d-445f-a978-20e135d00877"
              },
              "type": "Compose",
              "inputs": "@items('Apply_to_each_2')?['Tipo']"
            },
            "Parse_JSON": {
              "runAfter": {
                "Compose_-_this_item": [
                  "Succeeded"
                ]
              },
              "metadata": {
                "operationMetadataId": "09901138-edcf-4d8c-b6a8-fece7eee9c32"
              },
              "type": "ParseJson",
              "inputs": {
                "content": "@outputs('Compose_-_this_item')",
                "schema": {
                  "type": "array",
                  "items": {
                    "type": "object",
                    "properties": {
                      "@@odata.type": {
                        "type": "string"
                      },
                      "Id": {
                        "type": "integer"
                      },
                      "Value": {
                        "type": "string"
                      }
                    },
                    "required": [
                      "@@odata.type",
                      "Id",
                      "Value"
                    ]
                  }
                }
              }
            },
            "Select": {
              "runAfter": {
                "Parse_JSON": [
                  "Succeeded"
                ]
              },
              "metadata": {
                "operationMetadataId": "02afcf36-921b-4407-8691-f4095b1065ec"
              },
              "type": "Select",
              "inputs": {
                "from": "@body('Parse_JSON')",
                "select": "@item()['Value']"
              }
            },
            "Join": {
              "runAfter": {
                "Select": [
                  "Succeeded"
                ]
              },
              "metadata": {
                "operationMetadataId": "266bb079-2c75-40d6-a58c-3fcb73957cdf"
              },
              "type": "Join",
              "inputs": {
                "from": "@body('Select')",
                "joinWith": ";"
              }
            }
          },
          "runAfter": {
            "Filter_array": [
              "Succeeded"
            ]
          },
          "metadata": {
            "operationMetadataId": "7e257c6e-795b-4a71-b2d6-263a98104b05"
          },
          "type": "Foreach"
        }
      }
    },
    "templateName": ""
  },
  "schemaVersion": "1.0.0.0"
}