{
  "properties": {
    "connectionReferences": {
      "shared_sharepointonline_1": {
        "runtimeSource": "invoker",
        "connection": {
          "connectionReferenceLogicalName": "kabi_023_sharepoint"
        },
        "api": {
          "name": "shared_sharepointonline"
        }
      },
      "shared_excelonlinebusiness_1": {
        "runtimeSource": "invoker",
        "connection": {
          "connectionReferenceLogicalName": "kabi_023_excelonline"
        },
        "api": {
          "name": "shared_excelonlinebusiness"
        }
      }
    },
    "definition": {
      "$schema": "https://schema.management.azure.com/providers/Microsoft.Logic/schemas/2016-06-01/workflowdefinition.json#",
      "contentVersion": "1.0.0.0",
      "parameters": {
        "$connections": {
          "defaultValue": {},
          "type": "Object"
        },
        "$authentication": {
          "defaultValue": {},
          "type": "SecureObject"
        },
        "023_site_app (kabi_023_site_app)": {
          "defaultValue": "https://fresenius.sharepoint.com/teams/Team-FK-Business-Application-BR-Dev",
          "type": "String",
          "metadata": {
            "schemaName": "kabi_023_site_app"
          }
        },
        "023_adm_sesmt_usuarios (kabi_023_adm_sesmt_usuarios)": {
          "defaultValue": "d5f1c25d-350c-485f-9b36-b53b0e37978c",
          "type": "String",
          "metadata": {
            "schemaName": "kabi_023_adm_sesmt_usuarios"
          }
        },
        "023_adm_sesmt_unidades (kabi_023_adm_sesmt_unidades)": {
          "defaultValue": "786fa9f4-486f-45b5-9dc2-4f29ea3d7dd3",
          "type": "String",
          "metadata": {
            "schemaName": "kabi_023_adm_sesmt_unidades"
          }
        }
      },
      "triggers": {
        "manual": {
          "metadata": {
            "operationMetadataId": "aea24e85-eebc-4eee-af2d-891e0d69726d"
          },
          "type": "Request",
          "kind": "Button",
          "inputs": {
            "schema": {
              "type": "object",
              "properties": {},
              "required": []
            }
          }
        }
      },
      "actions": {
        "Get_items": {
          "runAfter": {},
          "metadata": {
            "operationMetadataId": "2a210eba-5040-4d39-8719-7f7cbdbb5a1d"
          },
          "type": "OpenApiConnection",
          "inputs": {
            "host": {
              "connectionName": "shared_sharepointonline_1",
              "operationId": "GetItems",
              "apiId": "/providers/Microsoft.PowerApps/apis/shared_sharepointonline"
            },
            "parameters": {
              "dataset": "@parameters('023_site_app (kabi_023_site_app)')",
              "table": "@parameters('023_adm_sesmt_unidades (kabi_023_adm_sesmt_unidades)')",
              "$filter": "Title ne ''"
            },
            "authentication": {
              "type": "Raw",
              "value": "@json(decodeBase64(triggerOutputs().headers['X-MS-APIM-Tokens']))['$ConnectionKey']"
            }
          }
        },
        "Apply_to_each": {
          "foreach": "@outputs('Get_items')?['body/value']",
          "actions": {
            "List_rows_present_in_a_table": {
              "runAfter": {},
              "metadata": {
                "01AAMKK2YNTFV4BLET7FFKUMO6KOOTSOMZ": "/SESMT/HeadCount - 202210 - SESMT.xlsx",
                "operationMetadataId": "13d7487b-53f9-44a5-816b-feb579f3d62f",
                "tableId": "{75B1939F-5465-40BE-994C-9C9DFDFA9DAC}"
              },
              "type": "OpenApiConnection",
              "inputs": {
                "host": {
                  "connectionName": "shared_excelonlinebusiness_1",
                  "operationId": "GetItems",
                  "apiId": "/providers/Microsoft.PowerApps/apis/shared_excelonlinebusiness"
                },
                "parameters": {
                  "source": "me",
                  "drive": "b!XsPYn8nsWEGdEGWpTWkYvXZ0Y9Om61pGinXEkab7O3_z13BvnVI6RqGXC0eMxl-C",
                  "file": "01AAMKK2YNTFV4BLET7FFKUMO6KOOTSOMZ",
                  "table": "{75B1939F-5465-40BE-994C-9C9DFDFA9DAC}",
                  "$filter": "Unidade eq '@{items('Apply_to_each')?['Title']}'"
                },
                "authentication": {
                  "type": "Raw",
                  "value": "@json(decodeBase64(triggerOutputs().headers['X-MS-APIM-Tokens']))['$ConnectionKey']"
                }
              }
            },
            "Apply_to_each_2": {
              "foreach": "@outputs('List_rows_present_in_a_table')?['body/value']",
              "actions": {
                "RH_-_Exame_admissional": {
                  "foreach": "@split(items('Apply_to_each_2')?['Recusrsos Humanos - Exame admissional'], ';')",
                  "actions": {
                    "Create_item_-_RH_-_Exame_admissional": {
                      "runAfter": {},
                      "metadata": {
                        "operationMetadataId": "651fdbe7-85bf-4e51-9946-d1379a7e2f27"
                      },
                      "type": "OpenApiConnection",
                      "inputs": {
                        "host": {
                          "connectionName": "shared_sharepointonline_1",
                          "operationId": "PostItem",
                          "apiId": "/providers/Microsoft.PowerApps/apis/shared_sharepointonline"
                        },
                        "parameters": {
                          "dataset": "@parameters('023_site_app (kabi_023_site_app)')",
                          "table": "@parameters('023_adm_sesmt_usuarios (kabi_023_adm_sesmt_usuarios)')",
                          "item/Usuario/Claims": "@items('RH_-_Exame_admissional')",
                          "item/Unidade/Id": "@items('Apply_to_each')?['ID']",
                          "item/Setor/Id": 1,
                          "item/Tipo": [
                            {
                              "Value": "Exame admissional"
                            }
                          ],
                          "item/Admin": false
                        },
                        "authentication": {
                          "type": "Raw",
                          "value": "@json(decodeBase64(triggerOutputs().headers['X-MS-APIM-Tokens']))['$ConnectionKey']"
                        }
                      }
                    }
                  },
                  "runAfter": {},
                  "metadata": {
                    "operationMetadataId": "2a0b0575-7bfc-4471-ae2f-5f6e1ecdafd2"
                  },
                  "type": "Foreach"
                },
                "RH_-_Movimentação_de_Pessoal": {
                  "foreach": "@split(items('Apply_to_each_2')?['Recursos Humanos - Movimentação de Pessoal'], ';')",
                  "actions": {
                    "Create_item_-_RH_-_Movimentação_de_Pessoal": {
                      "runAfter": {},
                      "metadata": {
                        "operationMetadataId": "d22fed54-4a80-4345-819b-62ca21340a25"
                      },
                      "type": "OpenApiConnection",
                      "inputs": {
                        "host": {
                          "connectionName": "shared_sharepointonline_1",
                          "operationId": "PostItem",
                          "apiId": "/providers/Microsoft.PowerApps/apis/shared_sharepointonline"
                        },
                        "parameters": {
                          "dataset": "@parameters('023_site_app (kabi_023_site_app)')",
                          "table": "@parameters('023_adm_sesmt_usuarios (kabi_023_adm_sesmt_usuarios)')",
                          "item/Usuario/Claims": "@items('RH_-_Movimentação_de_Pessoal')",
                          "item/Unidade/Id": "@items('Apply_to_each')?['ID']",
                          "item/Setor/Id": 1,
                          "item/Tipo": [
                            {
                              "Value": "Movimentação de Pessoal"
                            }
                          ],
                          "item/Admin": false
                        },
                        "authentication": {
                          "type": "Raw",
                          "value": "@json(decodeBase64(triggerOutputs().headers['X-MS-APIM-Tokens']))['$ConnectionKey']"
                        }
                      }
                    }
                  },
                  "runAfter": {
                    "RH_-_Exame_admissional": [
                      "Succeeded"
                    ]
                  },
                  "metadata": {
                    "operationMetadataId": "b0199689-7256-4dc5-be3c-ba6a073cdf37"
                  },
                  "type": "Foreach"
                },
                "RH_-_Análise_de_desligamento": {
                  "foreach": "@split(items('Apply_to_each_2')?['Recursos Humanos - Análise de desligamento'], ';')",
                  "actions": {
                    "Create_item_-_RH_-_Análise_de_desligamento": {
                      "runAfter": {},
                      "metadata": {
                        "operationMetadataId": "5426b9c2-cab3-411c-be3d-61450b22c9e3"
                      },
                      "type": "OpenApiConnection",
                      "inputs": {
                        "host": {
                          "connectionName": "shared_sharepointonline_1",
                          "operationId": "PostItem",
                          "apiId": "/providers/Microsoft.PowerApps/apis/shared_sharepointonline"
                        },
                        "parameters": {
                          "dataset": "@parameters('023_site_app (kabi_023_site_app)')",
                          "table": "@parameters('023_adm_sesmt_usuarios (kabi_023_adm_sesmt_usuarios)')",
                          "item/Usuario/Claims": "@items('RH_-_Análise_de_desligamento')",
                          "item/Unidade/Id": "@items('Apply_to_each')?['ID']",
                          "item/Setor/Id": 1,
                          "item/Tipo": [
                            {
                              "Value": "Análise de desligamento"
                            }
                          ],
                          "item/Admin": false
                        },
                        "authentication": {
                          "type": "Raw",
                          "value": "@json(decodeBase64(triggerOutputs().headers['X-MS-APIM-Tokens']))['$ConnectionKey']"
                        }
                      }
                    }
                  },
                  "runAfter": {
                    "RH_-_Movimentação_de_Pessoal": [
                      "Succeeded"
                    ]
                  },
                  "metadata": {
                    "operationMetadataId": "0ec4aef2-c152-49b3-947a-30f83924a039"
                  },
                  "type": "Foreach"
                },
                "SESMT_-_Todos": {
                  "foreach": "@split(items('Apply_to_each_2')?['Segurança do Trabalho - Todos'], ';')",
                  "actions": {
                    "Create_item_-_SESMT_-_Todos": {
                      "runAfter": {},
                      "metadata": {
                        "operationMetadataId": "f85f5c2d-3578-44c2-b631-bad203394f09"
                      },
                      "type": "OpenApiConnection",
                      "inputs": {
                        "host": {
                          "connectionName": "shared_sharepointonline_1",
                          "operationId": "PostItem",
                          "apiId": "/providers/Microsoft.PowerApps/apis/shared_sharepointonline"
                        },
                        "parameters": {
                          "dataset": "@parameters('023_site_app (kabi_023_site_app)')",
                          "table": "@parameters('023_adm_sesmt_usuarios (kabi_023_adm_sesmt_usuarios)')",
                          "item/Usuario/Claims": "@items('SESMT_-_Todos')",
                          "item/Unidade/Id": "@items('Apply_to_each')?['ID']",
                          "item/Setor/Id": 2,
                          "item/Tipo": [
                            {
                              "Value": "Análise de desligamento"
                            },
                            {
                              "Value": "Exame admissional"
                            },
                            {
                              "Value": "Exame demissional"
                            },
                            {
                              "Value": "Movimentação de Pessoal"
                            }
                          ],
                          "item/Admin": false
                        },
                        "authentication": {
                          "type": "Raw",
                          "value": "@json(decodeBase64(triggerOutputs().headers['X-MS-APIM-Tokens']))['$ConnectionKey']"
                        }
                      }
                    }
                  },
                  "runAfter": {
                    "RH_-_Análise_de_desligamento": [
                      "Succeeded"
                    ]
                  },
                  "metadata": {
                    "operationMetadataId": "f26e6d81-fd91-4215-a472-8474597eb272"
                  },
                  "type": "Foreach"
                },
                "Ambulatório_-_Todos": {
                  "foreach": "@split(items('Apply_to_each_2')?['Ambulatório - Todos'], ';')",
                  "actions": {
                    "Create_item_-_Ambulatório_-_Todos": {
                      "runAfter": {},
                      "metadata": {
                        "operationMetadataId": "aa6ebcb6-0818-498e-b0f3-b20d9cf84e34"
                      },
                      "type": "OpenApiConnection",
                      "inputs": {
                        "host": {
                          "connectionName": "shared_sharepointonline_1",
                          "operationId": "PostItem",
                          "apiId": "/providers/Microsoft.PowerApps/apis/shared_sharepointonline"
                        },
                        "parameters": {
                          "dataset": "@parameters('023_site_app (kabi_023_site_app)')",
                          "table": "@parameters('023_adm_sesmt_usuarios (kabi_023_adm_sesmt_usuarios)')",
                          "item/Usuario/Claims": "@items('Ambulatório_-_Todos')",
                          "item/Unidade/Id": "@items('Apply_to_each')?['ID']",
                          "item/Setor/Id": 3,
                          "item/Tipo": [
                            {
                              "Value": "Análise de desligamento"
                            },
                            {
                              "Value": "Exame admissional"
                            },
                            {
                              "Value": "Exame demissional"
                            },
                            {
                              "Value": "Movimentação de Pessoal"
                            }
                          ],
                          "item/Admin": false
                        },
                        "authentication": {
                          "type": "Raw",
                          "value": "@json(decodeBase64(triggerOutputs().headers['X-MS-APIM-Tokens']))['$ConnectionKey']"
                        }
                      }
                    }
                  },
                  "runAfter": {
                    "SESMT_-_Todos": [
                      "Succeeded"
                    ]
                  },
                  "metadata": {
                    "operationMetadataId": "13c0c2a0-702a-4442-bffa-9e1c637c251b"
                  },
                  "type": "Foreach"
                }
              },
              "runAfter": {
                "List_rows_present_in_a_table": [
                  "Succeeded"
                ]
              },
              "metadata": {
                "operationMetadataId": "11286774-9237-4468-8191-8ce1f2996feb"
              },
              "type": "Foreach"
            }
          },
          "runAfter": {
            "Get_items": [
              "Succeeded"
            ]
          },
          "metadata": {
            "operationMetadataId": "cfb379ca-ebde-4140-b49f-2e88015a3cbb"
          },
          "type": "Foreach"
        }
      }
    },
    "templateName": ""
  },
  "schemaVersion": "1.0.0.0"
}