{
  "properties": {
    "connectionReferences": {
      "shared_sharepointonline_1": {
        "runtimeSource": "invoker",
        "connection": {
          "connectionReferenceLogicalName": "kabi_023_sharepoint"
        },
        "api": {
          "name": "shared_sharepointonline"
        }
      }
    },
    "definition": {
      "$schema": "https://schema.management.azure.com/providers/Microsoft.Logic/schemas/2016-06-01/workflowdefinition.json#",
      "contentVersion": "1.0.0.0",
      "parameters": {
        "$connections": {
          "defaultValue": {},
          "type": "Object"
        },
        "$authentication": {
          "defaultValue": {},
          "type": "SecureObject"
        },
        "023_site_app (kabi_023_site_app)": {
          "defaultValue": "https://fresenius.sharepoint.com/teams/Team-FK-Business-Application-BR-Dev",
          "type": "String",
          "metadata": {
            "schemaName": "kabi_023_site_app"
          }
        },
        "023_processos (kabi_023_processos)": {
          "defaultValue": "38664af3-e5b6-488b-8531-7f83998bd16e",
          "type": "String",
          "metadata": {
            "schemaName": "kabi_023_processos"
          }
        },
        "023_adm_sesmt_sequencia (kabi_023_adm_sesmt_sequencia)": {
          "defaultValue": "a0124867-c449-4b1d-a2ea-0437dd2771c6",
          "type": "String",
          "metadata": {
            "schemaName": "kabi_023_adm_sesmt_sequencia"
          }
        }
      },
      "triggers": {
        "manual": {
          "metadata": {
            "operationMetadataId": "05b89a3a-0461-4d11-948a-ed119db4a2b5"
          },
          "type": "Request",
          "kind": "PowerAppV2",
          "inputs": {
            "schema": {
              "type": "object",
              "properties": {
                "number": {
                  "title": "ID",
                  "type": "number",
                  "x-ms-dynamically-added": true,
                  "description": "Please enter a number",
                  "x-ms-content-hint": "NUMBER"
                }
              },
              "required": [
                "number"
              ]
            }
          }
        }
      },
      "actions": {
        "Get_item": {
          "runAfter": {
            "Initialize_variable_-_Concluded": [
              "Succeeded"
            ]
          },
          "metadata": {
            "operationMetadataId": "83c7e4fa-7610-4b00-868d-831453afcdd8"
          },
          "type": "OpenApiConnection",
          "inputs": {
            "host": {
              "connectionName": "shared_sharepointonline_1",
              "operationId": "GetItem",
              "apiId": "/providers/Microsoft.PowerApps/apis/shared_sharepointonline"
            },
            "parameters": {
              "dataset": "@parameters('023_site_app (kabi_023_site_app)')",
              "table": "@parameters('023_processos (kabi_023_processos)')",
              "id": "@triggerBody()['number']"
            },
            "authentication": "@parameters('$authentication')"
          }
        },
        "Get_items": {
          "runAfter": {
            "Get_item": [
              "Succeeded"
            ]
          },
          "metadata": {
            "operationMetadataId": "cdaf6584-7c8e-4472-8bdc-c78d214100ac"
          },
          "type": "OpenApiConnection",
          "inputs": {
            "host": {
              "connectionName": "shared_sharepointonline_1",
              "operationId": "GetItems",
              "apiId": "/providers/Microsoft.PowerApps/apis/shared_sharepointonline"
            },
            "parameters": {
              "dataset": "@parameters('023_site_app (kabi_023_site_app)')",
              "table": "@parameters('023_adm_sesmt_sequencia (kabi_023_adm_sesmt_sequencia)')",
              "$filter": "Tipo eq '@{outputs('Get_item')?['body/Tipo/Value']}'",
              "$orderby": "Sequencia asc"
            },
            "authentication": "@parameters('$authentication')"
          }
        },
        "Initialize_variable_-_NextStep": {
          "runAfter": {},
          "metadata": {
            "operationMetadataId": "a8e2bfcd-4c8a-4748-ae33-d25fe8c71efd"
          },
          "type": "InitializeVariable",
          "inputs": {
            "variables": [
              {
                "name": "NextStep",
                "type": "boolean",
                "value": false
              }
            ]
          }
        },
        "Initialize_variable_-_Concluded": {
          "runAfter": {
            "Initialize_variable_-_NextStep": [
              "Succeeded"
            ]
          },
          "metadata": {
            "operationMetadataId": "1a5f267b-ce39-431f-b344-a80428fe5d6c"
          },
          "type": "InitializeVariable",
          "inputs": {
            "variables": [
              {
                "name": "Concluded",
                "type": "boolean",
                "value": false
              }
            ]
          }
        },
        "Compose_-_last_item": {
          "runAfter": {
            "Compose_-_first_item": [
              "Succeeded"
            ]
          },
          "metadata": {
            "operationMetadataId": "5544c8d0-c623-4fb4-88f9-34ac61548b29"
          },
          "type": "Compose",
          "inputs": "@last(outputs('Get_items')?['body/value'])?['Setor/Value']"
        },
        "Condition_-_last_step": {
          "actions": {
            "Apply_to_each": {
              "foreach": "@outputs('Get_items')?['body/value']",
              "actions": {
                "Compose_-_setor": {
                  "runAfter": {},
                  "metadata": {
                    "operationMetadataId": "2c8c4bf3-9a6e-48c3-b1ff-a004a5c8810c"
                  },
                  "type": "Compose",
                  "inputs": "@items('Apply_to_each')?['Setor/Value']"
                },
                "Condition_-_NextStep": {
                  "actions": {
                    "Condition": {
                      "actions": {
                        "Set_variable_-_NextStep": {
                          "runAfter": {},
                          "metadata": {
                            "operationMetadataId": "1dcd8775-9136-4b86-8e1f-9cb38c6266a0"
                          },
                          "type": "SetVariable",
                          "inputs": {
                            "name": "NextStep",
                            "value": true
                          }
                        }
                      },
                      "runAfter": {},
                      "expression": {
                        "equals": [
                          "@outputs('Get_item')?['body/Setor/Value']",
                          "@items('Apply_to_each')?['Setor/Value']"
                        ]
                      },
                      "metadata": {
                        "operationMetadataId": "1b54fb08-33d4-4d1a-be2a-eb69341ad85e"
                      },
                      "type": "If"
                    }
                  },
                  "runAfter": {
                    "Condition_-_Concluded": [
                      "Succeeded"
                    ]
                  },
                  "expression": {
                    "equals": [
                      "@variables('NextStep')",
                      false
                    ]
                  },
                  "metadata": {
                    "operationMetadataId": "6b0f8908-2226-4516-98c3-0f60aa07711e"
                  },
                  "type": "If"
                },
                "Condition_-_Concluded": {
                  "actions": {
                    "Update_item": {
                      "runAfter": {},
                      "metadata": {
                        "operationMetadataId": "d7126612-77ae-4d60-b8cf-7054772aaf28"
                      },
                      "type": "OpenApiConnection",
                      "inputs": {
                        "host": {
                          "connectionName": "shared_sharepointonline_1",
                          "operationId": "PatchItem",
                          "apiId": "/providers/Microsoft.PowerApps/apis/shared_sharepointonline"
                        },
                        "parameters": {
                          "dataset": "@parameters('023_site_app (kabi_023_site_app)')",
                          "table": "@parameters('023_processos (kabi_023_processos)')",
                          "id": "@triggerBody()['number']",
                          "item/Status/Value": "Pendente",
                          "item/Setor/Id": "@items('Apply_to_each')?['Setor/Id']"
                        },
                        "authentication": "@parameters('$authentication')"
                      }
                    },
                    "Set_variable_-_Concluded": {
                      "runAfter": {
                        "Update_item": [
                          "Succeeded"
                        ]
                      },
                      "metadata": {
                        "operationMetadataId": "824a7745-3f6a-479d-82d8-84cb1a51098f"
                      },
                      "type": "SetVariable",
                      "inputs": {
                        "name": "Concluded",
                        "value": true
                      }
                    }
                  },
                  "runAfter": {
                    "Compose_-_setor": [
                      "Succeeded"
                    ]
                  },
                  "expression": {
                    "and": [
                      {
                        "equals": [
                          "@variables('Concluded')",
                          false
                        ]
                      },
                      {
                        "equals": [
                          "@variables('NextStep')",
                          true
                        ]
                      }
                    ]
                  },
                  "metadata": {
                    "operationMetadataId": "c6888e21-c86a-46f0-8280-f01c3ed08569"
                  },
                  "type": "If"
                }
              },
              "runAfter": {},
              "metadata": {
                "operationMetadataId": "13ad31f5-b780-4d89-8512-9ca8b075fcd0"
              },
              "type": "Foreach"
            }
          },
          "runAfter": {
            "Condition_-_first_step": [
              "Succeeded"
            ]
          },
          "else": {
            "actions": {
              "Update_item_-_concluded": {
                "runAfter": {},
                "metadata": {
                  "operationMetadataId": "a75c0c1f-b7ed-42c0-a3cf-2ad7377ce8c3"
                },
                "type": "OpenApiConnection",
                "inputs": {
                  "host": {
                    "connectionName": "shared_sharepointonline_1",
                    "operationId": "PatchItem",
                    "apiId": "/providers/Microsoft.PowerApps/apis/shared_sharepointonline"
                  },
                  "parameters": {
                    "dataset": "@parameters('023_site_app (kabi_023_site_app)')",
                    "table": "@parameters('023_processos (kabi_023_processos)')",
                    "id": "@triggerBody()['number']",
                    "item/Status/Value": "Concluído",
                    "item/Setor/Id": "@null"
                  },
                  "authentication": "@parameters('$authentication')"
                }
              }
            }
          },
          "expression": {
            "not": {
              "equals": [
                "@outputs('Get_item')?['body/Setor/Value']",
                "@outputs('Compose_-_last_item')"
              ]
            }
          },
          "metadata": {
            "operationMetadataId": "2eb5a568-8aa1-487b-98eb-306b2618089a"
          },
          "type": "If"
        },
        "Condition_-_first_step": {
          "actions": {
            "Get_item_-_sequence": {
              "runAfter": {},
              "metadata": {
                "operationMetadataId": "65f663ee-3069-401f-bb98-9f3f2a19290c"
              },
              "type": "OpenApiConnection",
              "inputs": {
                "host": {
                  "connectionName": "shared_sharepointonline_1",
                  "operationId": "GetItem",
                  "apiId": "/providers/Microsoft.PowerApps/apis/shared_sharepointonline"
                },
                "parameters": {
                  "dataset": "@parameters('023_site_app (kabi_023_site_app)')",
                  "table": "@parameters('023_adm_sesmt_sequencia (kabi_023_adm_sesmt_sequencia)')",
                  "id": "@outputs('Compose_-_first_item')"
                },
                "authentication": "@parameters('$authentication')"
              }
            },
            "Update_item_-_first_step": {
              "runAfter": {
                "Get_item_-_sequence": [
                  "Succeeded"
                ]
              },
              "metadata": {
                "operationMetadataId": "a4a43b3a-c64f-4ea0-8441-59f0b0fafb52"
              },
              "type": "OpenApiConnection",
              "inputs": {
                "host": {
                  "connectionName": "shared_sharepointonline_1",
                  "operationId": "PatchItem",
                  "apiId": "/providers/Microsoft.PowerApps/apis/shared_sharepointonline"
                },
                "parameters": {
                  "dataset": "@parameters('023_site_app (kabi_023_site_app)')",
                  "table": "@parameters('023_processos (kabi_023_processos)')",
                  "id": "@triggerBody()['number']",
                  "item/Status/Value": "Pendente",
                  "item/Setor/Id": "@outputs('Get_item_-_sequence')?['body/Setor/Id']"
                },
                "authentication": "@parameters('$authentication')"
              }
            },
            "Terminate": {
              "runAfter": {
                "Run_a_Child_Flow": [
                  "Succeeded"
                ]
              },
              "metadata": {
                "operationMetadataId": "3ebf4e1e-0c89-4088-b776-ef2fd828ffb8"
              },
              "type": "Terminate",
              "inputs": {
                "runStatus": "Succeeded"
              }
            },
            "Run_a_Child_Flow": {
              "runAfter": {
                "Update_item_-_first_step": [
                  "Succeeded"
                ]
              },
              "metadata": {
                "operationMetadataId": "0030a539-2946-4237-9f2f-c4fea4d22951"
              },
              "type": "Workflow",
              "inputs": {
                "host": {
                  "workflowReferenceName": "27268d4d-1a78-ed11-81ab-000d3aacacb8"
                },
                "body": {
                  "number": "@triggerBody()['number']"
                }
              }
            }
          },
          "runAfter": {
            "Compose_-_last_item": [
              "Succeeded"
            ]
          },
          "expression": {
            "equals": [
              "@outputs('Get_item')?['body/Setor/Value']",
              "@null"
            ]
          },
          "metadata": {
            "operationMetadataId": "255f6616-cf74-4134-80e1-1cd8b259a209"
          },
          "type": "If"
        },
        "Compose_-_first_item": {
          "runAfter": {
            "Get_items": [
              "Succeeded"
            ]
          },
          "metadata": {
            "operationMetadataId": "4b767530-2dfc-4f9e-b49d-5489ea09ddef"
          },
          "type": "Compose",
          "inputs": "@first(outputs('Get_items')?['body/value'])?['ID']"
        },
        "Run_a_Child_Flow_2": {
          "runAfter": {
            "Condition_-_last_step": [
              "Succeeded"
            ]
          },
          "metadata": {
            "operationMetadataId": "129be144-c4c7-423d-83c2-3d69481859fd"
          },
          "type": "Workflow",
          "inputs": {
            "host": {
              "workflowReferenceName": "27268d4d-1a78-ed11-81ab-000d3aacacb8"
            },
            "body": {
              "number": "@triggerBody()['number']"
            }
          }
        }
      }
    },
    "templateName": ""
  },
  "schemaVersion": "1.0.0.0"
}