{
  "properties": {
    "connectionReferences": {
      "shared_sharepointonline_1": {
        "runtimeSource": "invoker",
        "connection": {
          "connectionReferenceLogicalName": "kabi_023_sharepoint"
        },
        "api": {
          "name": "shared_sharepointonline"
        }
      }
    },
    "definition": {
      "$schema": "https://schema.management.azure.com/providers/Microsoft.Logic/schemas/2016-06-01/workflowdefinition.json#",
      "contentVersion": "1.0.0.0",
      "parameters": {
        "$connections": {
          "defaultValue": {},
          "type": "Object"
        },
        "$authentication": {
          "defaultValue": {},
          "type": "SecureObject"
        },
        "023_site_app (kabi_023_site_app)": {
          "defaultValue": "https://fresenius.sharepoint.com/teams/Team-FK-Business-Application-BR-Dev",
          "type": "String",
          "metadata": {
            "schemaName": "kabi_023_site_app"
          }
        },
        "023_adm_sesmt_usuarios (kabi_023_adm_sesmt_usuarios)": {
          "defaultValue": "d5f1c25d-350c-485f-9b36-b53b0e37978c",
          "type": "String",
          "metadata": {
            "schemaName": "kabi_023_adm_sesmt_usuarios"
          }
        },
        "023_adm_sesmt_unidades (kabi_023_adm_sesmt_unidades)": {
          "defaultValue": "786fa9f4-486f-45b5-9dc2-4f29ea3d7dd3",
          "type": "String",
          "metadata": {
            "schemaName": "kabi_023_adm_sesmt_unidades"
          }
        },
        "023_adm_sesmt_setores (kabi_023_adm_sesmt_setores)": {
          "defaultValue": "8661feaa-5e04-472b-84d6-bc1125614e65",
          "type": "String",
          "metadata": {
            "schemaName": "kabi_023_adm_sesmt_setores"
          }
        }
      },
      "triggers": {
        "manual": {
          "metadata": {
            "operationMetadataId": "53835ab7-b88e-4ac3-84ce-8725df19e6c3"
          },
          "type": "Request",
          "kind": "Button",
          "inputs": {
            "schema": {
              "type": "object",
              "properties": {},
              "required": []
            }
          }
        }
      },
      "actions": {
        "Get_items_-_Unidade": {
          "runAfter": {
            "Initialize_variable_-_usuarios": [
              "Succeeded"
            ]
          },
          "metadata": {
            "operationMetadataId": "d47820db-42cf-410c-9690-a8ff7baeb2b0"
          },
          "type": "OpenApiConnection",
          "inputs": {
            "host": {
              "connectionName": "shared_sharepointonline_1",
              "operationId": "GetItems",
              "apiId": "/providers/Microsoft.PowerApps/apis/shared_sharepointonline"
            },
            "parameters": {
              "dataset": "@parameters('023_site_app (kabi_023_site_app)')",
              "table": "@parameters('023_adm_sesmt_unidades (kabi_023_adm_sesmt_unidades)')",
              "$filter": "Title ne ''"
            },
            "authentication": {
              "type": "Raw",
              "value": "@json(decodeBase64(triggerOutputs().headers['X-MS-APIM-Tokens']))['$ConnectionKey']"
            }
          }
        },
        "Unidade": {
          "foreach": "@outputs('Get_items_-_Unidade')?['body/value']",
          "actions": {
            "Setor": {
              "foreach": "@outputs('Get_items_-_Setores')?['body/value']",
              "actions": {
                "Compose_-_Setor": {
                  "runAfter": {},
                  "metadata": {
                    "operationMetadataId": "2385e113-6ad2-45ea-9c58-5716799b5863"
                  },
                  "type": "Compose",
                  "inputs": "@items('Setor')?['Title']"
                },
                "Compose_-_Unidade": {
                  "runAfter": {
                    "Compose_-_Setor": [
                      "Succeeded"
                    ]
                  },
                  "metadata": {
                    "operationMetadataId": "726d4728-de1c-49d1-9e6e-70059893d55b"
                  },
                  "type": "Compose",
                  "inputs": "@items('Unidade')?['Title']"
                },
                "Usuarios": {
                  "runAfter": {
                    "Compose_-_Unidade": [
                      "Succeeded"
                    ]
                  },
                  "metadata": {
                    "operationMetadataId": "5f28be4b-f405-42b7-98ab-f85722a3e01b"
                  },
                  "type": "Query",
                  "inputs": {
                    "from": "@outputs('Get_items_-_usuarios')?['body/value']",
                    "where": "@and(equals(item()?['Unidade/Value'], outputs('Compose_-_Unidade')), equals(item()?['Setor/Value'], outputs('Compose_-_Setor')))"
                  }
                },
                "Apply_to_each": {
                  "foreach": "@body('Usuarios')",
                  "actions": {
                    "Duplicates": {
                      "runAfter": {},
                      "metadata": {
                        "operationMetadataId": "5664b186-cd74-4aca-bc63-f24289d9e31e"
                      },
                      "type": "Query",
                      "inputs": {
                        "from": "@body('Usuarios')",
                        "where": "@equals(item()?['Usuario']['Email'], items('Apply_to_each')?['Usuario']['Email'])"
                      }
                    },
                    "Condition": {
                      "actions": {
                        "Append_to_array_variable_-_usuarios": {
                          "runAfter": {
                            "Create_item": [
                              "Succeeded"
                            ]
                          },
                          "metadata": {
                            "operationMetadataId": "ebddf7ff-4de4-4c64-a640-fe20ad349466"
                          },
                          "type": "AppendToArrayVariable",
                          "inputs": {
                            "name": "usuarios",
                            "value": "@items('Apply_to_each')?['Usuario']['Email']"
                          }
                        },
                        "Set_variable": {
                          "runAfter": {},
                          "metadata": {
                            "operationMetadataId": "b00f8f56-f53e-42a0-9774-62c51ab38ed3"
                          },
                          "type": "SetVariable",
                          "inputs": {
                            "name": "unidades",
                            "value": "@null"
                          }
                        },
                        "Apply_to_each_2": {
                          "foreach": "@body('Duplicates')",
                          "actions": {
                            "Apply_to_each_3": {
                              "foreach": "@items('Apply_to_each_2')?['Tipo']",
                              "actions": {
                                "Append_to_array_variable_-_unidades": {
                                  "runAfter": {},
                                  "metadata": {
                                    "operationMetadataId": "7a36bcd4-f021-4743-b84e-516cb1d9eb77"
                                  },
                                  "type": "AppendToArrayVariable",
                                  "inputs": {
                                    "name": "unidades",
                                    "value": {
                                      "Value": "@item()?['Value']"
                                    }
                                  }
                                }
                              },
                              "runAfter": {},
                              "metadata": {
                                "operationMetadataId": "836a4bb3-db31-415f-8b54-b0695959176f"
                              },
                              "type": "Foreach"
                            },
                            "Delete_item": {
                              "runAfter": {
                                "Apply_to_each_3": [
                                  "Succeeded"
                                ]
                              },
                              "metadata": {
                                "operationMetadataId": "235a892d-e3dd-4fca-83d4-37109ec256a4"
                              },
                              "type": "OpenApiConnection",
                              "inputs": {
                                "host": {
                                  "connectionName": "shared_sharepointonline_1",
                                  "operationId": "DeleteItem",
                                  "apiId": "/providers/Microsoft.PowerApps/apis/shared_sharepointonline"
                                },
                                "parameters": {
                                  "dataset": "@parameters('023_site_app (kabi_023_site_app)')",
                                  "table": "@parameters('023_adm_sesmt_usuarios (kabi_023_adm_sesmt_usuarios)')",
                                  "id": "@items('Apply_to_each_2')?['ID']"
                                },
                                "authentication": {
                                  "type": "Raw",
                                  "value": "@json(decodeBase64(triggerOutputs().headers['X-MS-APIM-Tokens']))['$ConnectionKey']"
                                }
                              }
                            }
                          },
                          "runAfter": {
                            "Set_variable": [
                              "Succeeded"
                            ]
                          },
                          "metadata": {
                            "operationMetadataId": "d80c3123-03c8-454c-9c8d-e55461219751"
                          },
                          "type": "Foreach"
                        },
                        "Create_item": {
                          "runAfter": {
                            "Apply_to_each_2": [
                              "Succeeded"
                            ]
                          },
                          "metadata": {
                            "operationMetadataId": "0bd94a8a-daf0-4419-b9ca-6e8f5969e5f2"
                          },
                          "type": "OpenApiConnection",
                          "inputs": {
                            "host": {
                              "connectionName": "shared_sharepointonline_1",
                              "operationId": "PostItem",
                              "apiId": "/providers/Microsoft.PowerApps/apis/shared_sharepointonline"
                            },
                            "parameters": {
                              "dataset": "@parameters('023_site_app (kabi_023_site_app)')",
                              "table": "@parameters('023_adm_sesmt_usuarios (kabi_023_adm_sesmt_usuarios)')",
                              "item/Usuario/Claims": "@items('Apply_to_each')?['Usuario']['Email']",
                              "item/Unidade/Id": "@items('Unidade')?['ID']",
                              "item/Setor/Id": "@items('Setor')?['ID']",
                              "item/Tipo": "@variables('unidades')",
                              "item/Admin": false
                            },
                            "authentication": {
                              "type": "Raw",
                              "value": "@json(decodeBase64(triggerOutputs().headers['X-MS-APIM-Tokens']))['$ConnectionKey']"
                            }
                          }
                        }
                      },
                      "runAfter": {
                        "Duplicates": [
                          "Succeeded"
                        ]
                      },
                      "expression": {
                        "and": [
                          {
                            "greater": [
                              "@length(body('Duplicates'))",
                              1
                            ]
                          },
                          {
                            "not": {
                              "contains": [
                                "@variables('usuarios')",
                                "@items('Apply_to_each')?['Usuario']['Email']"
                              ]
                            }
                          }
                        ]
                      },
                      "metadata": {
                        "operationMetadataId": "c70f9984-1f61-4314-b01c-4a609d26bfcb"
                      },
                      "type": "If"
                    }
                  },
                  "runAfter": {
                    "Set_variable_2": [
                      "Succeeded"
                    ]
                  },
                  "metadata": {
                    "operationMetadataId": "c2a59d4e-8dc9-4d5d-acc5-87fa6de206c4"
                  },
                  "type": "Foreach"
                },
                "Set_variable_2": {
                  "runAfter": {
                    "Usuarios": [
                      "Succeeded"
                    ]
                  },
                  "metadata": {
                    "operationMetadataId": "ff2dbf5e-7197-41cd-80c6-b8a10cdbcf56"
                  },
                  "type": "SetVariable",
                  "inputs": {
                    "name": "usuarios",
                    "value": "@null"
                  }
                }
              },
              "runAfter": {
                "Get_items_-_Setores": [
                  "Succeeded"
                ]
              },
              "metadata": {
                "operationMetadataId": "141afd38-1f10-4175-8f43-3d47f8a07b08"
              },
              "type": "Foreach"
            },
            "Get_items_-_Setores": {
              "runAfter": {},
              "metadata": {
                "operationMetadataId": "7482ee50-deab-4f4e-8f54-6785a368c37a"
              },
              "type": "OpenApiConnection",
              "inputs": {
                "host": {
                  "connectionName": "shared_sharepointonline_1",
                  "operationId": "GetItems",
                  "apiId": "/providers/Microsoft.PowerApps/apis/shared_sharepointonline"
                },
                "parameters": {
                  "dataset": "@parameters('023_site_app (kabi_023_site_app)')",
                  "table": "@parameters('023_adm_sesmt_setores (kabi_023_adm_sesmt_setores)')",
                  "$filter": "Title ne ''"
                },
                "authentication": {
                  "type": "Raw",
                  "value": "@json(decodeBase64(triggerOutputs().headers['X-MS-APIM-Tokens']))['$ConnectionKey']"
                }
              }
            }
          },
          "runAfter": {
            "Get_items_-_usuarios": [
              "Succeeded"
            ]
          },
          "metadata": {
            "operationMetadataId": "397d6e1e-6928-490d-9142-125ed387a2af"
          },
          "type": "Foreach"
        },
        "Initialize_variable_-_unidades": {
          "runAfter": {},
          "metadata": {
            "operationMetadataId": "0f43be54-dfe1-4734-bada-c79448c9d923"
          },
          "type": "InitializeVariable",
          "inputs": {
            "variables": [
              {
                "name": "unidades",
                "type": "array"
              }
            ]
          }
        },
        "Get_items_-_usuarios": {
          "runAfter": {
            "Get_items_-_Unidade": [
              "Succeeded"
            ]
          },
          "metadata": {
            "operationMetadataId": "d0c884db-da72-4ba0-a085-3c8ac20cd369"
          },
          "type": "OpenApiConnection",
          "inputs": {
            "host": {
              "connectionName": "shared_sharepointonline_1",
              "operationId": "GetItems",
              "apiId": "/providers/Microsoft.PowerApps/apis/shared_sharepointonline"
            },
            "parameters": {
              "dataset": "@parameters('023_site_app (kabi_023_site_app)')",
              "table": "@parameters('023_adm_sesmt_usuarios (kabi_023_adm_sesmt_usuarios)')"
            },
            "authentication": {
              "type": "Raw",
              "value": "@json(decodeBase64(triggerOutputs().headers['X-MS-APIM-Tokens']))['$ConnectionKey']"
            }
          },
          "runtimeConfiguration": {
            "paginationPolicy": {
              "minimumItemCount": 200
            }
          }
        },
        "Initialize_variable_-_usuarios": {
          "runAfter": {
            "Initialize_variable_-_unidades": [
              "Succeeded"
            ]
          },
          "metadata": {
            "operationMetadataId": "31f7470b-0e44-42a3-9a46-a738128c68f5"
          },
          "type": "InitializeVariable",
          "inputs": {
            "variables": [
              {
                "name": "usuarios",
                "type": "array"
              }
            ]
          }
        }
      }
    },
    "templateName": ""
  },
  "schemaVersion": "1.0.0.0"
}