<ImportExportXml xmlns:xsi="http://www.w3.org/2001/XMLSchema-instance">
  <Entities></Entities>
  <Roles></Roles>
  <Workflows>
    <Workflow WorkflowId="{6667f34a-ee85-ed11-81ad-000d3aacacb8}" Name="007 - Petty cash - finalizar">
      <JsonFileName>/Workflows/007-Pettycash-finalizar-6667F34A-EE85-ED11-81AD-000D3AACACB8.json</JsonFileName>
      <Type>1</Type>
      <Subprocess>0</Subprocess>
      <Category>5</Category>
      <Mode>0</Mode>
      <Scope>4</Scope>
      <OnDemand>0</OnDemand>
      <TriggerOnCreate>0</TriggerOnCreate>
      <TriggerOnDelete>0</TriggerOnDelete>
      <AsyncAutodelete>0</AsyncAutodelete>
      <SyncWorkflowLogOnFailure>0</SyncWorkflowLogOnFailure>
      <StateCode>1</StateCode>
      <StatusCode>2</StatusCode>
      <RunAs>1</RunAs>
      <IsTransacted>1</IsTransacted>
      <IntroducedVersion>1.0.0.0</IntroducedVersion>
      <IsCustomizable>1</IsCustomizable>
      <BusinessProcessType>0</BusinessProcessType>
      <IsCustomProcessingStepAllowedForOtherPublishers>1</IsCustomProcessingStepAllowedForOtherPublishers>
      <PrimaryEntity>none</PrimaryEntity>
      <LocalizedNames>
        <LocalizedName languagecode="1033" description="007 - Petty cash - finalizar" />
      </LocalizedNames>
    </Workflow>
    <Workflow WorkflowId="{21038310-f085-ed11-81ad-000d3aacacb8}" Name="007 - Petty cash - liberar">
      <JsonFileName>/Workflows/007-Pettycash-liberar-21038310-F085-ED11-81AD-000D3AACACB8.json</JsonFileName>
      <Type>1</Type>
      <Subprocess>0</Subprocess>
      <Category>5</Category>
      <Mode>0</Mode>
      <Scope>4</Scope>
      <OnDemand>0</OnDemand>
      <TriggerOnCreate>0</TriggerOnCreate>
      <TriggerOnDelete>0</TriggerOnDelete>
      <AsyncAutodelete>0</AsyncAutodelete>
      <SyncWorkflowLogOnFailure>0</SyncWorkflowLogOnFailure>
      <StateCode>1</StateCode>
      <StatusCode>2</StatusCode>
      <RunAs>1</RunAs>
      <IsTransacted>1</IsTransacted>
      <IntroducedVersion>1.0.0.0</IntroducedVersion>
      <IsCustomizable>1</IsCustomizable>
      <BusinessProcessType>0</BusinessProcessType>
      <IsCustomProcessingStepAllowedForOtherPublishers>1</IsCustomProcessingStepAllowedForOtherPublishers>
      <PrimaryEntity>none</PrimaryEntity>
      <LocalizedNames>
        <LocalizedName languagecode="1033" description="007 - Petty cash - liberar" />
      </LocalizedNames>
    </Workflow>
    <Workflow WorkflowId="{ea70296a-297a-ed11-81ad-0022489fdc80}" Name="007 - change approvers">
      <JsonFileName>/Workflows/007-changeapprovers-EA70296A-297A-ED11-81AD-0022489FDC80.json</JsonFileName>
      <Type>1</Type>
      <Subprocess>0</Subprocess>
      <Category>5</Category>
      <Mode>0</Mode>
      <Scope>4</Scope>
      <OnDemand>0</OnDemand>
      <TriggerOnCreate>0</TriggerOnCreate>
      <TriggerOnDelete>0</TriggerOnDelete>
      <AsyncAutodelete>0</AsyncAutodelete>
      <SyncWorkflowLogOnFailure>0</SyncWorkflowLogOnFailure>
      <StateCode>0</StateCode>
      <StatusCode>1</StatusCode>
      <RunAs>1</RunAs>
      <IsTransacted>1</IsTransacted>
      <IntroducedVersion>1.0.0.0</IntroducedVersion>
      <IsCustomizable>1</IsCustomizable>
      <IsCustomProcessingStepAllowedForOtherPublishers>1</IsCustomProcessingStepAllowedForOtherPublishers>
      <PrimaryEntity>none</PrimaryEntity>
      <LocalizedNames>
        <LocalizedName languagecode="1033" description="007 - change approvers" />
      </LocalizedNames>
    </Workflow>
    <Workflow WorkflowId="{86b6030e-3d7a-ed11-81ad-0022489fdc80}" Name="007 - Pending items">
      <JsonFileName>/Workflows/007-Pendingitems-86B6030E-3D7A-ED11-81AD-0022489FDC80.json</JsonFileName>
      <Type>1</Type>
      <Subprocess>0</Subprocess>
      <Category>5</Category>
      <Mode>0</Mode>
      <Scope>4</Scope>
      <OnDemand>0</OnDemand>
      <TriggerOnCreate>0</TriggerOnCreate>
      <TriggerOnDelete>0</TriggerOnDelete>
      <AsyncAutodelete>0</AsyncAutodelete>
      <SyncWorkflowLogOnFailure>0</SyncWorkflowLogOnFailure>
      <StateCode>0</StateCode>
      <StatusCode>1</StatusCode>
      <RunAs>1</RunAs>
      <IsTransacted>1</IsTransacted>
      <IntroducedVersion>1.0.0.0</IntroducedVersion>
      <IsCustomizable>1</IsCustomizable>
      <IsCustomProcessingStepAllowedForOtherPublishers>1</IsCustomProcessingStepAllowedForOtherPublishers>
      <PrimaryEntity>none</PrimaryEntity>
      <LocalizedNames>
        <LocalizedName languagecode="1033" description="007 - Pending items" />
      </LocalizedNames>
    </Workflow>
    <Workflow WorkflowId="{7d6c537c-ee29-4a32-ad95-b72dc86773d7}" Name="007 - merge files">
      <JsonFileName>/Workflows/007-mergefiles-7D6C537C-EE29-4A32-AD95-B72DC86773D7.json</JsonFileName>
      <Type>1</Type>
      <Subprocess>0</Subprocess>
      <Category>6</Category>
      <Mode>0</Mode>
      <Scope>4</Scope>
      <OnDemand>0</OnDemand>
      <TriggerOnCreate>0</TriggerOnCreate>
      <TriggerOnDelete>0</TriggerOnDelete>
      <AsyncAutodelete>0</AsyncAutodelete>
      <SyncWorkflowLogOnFailure>0</SyncWorkflowLogOnFailure>
      <StateCode>2</StateCode>
      <StatusCode>3</StatusCode>
      <RunAs>1</RunAs>
      <IsTransacted>1</IsTransacted>
      <IntroducedVersion>1.0</IntroducedVersion>
      <IsCustomizable>1</IsCustomizable>
      <UIFlowType>2</UIFlowType>
      <IsCustomProcessingStepAllowedForOtherPublishers>1</IsCustomProcessingStepAllowedForOtherPublishers>
      <Metadata>{"isvalid":true,"schemaVersion":"ROBIN_20211012","containsActiveConnections":false}</Metadata>
      <Inputs>{"schema":{"properties":{"varEslip":{"default":"","description":"","format":null,"title":"varEslip","type":"string","value":""},"varSiteApp":{"default":"","description":"","format":null,"title":"varSiteApp","type":"string","value":""}},"type":"object"}}</Inputs>
      <Outputs>{"schema":{"properties":{"varIdFile":{"default":"","description":"","format":null,"title":"varIdFile","type":"string","value":null}},"type":"object"}}</Outputs>
      <Dependencies>{"childFlows":[]}</Dependencies>
      <ConnectionReferences>[{"api":{"name":"/providers/Microsoft.PowerApps/apis/shared_sharepointonline"},"displayName":"007_sharepoint","isDisabled":false,"connectionReferenceLogicalName":"kabi_007_sharepoint","name":null,"padInternalId":"57c0e1d1-ba2a-4534-8be2-21bcd050767f"}]</ConnectionReferences>
      <Definition>"@@ConnectionString: ''\r\n@@Type: 'Local'\r\n@@DesktopType: 'local'\r\n@@DisplayName: 'Local computer'\r\nIMPORT 'controlRepo.appmask' AS appmask\r\nIMPORT 'imageRepo.imgrepo' AS imgrepo\r\n@SENSITIVE: []\r\n@INPUT varEslip : { 'Description': '', 'FriendlyName': 'varEslip', 'DefaultValue': '', 'Type': 'String' } \r\n@OUTPUT varIdFile : { 'Description': '', 'FriendlyName': 'varIdFile', 'Type': 'String' } \r\n@INPUT varSiteApp : { 'Description': '', 'FriendlyName': 'varSiteApp', 'DefaultValue': '', 'Type': 'String' } \r\n@@dataset: '%varSiteApp%'\r\n@@path: '/eSLIPS_library/%varEslip%/docs/'\r\n@@connectionDisplayName: '007_sharepoint'\r\nExternal.InvokeCloudConnector Connection: '57c0e1d1-ba2a-4534-8be2-21bcd050767f' ConnectorId: '/providers/Microsoft.PowerApps/apis/shared_sharepointonline' OperationId: 'GetFolderMetadataByPath' @dataset: varSiteApp @path: $'''/eSLIPS_library/%varEslip%/docs/''' @GetFolderMetadataByPathResponse=&gt; GetFolderMetadataByPathResponse\r\n@@dataset: '%varSiteApp%'\r\n@@id: '%GetFolderMetadataByPathResponse[\\'Id\\']%'\r\n@@connectionDisplayName: '007_sharepoint'\r\nExternal.InvokeCloudConnector Connection: '57c0e1d1-ba2a-4534-8be2-21bcd050767f' ConnectorId: '/providers/Microsoft.PowerApps/apis/shared_sharepointonline' OperationId: 'ListFolder' @dataset: varSiteApp @id: GetFolderMetadataByPathResponse['Id'] @ListFolderResponse=&gt; ListFolderResponse\r\nVariables.CreateNewList List=&gt; List\r\nLOOP FOREACH CurrentItem IN ListFolderResponse\r\n    @@dataset: '%varSiteApp%'\r\n    @@path: '%CurrentItem[\\'Path\\']%'\r\n    @@connectionDisplayName: '007_sharepoint'\r\n    External.InvokeCloudConnector Connection: '57c0e1d1-ba2a-4534-8be2-21bcd050767f' ConnectorId: '/providers/Microsoft.PowerApps/apis/shared_sharepointonline' OperationId: 'GetFileContentByPath' @dataset: varSiteApp @path: CurrentItem['Path'] @inferContentType: True @GetFileContentByPathResponse=&gt; GetFileContentByPathResponse\r\n    File.ConvertFromBinary BinaryData: GetFileContentByPathResponse File: $'''C:\\\\Files\\\\Inbox\\\\%CurrentItem['DisplayName']%''' IfFileExists: File.IfExists.Overwrite\r\n    Variables.AddItemToList Item: $'''C:\\\\Files\\\\Inbox\\\\%CurrentItem['DisplayName']%''' List: List\r\nEND\r\nVariables.SortList.SortList List: List\r\nPdf.MergeFiles PDFFiles: List MergedPDFPath: $'''C:\\\\Files\\\\Processed\\\\eSLIP_%varEslip%.pdf''' IfFileExists: Pdf.IfFileExists.AddSequentialSuffix PasswordDelimiter: $''',''' MergedPDF=&gt; MergedPDF\r\nON ERROR REPEAT 1 TIMES WAIT 2\r\nEND\r\nFile.Delete Files: List\r\nFile.ConvertToBinary File: MergedPDF BinaryData=&gt; BinaryData\r\n@@dataset: '%varSiteApp%'\r\n@@folderPath: '/eSLIPS_library/%varEslip%/'\r\n@@connectionDisplayName: '007_sharepoint'\r\nExternal.InvokeCloudConnector Connection: '57c0e1d1-ba2a-4534-8be2-21bcd050767f' ConnectorId: '/providers/Microsoft.PowerApps/apis/shared_sharepointonline' OperationId: 'CreateFile' @dataset: varSiteApp @folderPath: $'''/eSLIPS_library/%varEslip%/''' @name: MergedPDF['Name'] @body: BinaryData @CreateFileResponse=&gt; CreateFileResponse\r\nSET varIdFile TO CreateFileResponse['ItemId']\r\nFile.Delete Files: MergedPDF\r\n"</Definition>
      <SchemaVersion>2022.06</SchemaVersion>
      <PrimaryEntity>none</PrimaryEntity>
      <LocalizedNames>
        <LocalizedName languagecode="1033" description="007 - merge files" />
      </LocalizedNames>
    </Workflow>
    <Workflow WorkflowId="{3957410d-ba53-ed11-bba2-0022489fdc80}" Name="007 - create PDFS">
      <JsonFileName>/Workflows/007-createPDFS-3957410D-BA53-ED11-BBA2-0022489FDC80.json</JsonFileName>
      <Type>1</Type>
      <Subprocess>0</Subprocess>
      <Category>5</Category>
      <Mode>0</Mode>
      <Scope>4</Scope>
      <OnDemand>0</OnDemand>
      <TriggerOnCreate>0</TriggerOnCreate>
      <TriggerOnDelete>0</TriggerOnDelete>
      <AsyncAutodelete>0</AsyncAutodelete>
      <SyncWorkflowLogOnFailure>0</SyncWorkflowLogOnFailure>
      <StateCode>0</StateCode>
      <StatusCode>1</StatusCode>
      <RunAs>1</RunAs>
      <IsTransacted>1</IsTransacted>
      <IntroducedVersion>1.0.0.0</IntroducedVersion>
      <IsCustomizable>1</IsCustomizable>
      <IsCustomProcessingStepAllowedForOtherPublishers>1</IsCustomProcessingStepAllowedForOtherPublishers>
      <PrimaryEntity>none</PrimaryEntity>
      <LocalizedNames>
        <LocalizedName languagecode="1033" description="007 - create PDFS" />
      </LocalizedNames>
    </Workflow>
    <Workflow WorkflowId="{d273052b-677d-ed11-81ad-0022489fdc80}" Name="007 - Reprocess PDFs on demand">
      <JsonFileName>/Workflows/007-ReprocessPDFsondemand-D273052B-677D-ED11-81AD-0022489FDC80.json</JsonFileName>
      <Type>1</Type>
      <Subprocess>0</Subprocess>
      <Category>5</Category>
      <Mode>0</Mode>
      <Scope>4</Scope>
      <OnDemand>0</OnDemand>
      <TriggerOnCreate>0</TriggerOnCreate>
      <TriggerOnDelete>0</TriggerOnDelete>
      <AsyncAutodelete>0</AsyncAutodelete>
      <SyncWorkflowLogOnFailure>0</SyncWorkflowLogOnFailure>
      <StateCode>0</StateCode>
      <StatusCode>1</StatusCode>
      <RunAs>1</RunAs>
      <IsTransacted>1</IsTransacted>
      <IntroducedVersion>1.0.0.0</IntroducedVersion>
      <IsCustomizable>1</IsCustomizable>
      <IsCustomProcessingStepAllowedForOtherPublishers>1</IsCustomProcessingStepAllowedForOtherPublishers>
      <PrimaryEntity>none</PrimaryEntity>
      <LocalizedNames>
        <LocalizedName languagecode="1033" description="007 - Reprocess PDFs on demand" />
      </LocalizedNames>
    </Workflow>
    <Workflow WorkflowId="{3757410d-ba53-ed11-bba2-0022489fdc80}" Name="007 - Excluir">
      <JsonFileName>/Workflows/007-Excluir-3757410D-BA53-ED11-BBA2-0022489FDC80.json</JsonFileName>
      <Type>1</Type>
      <Subprocess>0</Subprocess>
      <Category>5</Category>
      <Mode>0</Mode>
      <Scope>4</Scope>
      <OnDemand>0</OnDemand>
      <TriggerOnCreate>0</TriggerOnCreate>
      <TriggerOnDelete>0</TriggerOnDelete>
      <AsyncAutodelete>0</AsyncAutodelete>
      <SyncWorkflowLogOnFailure>0</SyncWorkflowLogOnFailure>
      <StateCode>1</StateCode>
      <StatusCode>2</StatusCode>
      <RunAs>1</RunAs>
      <IsTransacted>1</IsTransacted>
      <IntroducedVersion>1.0.0.0</IntroducedVersion>
      <IsCustomizable>1</IsCustomizable>
      <IsCustomProcessingStepAllowedForOtherPublishers>1</IsCustomProcessingStepAllowedForOtherPublishers>
      <PrimaryEntity>none</PrimaryEntity>
      <LocalizedNames>
        <LocalizedName languagecode="1033" description="007 - Excluir" />
      </LocalizedNames>
    </Workflow>
    <Workflow WorkflowId="{3857410d-ba53-ed11-bba2-0022489fdc80}" Name="007 - Rejeitar">
      <JsonFileName>/Workflows/007-Rejeitar-3857410D-BA53-ED11-BBA2-0022489FDC80.json</JsonFileName>
      <Type>1</Type>
      <Subprocess>0</Subprocess>
      <Category>5</Category>
      <Mode>0</Mode>
      <Scope>4</Scope>
      <OnDemand>0</OnDemand>
      <TriggerOnCreate>0</TriggerOnCreate>
      <TriggerOnDelete>0</TriggerOnDelete>
      <AsyncAutodelete>0</AsyncAutodelete>
      <SyncWorkflowLogOnFailure>0</SyncWorkflowLogOnFailure>
      <StateCode>1</StateCode>
      <StatusCode>2</StatusCode>
      <RunAs>1</RunAs>
      <IsTransacted>1</IsTransacted>
      <IntroducedVersion>1.0.0.0</IntroducedVersion>
      <IsCustomizable>1</IsCustomizable>
      <IsCustomProcessingStepAllowedForOtherPublishers>1</IsCustomProcessingStepAllowedForOtherPublishers>
      <PrimaryEntity>none</PrimaryEntity>
      <LocalizedNames>
        <LocalizedName languagecode="1033" description="007 - Rejeitar" />
      </LocalizedNames>
    </Workflow>
    <Workflow WorkflowId="{32c4d2c0-ab71-ed11-9561-0022489fde0d}" Name="007 - Reprocessing PDF">
      <JsonFileName>/Workflows/007-ReprocessingPDF-32C4D2C0-AB71-ED11-9561-0022489FDE0D.json</JsonFileName>
      <Type>1</Type>
      <Subprocess>0</Subprocess>
      <Category>5</Category>
      <Mode>0</Mode>
      <Scope>4</Scope>
      <OnDemand>0</OnDemand>
      <TriggerOnCreate>0</TriggerOnCreate>
      <TriggerOnDelete>0</TriggerOnDelete>
      <AsyncAutodelete>0</AsyncAutodelete>
      <SyncWorkflowLogOnFailure>0</SyncWorkflowLogOnFailure>
      <StateCode>0</StateCode>
      <StatusCode>1</StatusCode>
      <RunAs>1</RunAs>
      <IsTransacted>1</IsTransacted>
      <IntroducedVersion>1.0.0.0</IntroducedVersion>
      <IsCustomizable>1</IsCustomizable>
      <IsCustomProcessingStepAllowedForOtherPublishers>1</IsCustomProcessingStepAllowedForOtherPublishers>
      <PrimaryEntity>none</PrimaryEntity>
      <LocalizedNames>
        <LocalizedName languagecode="1033" description="007 - Reprocessing PDF" />
      </LocalizedNames>
    </Workflow>
    <Workflow WorkflowId="{3ddd4c6c-4f72-ed11-9561-0022489fde0d}" Name="007 - Impressao">
      <JsonFileName>/Workflows/007-Impressao-3DDD4C6C-4F72-ED11-9561-0022489FDE0D.json</JsonFileName>
      <Type>1</Type>
      <Subprocess>0</Subprocess>
      <Category>5</Category>
      <Mode>0</Mode>
      <Scope>4</Scope>
      <OnDemand>0</OnDemand>
      <TriggerOnCreate>0</TriggerOnCreate>
      <TriggerOnDelete>0</TriggerOnDelete>
      <AsyncAutodelete>0</AsyncAutodelete>
      <SyncWorkflowLogOnFailure>0</SyncWorkflowLogOnFailure>
      <StateCode>1</StateCode>
      <StatusCode>2</StatusCode>
      <RunAs>1</RunAs>
      <IsTransacted>1</IsTransacted>
      <IntroducedVersion>1.0.0.0</IntroducedVersion>
      <IsCustomizable>1</IsCustomizable>
      <IsCustomProcessingStepAllowedForOtherPublishers>1</IsCustomProcessingStepAllowedForOtherPublishers>
      <PrimaryEntity>none</PrimaryEntity>
      <LocalizedNames>
        <LocalizedName languagecode="1033" description="007 - Impressao" />
      </LocalizedNames>
    </Workflow>
    <Workflow WorkflowId="{f576a5dd-4f72-ed11-9561-0022489fde0d}" Name="007 - PDF gerado">
      <JsonFileName>/Workflows/007-PDFgerado-F576A5DD-4F72-ED11-9561-0022489FDE0D.json</JsonFileName>
      <Type>1</Type>
      <Subprocess>0</Subprocess>
      <Category>5</Category>
      <Mode>0</Mode>
      <Scope>4</Scope>
      <OnDemand>0</OnDemand>
      <TriggerOnCreate>0</TriggerOnCreate>
      <TriggerOnDelete>0</TriggerOnDelete>
      <AsyncAutodelete>0</AsyncAutodelete>
      <SyncWorkflowLogOnFailure>0</SyncWorkflowLogOnFailure>
      <StateCode>1</StateCode>
      <StatusCode>2</StatusCode>
      <RunAs>1</RunAs>
      <IsTransacted>1</IsTransacted>
      <IntroducedVersion>1.0.0.0</IntroducedVersion>
      <IsCustomizable>1</IsCustomizable>
      <IsCustomProcessingStepAllowedForOtherPublishers>1</IsCustomProcessingStepAllowedForOtherPublishers>
      <PrimaryEntity>none</PrimaryEntity>
      <LocalizedNames>
        <LocalizedName languagecode="1033" description="007 - PDF gerado" />
      </LocalizedNames>
    </Workflow>
    <Workflow WorkflowId="{1498070a-ba53-ed11-bba2-0022489fde0d}" Name="007 - Financeiro">
      <JsonFileName>/Workflows/007-Financeiro-1498070A-BA53-ED11-BBA2-0022489FDE0D.json</JsonFileName>
      <Type>1</Type>
      <Subprocess>0</Subprocess>
      <Category>5</Category>
      <Mode>0</Mode>
      <Scope>4</Scope>
      <OnDemand>0</OnDemand>
      <TriggerOnCreate>0</TriggerOnCreate>
      <TriggerOnDelete>0</TriggerOnDelete>
      <AsyncAutodelete>0</AsyncAutodelete>
      <SyncWorkflowLogOnFailure>0</SyncWorkflowLogOnFailure>
      <StateCode>1</StateCode>
      <StatusCode>2</StatusCode>
      <RunAs>1</RunAs>
      <IsTransacted>1</IsTransacted>
      <IntroducedVersion>1.0.0.0</IntroducedVersion>
      <IsCustomizable>1</IsCustomizable>
      <IsCustomProcessingStepAllowedForOtherPublishers>1</IsCustomProcessingStepAllowedForOtherPublishers>
      <PrimaryEntity>none</PrimaryEntity>
      <LocalizedNames>
        <LocalizedName languagecode="1033" description="007 - Financeiro" />
      </LocalizedNames>
    </Workflow>
    <Workflow WorkflowId="{1598070a-ba53-ed11-bba2-0022489fde0d}" Name="007 - Logs">
      <JsonFileName>/Workflows/007-Logs-1598070A-BA53-ED11-BBA2-0022489FDE0D.json</JsonFileName>
      <Type>1</Type>
      <Subprocess>0</Subprocess>
      <Category>5</Category>
      <Mode>0</Mode>
      <Scope>4</Scope>
      <OnDemand>0</OnDemand>
      <TriggerOnCreate>0</TriggerOnCreate>
      <TriggerOnDelete>0</TriggerOnDelete>
      <AsyncAutodelete>0</AsyncAutodelete>
      <SyncWorkflowLogOnFailure>0</SyncWorkflowLogOnFailure>
      <StateCode>0</StateCode>
      <StatusCode>1</StatusCode>
      <RunAs>1</RunAs>
      <IsTransacted>1</IsTransacted>
      <IntroducedVersion>1.0.0.0</IntroducedVersion>
      <IsCustomizable>1</IsCustomizable>
      <IsCustomProcessingStepAllowedForOtherPublishers>1</IsCustomProcessingStepAllowedForOtherPublishers>
      <PrimaryEntity>none</PrimaryEntity>
      <LocalizedNames>
        <LocalizedName languagecode="1033" description="007 - Logs" />
      </LocalizedNames>
    </Workflow>
    <Workflow WorkflowId="{1698070a-ba53-ed11-bba2-0022489fde0d}" Name="007 - Approvals">
      <JsonFileName>/Workflows/007-Approvals-1698070A-BA53-ED11-BBA2-0022489FDE0D.json</JsonFileName>
      <Type>1</Type>
      <Subprocess>0</Subprocess>
      <Category>5</Category>
      <Mode>0</Mode>
      <Scope>4</Scope>
      <OnDemand>0</OnDemand>
      <TriggerOnCreate>0</TriggerOnCreate>
      <TriggerOnDelete>0</TriggerOnDelete>
      <AsyncAutodelete>0</AsyncAutodelete>
      <SyncWorkflowLogOnFailure>0</SyncWorkflowLogOnFailure>
      <StateCode>0</StateCode>
      <StatusCode>1</StatusCode>
      <RunAs>1</RunAs>
      <IsTransacted>1</IsTransacted>
      <IntroducedVersion>1.0.0.0</IntroducedVersion>
      <IsCustomizable>1</IsCustomizable>
      <IsCustomProcessingStepAllowedForOtherPublishers>1</IsCustomProcessingStepAllowedForOtherPublishers>
      <PrimaryEntity>none</PrimaryEntity>
      <LocalizedNames>
        <LocalizedName languagecode="1033" description="007 - Approvals" />
      </LocalizedNames>
    </Workflow>
    <Workflow WorkflowId="{1798070a-ba53-ed11-bba2-0022489fde0d}" Name="007 - Contabilidade">
      <JsonFileName>/Workflows/007-Contabilidade-1798070A-BA53-ED11-BBA2-0022489FDE0D.json</JsonFileName>
      <Type>1</Type>
      <Subprocess>0</Subprocess>
      <Category>5</Category>
      <Mode>0</Mode>
      <Scope>4</Scope>
      <OnDemand>0</OnDemand>
      <TriggerOnCreate>0</TriggerOnCreate>
      <TriggerOnDelete>0</TriggerOnDelete>
      <AsyncAutodelete>0</AsyncAutodelete>
      <SyncWorkflowLogOnFailure>0</SyncWorkflowLogOnFailure>
      <StateCode>0</StateCode>
      <StatusCode>1</StatusCode>
      <RunAs>1</RunAs>
      <IsTransacted>1</IsTransacted>
      <IntroducedVersion>1.0.0.0</IntroducedVersion>
      <IsCustomizable>1</IsCustomizable>
      <IsCustomProcessingStepAllowedForOtherPublishers>1</IsCustomProcessingStepAllowedForOtherPublishers>
      <PrimaryEntity>none</PrimaryEntity>
      <LocalizedNames>
        <LocalizedName languagecode="1033" description="007 - Contabilidade" />
      </LocalizedNames>
    </Workflow>
    <Workflow WorkflowId="{5de8da9d-b256-ed11-bba2-0022489fde0d}" Name="007 - update cost center">
      <JsonFileName>/Workflows/007-updatecostcenter-5DE8DA9D-B256-ED11-BBA2-0022489FDE0D.json</JsonFileName>
      <Type>1</Type>
      <Subprocess>0</Subprocess>
      <Category>5</Category>
      <Mode>0</Mode>
      <Scope>4</Scope>
      <OnDemand>0</OnDemand>
      <TriggerOnCreate>0</TriggerOnCreate>
      <TriggerOnDelete>0</TriggerOnDelete>
      <AsyncAutodelete>0</AsyncAutodelete>
      <SyncWorkflowLogOnFailure>0</SyncWorkflowLogOnFailure>
      <StateCode>1</StateCode>
      <StatusCode>2</StatusCode>
      <RunAs>1</RunAs>
      <IsTransacted>1</IsTransacted>
      <IntroducedVersion>1.0.0.0</IntroducedVersion>
      <IsCustomizable>1</IsCustomizable>
      <IsCustomProcessingStepAllowedForOtherPublishers>1</IsCustomProcessingStepAllowedForOtherPublishers>
      <PrimaryEntity>none</PrimaryEntity>
      <LocalizedNames>
        <LocalizedName languagecode="1033" description="007 - update cost center" />
      </LocalizedNames>
    </Workflow>
  </Workflows>
  <FieldSecurityProfiles></FieldSecurityProfiles>
  <Templates />
  <EntityMaps />
  <EntityRelationships />
  <OrganizationSettings />
  <optionsets />
  <CustomControls />
  <EntityDataProviders />
  <CanvasApps>
    <CanvasApp>
      <Name>kabi_eslips_b3087</Name>
      <AppVersion>2023-01-06T12:03:43Z</AppVersion>
      <Status>NotReady</Status>
      <CreatedByClientVersion>3.22122.15.0</CreatedByClientVersion>
      <MinClientVersion>3.22122.15.0</MinClientVersion>
      <Tags>{"primaryDeviceWidth":"1366","primaryDeviceHeight":"768","sienaVersion":"20230102T155920Z-3.22122.15.0","deviceCapabilities":"","supportsPortrait":"true","supportsLandscape":"true","primaryFormFactor":"Tablet","publisherVersion":"3.22122.15","minimumRequiredApiVersion":"2.2.0","hasComponent":"true","hasUnlockedComponent":"true","isUnifiedRootApp":"false"}</Tags>
      <IsCdsUpgraded>0</IsCdsUpgraded>
      <GalleryItemId xsi:nil="true"></GalleryItemId>
      <BackgroundColor>rgba(0, 18, 107, 1)</BackgroundColor>
      <DisplayName>eSLIPS</DisplayName>
      <Description xsi:nil="true"></Description>
      <CommitMessage xsi:nil="true"></CommitMessage>
      <Publisher></Publisher>
      <AuthorizationReferences>[]</AuthorizationReferences>
      <ConnectionReferences>{"e86070b2-bb7e-4fc5-ba29-66d29a875279":{"id":"/providers/microsoft.powerapps/apis/shared_sharepointonline","displayName":"SharePoint","iconUri":"https://connectoricons-prod.azureedge.net/u/juanq/gateway/greyhound/3000.150.11/1.0.1613.3116/sharepointonline/icon.png","dataSources":["007_log","007_out_of_time","007_access_eslip","007_centro_custo","007_fornecedores","007_eslips_library","007_access_petty_cash","007_eslips","007_fluxos","007_approval_item","007_approval_requests","007_approval_responses"],"dependencies":[],"dependents":["2769263d-25cd-4e36-b644-8550b89e1bfc","35866738-46aa-40c8-b2d9-87c663c65e68","45b57a8f-7f06-4004-8631-ff0fa29f50ed","94945ec0-0807-4626-a681-4a9d1ce92b06","03a50802-05f7-4ba6-bf6c-c61a00e6148e","d91fc947-e742-40a1-a170-e4c80ad3e8c3","511d934f-0283-4eb0-b039-dd8d3ad1b673","12ff6c7a-4fa5-465a-a26e-8a3cc6e7961e","ae41dc85-21b5-4f82-bb39-c46af8df5304","56ef943e-25e1-4ff6-bdfc-138fa90d6d62"],"parameterHints":{},"parameterHintsV2":{},"isOnPremiseConnection":false,"bypassConsent":false,"dataSets":{"https://fresenius.sharepoint.com/teams/Team-FK-Business-Application-BR-Dev":{"datasetOverride":{"environmentVariableName":"kabi_007_site_app"},"dataSources":{"007_log":{"tableName":"b23d228a-320f-431c-a6b4-b74ef8daa482","tableNameOverride":{"name":"b23d228a-320f-431c-a6b4-b74ef8daa482","environmentVariableName":"kabi_007_log"}},"007_out_of_time":{"tableName":"4494fe84-d971-412d-926f-f342f344a95d","tableNameOverride":{"name":"4494fe84-d971-412d-926f-f342f344a95d","environmentVariableName":"kabi_007_out_of_time"}},"007_access_eslip":{"tableName":"b97aafdb-7d19-481c-9571-816bfb502b77","tableNameOverride":{"name":"b97aafdb-7d19-481c-9571-816bfb502b77","environmentVariableName":"kabi_007_access_eslip"}},"007_centro_custo":{"tableName":"0cdd9aca-bc7a-410f-aeeb-c428add829d3","tableNameOverride":{"name":"0cdd9aca-bc7a-410f-aeeb-c428add829d3","environmentVariableName":"kabi_007_centro_custo"}},"007_fornecedores":{"tableName":"9a6efdf4-9a56-4c9b-a5ca-0efd7567f22b","tableNameOverride":{"name":"9a6efdf4-9a56-4c9b-a5ca-0efd7567f22b","environmentVariableName":"kabi_007_fornecedores"}},"007_eslips_library":{"tableName":"669d651c-7c9e-40bf-a2a2-f2436ce2e356","tableNameOverride":{"name":"669d651c-7c9e-40bf-a2a2-f2436ce2e356","environmentVariableName":"kabi_007_eslips_library"}},"007_access_petty_cash":{"tableName":"9bf80f4d-c94d-47cb-8edb-99865903fa04","tableNameOverride":{"name":"9bf80f4d-c94d-47cb-8edb-99865903fa04","environmentVariableName":"kabi_007_access_petty_cash"}},"007_eslips":{"tableName":"96935aeb-7118-445d-9999-56b4a174d04f","tableNameOverride":{"name":"96935aeb-7118-445d-9999-56b4a174d04f","environmentVariableName":"kabi_007_eslips"}},"007_fluxos":{"tableName":"7f8fba34-b146-42ba-9128-0210436ff1b7","tableNameOverride":{"name":"7f8fba34-b146-42ba-9128-0210436ff1b7","environmentVariableName":"kabi_007_fluxos"}},"007_approval_item":{"tableName":"a9a2ee67-2d24-4a4e-b4ae-5f6391a65912","tableNameOverride":{"environmentVariableName":"kabi_007_approval_item"}},"007_approval_requests":{"tableName":"d53b66fc-fdaa-4f00-8964-3e12c8a6de5d","tableNameOverride":{"environmentVariableName":"kabi_007_approval_requests"}},"007_approval_responses":{"tableName":"bc3435b0-7334-4ca4-90dc-646468e6e608","tableNameOverride":{"environmentVariableName":"kabi_007_approval_responses"}}}}},"apiTier":"Standard","actions":["providers/PowerPlatform.Governance/Operations/Read"]},"2769263d-25cd-4e36-b644-8550b89e1bfc":{"id":"/providers/microsoft.powerapps/apis/shared_logicflows","displayName":"Logic flows","iconUri":"https://connectoricons-prod.azureedge.net/releases/v1.0.1534/1.0.1534.2605/logicflows/icon.png","dataSources":["007-Contabilidade"],"dependencies":["e86070b2-bb7e-4fc5-ba29-66d29a875279","5a75b440-086e-4116-b42a-581300dcb6ba"],"dependents":[],"parameterHints":{"workflowName":{"value":"666604eb-2538-4501-a604-35d33d116415"},"workflowEntityId":{"value":"1798070a-ba53-ed11-bba2-0022489fde0d"},"e86070b2-bb7e-4fc5-ba29-66d29a875279":{"value":"shared_sharepointonline_1"},"5a75b440-086e-4116-b42a-581300dcb6ba":{"value":"shared_office365_1"}},"parameterHintsV2":{"workflowName":{"value":"666604eb-2538-4501-a604-35d33d116415"},"workflowEntityId":{"value":"1798070a-ba53-ed11-bba2-0022489fde0d"},"shared_sharepointonline_1":{"value":"e86070b2-bb7e-4fc5-ba29-66d29a875279"},"shared_office365_1":{"value":"5a75b440-086e-4116-b42a-581300dcb6ba"}},"isOnPremiseConnection":false,"bypassConsent":false,"dataSets":{},"apiTier":"Standard","actions":["Run"]},"5a75b440-086e-4116-b42a-581300dcb6ba":{"id":"/providers/microsoft.powerapps/apis/shared_office365","displayName":"Office 365 Outlook","iconUri":"https://connectoricons-prod.azureedge.net/releases/v1.0.1613/1.0.1613.3125/office365/icon.png","dataSources":[],"dependencies":[],"dependents":["2769263d-25cd-4e36-b644-8550b89e1bfc","511d934f-0283-4eb0-b039-dd8d3ad1b673","12ff6c7a-4fa5-465a-a26e-8a3cc6e7961e"],"parameterHints":{},"parameterHintsV2":{},"isOnPremiseConnection":false,"bypassConsent":false,"dataSets":{},"apiTier":"Standard"},"35866738-46aa-40c8-b2d9-87c663c65e68":{"id":"/providers/microsoft.powerapps/apis/shared_logicflows","displayName":"Logic flows","iconUri":"https://connectoricons-prod.azureedge.net/releases/v1.0.1534/1.0.1534.2605/logicflows/icon.png","dataSources":["007-Impressao"],"dependencies":["e86070b2-bb7e-4fc5-ba29-66d29a875279"],"dependents":[],"parameterHints":{"workflowName":{"value":"84cd1b0a-f8aa-4a5d-8fde-5832bd900d58"},"workflowEntityId":{"value":"3ddd4c6c-4f72-ed11-9561-0022489fde0d"},"e86070b2-bb7e-4fc5-ba29-66d29a875279":{"value":"shared_sharepointonline"}},"parameterHintsV2":{"workflowName":{"value":"84cd1b0a-f8aa-4a5d-8fde-5832bd900d58"},"workflowEntityId":{"value":"3ddd4c6c-4f72-ed11-9561-0022489fde0d"},"shared_sharepointonline":{"value":"e86070b2-bb7e-4fc5-ba29-66d29a875279"}},"isOnPremiseConnection":false,"bypassConsent":false,"dataSets":{},"apiTier":"Standard","actions":["Run"]},"45b57a8f-7f06-4004-8631-ff0fa29f50ed":{"id":"/providers/microsoft.powerapps/apis/shared_logicflows","displayName":"Logic flows","iconUri":"https://connectoricons-prod.azureedge.net/releases/v1.0.1534/1.0.1534.2605/logicflows/icon.png","dataSources":["007-PDFgerado"],"dependencies":["e86070b2-bb7e-4fc5-ba29-66d29a875279"],"dependents":[],"parameterHints":{"workflowName":{"value":"2753971b-d1c9-4f59-9971-c175ee584f6a"},"workflowEntityId":{"value":"f576a5dd-4f72-ed11-9561-0022489fde0d"},"e86070b2-bb7e-4fc5-ba29-66d29a875279":{"value":"shared_sharepointonline"}},"parameterHintsV2":{"workflowName":{"value":"2753971b-d1c9-4f59-9971-c175ee584f6a"},"workflowEntityId":{"value":"f576a5dd-4f72-ed11-9561-0022489fde0d"},"shared_sharepointonline":{"value":"e86070b2-bb7e-4fc5-ba29-66d29a875279"}},"isOnPremiseConnection":false,"bypassConsent":false,"dataSets":{},"apiTier":"Standard","actions":["Run"]},"94945ec0-0807-4626-a681-4a9d1ce92b06":{"id":"/providers/microsoft.powerapps/apis/shared_logicflows","displayName":"Logic flows","iconUri":"https://connectoricons-prod.azureedge.net/releases/v1.0.1534/1.0.1534.2605/logicflows/icon.png","dataSources":["007-Excluir"],"dependencies":["e86070b2-bb7e-4fc5-ba29-66d29a875279"],"dependents":[],"parameterHints":{"workflowName":{"value":"08fc7229-822b-4bf5-8f19-a5ac12636d97"},"workflowEntityId":{"value":"3757410d-ba53-ed11-bba2-0022489fdc80"},"e86070b2-bb7e-4fc5-ba29-66d29a875279":{"value":"shared_sharepointonline_1"}},"parameterHintsV2":{"workflowName":{"value":"08fc7229-822b-4bf5-8f19-a5ac12636d97"},"workflowEntityId":{"value":"3757410d-ba53-ed11-bba2-0022489fdc80"},"shared_sharepointonline_1":{"value":"e86070b2-bb7e-4fc5-ba29-66d29a875279"}},"isOnPremiseConnection":false,"bypassConsent":false,"dataSets":{},"apiTier":"Standard","actions":["Run"]},"03a50802-05f7-4ba6-bf6c-c61a00e6148e":{"id":"/providers/microsoft.powerapps/apis/shared_logicflows","displayName":"Logic flows","iconUri":"https://connectoricons-prod.azureedge.net/releases/v1.0.1534/1.0.1534.2605/logicflows/icon.png","dataSources":["007-Rejeitar"],"dependencies":["e86070b2-bb7e-4fc5-ba29-66d29a875279"],"dependents":[],"parameterHints":{"workflowName":{"value":"d4612198-6ca6-4cf7-9c02-c6dd8bf2b8c3"},"workflowEntityId":{"value":"3857410d-ba53-ed11-bba2-0022489fdc80"},"e86070b2-bb7e-4fc5-ba29-66d29a875279":{"value":"shared_sharepointonline_1"}},"parameterHintsV2":{"workflowName":{"value":"d4612198-6ca6-4cf7-9c02-c6dd8bf2b8c3"},"workflowEntityId":{"value":"3857410d-ba53-ed11-bba2-0022489fdc80"},"shared_sharepointonline_1":{"value":"e86070b2-bb7e-4fc5-ba29-66d29a875279"}},"isOnPremiseConnection":false,"bypassConsent":false,"dataSets":{},"apiTier":"Standard","actions":["Run"]},"d91fc947-e742-40a1-a170-e4c80ad3e8c3":{"id":"/providers/microsoft.powerapps/apis/shared_logicflows","displayName":"Logic flows","iconUri":"https://connectoricons-prod.azureedge.net/releases/v1.0.1534/1.0.1534.2605/logicflows/icon.png","dataSources":["007-Financeiro"],"dependencies":["e86070b2-bb7e-4fc5-ba29-66d29a875279"],"dependents":[],"parameterHints":{"workflowName":{"value":"f82fa7cd-a172-435f-9f4a-9e96c238de1c"},"workflowEntityId":{"value":"1498070a-ba53-ed11-bba2-0022489fde0d"},"e86070b2-bb7e-4fc5-ba29-66d29a875279":{"value":"shared_sharepointonline_1"}},"parameterHintsV2":{"workflowName":{"value":"f82fa7cd-a172-435f-9f4a-9e96c238de1c"},"workflowEntityId":{"value":"1498070a-ba53-ed11-bba2-0022489fde0d"},"shared_sharepointonline_1":{"value":"e86070b2-bb7e-4fc5-ba29-66d29a875279"}},"isOnPremiseConnection":false,"bypassConsent":false,"dataSets":{},"apiTier":"Standard","actions":["Run"]},"511d934f-0283-4eb0-b039-dd8d3ad1b673":{"id":"/providers/microsoft.powerapps/apis/shared_logicflows","displayName":"Logic flows","iconUri":"https://connectoricons-prod.azureedge.net/releases/v1.0.1534/1.0.1534.2605/logicflows/icon.png","dataSources":["007-Logs"],"dependencies":["e86070b2-bb7e-4fc5-ba29-66d29a875279","5a75b440-086e-4116-b42a-581300dcb6ba"],"dependents":[],"parameterHints":{"workflowName":{"value":"11f4d720-eaa5-4cc6-9105-e53a25d9053b"},"workflowEntityId":{"value":"1598070a-ba53-ed11-bba2-0022489fde0d"},"e86070b2-bb7e-4fc5-ba29-66d29a875279":{"value":"shared_sharepointonline_1"},"5a75b440-086e-4116-b42a-581300dcb6ba":{"value":"shared_office365_1"}},"parameterHintsV2":{"workflowName":{"value":"11f4d720-eaa5-4cc6-9105-e53a25d9053b"},"workflowEntityId":{"value":"1598070a-ba53-ed11-bba2-0022489fde0d"},"shared_sharepointonline_1":{"value":"e86070b2-bb7e-4fc5-ba29-66d29a875279"},"shared_office365_1":{"value":"5a75b440-086e-4116-b42a-581300dcb6ba"}},"isOnPremiseConnection":false,"bypassConsent":false,"dataSets":{},"apiTier":"Standard","actions":["Run"]},"12ff6c7a-4fa5-465a-a26e-8a3cc6e7961e":{"id":"/providers/microsoft.powerapps/apis/shared_logicflows","displayName":"Logic flows","iconUri":"https://connectoricons-prod.azureedge.net/releases/v1.0.1534/1.0.1534.2605/logicflows/icon.png","dataSources":["007-Approvals"],"dependencies":["e86070b2-bb7e-4fc5-ba29-66d29a875279","68dafa90-ad5f-4bf5-9fdf-290dd2dcde52","f4124ffd-377b-4d0e-9755-d01003ff97d0","5a75b440-086e-4116-b42a-581300dcb6ba"],"dependents":[],"parameterHints":{"workflowName":{"value":"1a6b01d0-3c23-45e6-8442-4389f21e0517"},"workflowEntityId":{"value":"1698070a-ba53-ed11-bba2-0022489fde0d"},"e86070b2-bb7e-4fc5-ba29-66d29a875279":{"value":"shared_sharepointonline_1"},"68dafa90-ad5f-4bf5-9fdf-290dd2dcde52":{"value":"shared_approvals_1"},"f4124ffd-377b-4d0e-9755-d01003ff97d0":{"value":"shared_office365users_1"},"5a75b440-086e-4116-b42a-581300dcb6ba":{"value":"shared_office365_1"}},"parameterHintsV2":{"workflowName":{"value":"1a6b01d0-3c23-45e6-8442-4389f21e0517"},"workflowEntityId":{"value":"1698070a-ba53-ed11-bba2-0022489fde0d"},"shared_sharepointonline_1":{"value":"e86070b2-bb7e-4fc5-ba29-66d29a875279"},"shared_approvals_1":{"value":"68dafa90-ad5f-4bf5-9fdf-290dd2dcde52"},"shared_office365users_1":{"value":"f4124ffd-377b-4d0e-9755-d01003ff97d0"},"shared_office365_1":{"value":"5a75b440-086e-4116-b42a-581300dcb6ba"}},"isOnPremiseConnection":false,"bypassConsent":false,"dataSets":{},"apiTier":"Standard","actions":["Run"]},"68dafa90-ad5f-4bf5-9fdf-290dd2dcde52":{"id":"/providers/microsoft.powerapps/apis/shared_approvals","displayName":"Approvals","iconUri":"https://connectoricons-prod.azureedge.net/releases/v1.0.1599/1.0.1599.3017/approvals/icon.png","dataSources":[],"dependencies":[],"dependents":["12ff6c7a-4fa5-465a-a26e-8a3cc6e7961e"],"parameterHints":{},"parameterHintsV2":{},"isOnPremiseConnection":false,"bypassConsent":false,"dataSets":{},"apiTier":"Standard"},"f4124ffd-377b-4d0e-9755-d01003ff97d0":{"id":"/providers/microsoft.powerapps/apis/shared_office365users","displayName":"Office 365 Users","iconUri":"https://connectoricons-prod.azureedge.net/releases/v1.0.1611/1.0.1611.3104/office365users/icon.png","dataSources":[],"dependencies":[],"dependents":["12ff6c7a-4fa5-465a-a26e-8a3cc6e7961e"],"parameterHints":{},"parameterHintsV2":{},"isOnPremiseConnection":false,"bypassConsent":false,"dataSets":{},"apiTier":"Standard"},"ae41dc85-21b5-4f82-bb39-c46af8df5304":{"id":"/providers/microsoft.powerapps/apis/shared_logicflows","displayName":"Logic flows","iconUri":"https://connectoricons-prod.azureedge.net/releases/v1.0.1534/1.0.1534.2605/logicflows/icon.png","dataSources":["007-Pettycash-finalizar"],"dependencies":["e86070b2-bb7e-4fc5-ba29-66d29a875279"],"dependents":[],"parameterHints":{"workflowName":{"value":"93124268-9e83-414f-a121-f27d353d8a88"},"workflowEntityId":{"value":"6667f34a-ee85-ed11-81ad-000d3aacacb8"},"e86070b2-bb7e-4fc5-ba29-66d29a875279":{"value":"shared_sharepointonline"}},"parameterHintsV2":{"workflowName":{"value":"93124268-9e83-414f-a121-f27d353d8a88"},"workflowEntityId":{"value":"6667f34a-ee85-ed11-81ad-000d3aacacb8"},"shared_sharepointonline":{"value":"e86070b2-bb7e-4fc5-ba29-66d29a875279"}},"isOnPremiseConnection":false,"bypassConsent":false,"dataSets":{},"apiTier":"Standard","actions":["Run"]},"56ef943e-25e1-4ff6-bdfc-138fa90d6d62":{"id":"/providers/microsoft.powerapps/apis/shared_logicflows","displayName":"Logic flows","iconUri":"https://connectoricons-prod.azureedge.net/releases/v1.0.1534/1.0.1534.2605/logicflows/icon.png","dataSources":["007-Pettycash-liberar"],"dependencies":["e86070b2-bb7e-4fc5-ba29-66d29a875279"],"dependents":[],"parameterHints":{"workflowName":{"value":"02616a48-ef1f-4420-a08f-39dfd841ad86"},"workflowEntityId":{"value":"21038310-f085-ed11-81ad-000d3aacacb8"},"e86070b2-bb7e-4fc5-ba29-66d29a875279":{"value":"shared_sharepointonline"}},"parameterHintsV2":{"workflowName":{"value":"02616a48-ef1f-4420-a08f-39dfd841ad86"},"workflowEntityId":{"value":"21038310-f085-ed11-81ad-000d3aacacb8"},"shared_sharepointonline":{"value":"e86070b2-bb7e-4fc5-ba29-66d29a875279"}},"isOnPremiseConnection":false,"bypassConsent":false,"dataSets":{},"apiTier":"Standard","actions":["Run"]}}</ConnectionReferences>
      <DatabaseReferences>{}</DatabaseReferences>
      <AppComponents>[]</AppComponents>
      <AppComponentDependencies>[{"appComponentName":"389dbf1058914b528d4cca350970a482","appName":"90b82fdf-14a9-4d6b-bdb3-102bae329978","appComponentLibraryName":"4566112a-8238-4e07-a0f5-6fbb4d911839","appComponentLibraryVersion":"2022-12-29T17:46:19Z","appComponentLibraryLogicalName":"crbb5_appinformations_fcf01","environmentName":"5ff56345-fd52-e122-ac5d-dbecca0e2a54"},{"appComponentName":"2da09d597c024d158eebd4610131a936","appName":"90b82fdf-14a9-4d6b-bdb3-102bae329978","appComponentLibraryName":"4566112a-8238-4e07-a0f5-6fbb4d911839","appComponentLibraryVersion":"2022-12-29T17:46:19Z","appComponentLibraryLogicalName":"crbb5_appinformations_fcf01","environmentName":"5ff56345-fd52-e122-ac5d-dbecca0e2a54"},{"appComponentName":"fafee1b99c3042d79d6845db4aad026a","appName":"90b82fdf-14a9-4d6b-bdb3-102bae329978","appComponentLibraryName":"4566112a-8238-4e07-a0f5-6fbb4d911839","appComponentLibraryVersion":"2022-12-29T17:46:19Z","appComponentLibraryLogicalName":"crbb5_appinformations_fcf01","environmentName":"5ff56345-fd52-e122-ac5d-dbecca0e2a54"}]</AppComponentDependencies>
      <CanConsumeAppPass>1</CanConsumeAppPass>
      <CanvasAppType>0</CanvasAppType>
      <BypassConsent>0</BypassConsent>
      <AdminControlBypassConsent>0</AdminControlBypassConsent>
      <EmbeddedApp xsi:nil="true"></EmbeddedApp>
      <IntroducedVersion>1.0</IntroducedVersion>
      <CdsDependencies>{"cdsdependencies":[{"logicalname":"kabi_007_site_app","componenttype":380,"componenttypeplatformname":"EnvironmentVariableDefinition"},{"logicalname":"kabi_007_log","componenttype":380,"componenttypeplatformname":"EnvironmentVariableDefinition"},{"logicalname":"kabi_007_out_of_time","componenttype":380,"componenttypeplatformname":"EnvironmentVariableDefinition"},{"logicalname":"kabi_007_access_eslip","componenttype":380,"componenttypeplatformname":"EnvironmentVariableDefinition"},{"logicalname":"kabi_007_centro_custo","componenttype":380,"componenttypeplatformname":"EnvironmentVariableDefinition"},{"logicalname":"kabi_007_fornecedores","componenttype":380,"componenttypeplatformname":"EnvironmentVariableDefinition"},{"logicalname":"kabi_007_eslips_library","componenttype":380,"componenttypeplatformname":"EnvironmentVariableDefinition"},{"logicalname":"kabi_007_access_petty_cash","componenttype":380,"componenttypeplatformname":"EnvironmentVariableDefinition"},{"logicalname":"kabi_007_eslips","componenttype":380,"componenttypeplatformname":"EnvironmentVariableDefinition"},{"logicalname":"kabi_007_fluxos","componenttype":380,"componenttypeplatformname":"EnvironmentVariableDefinition"},{"logicalname":"kabi_007_approval_item","componenttype":380,"componenttypeplatformname":"EnvironmentVariableDefinition"},{"logicalname":"kabi_007_approval_requests","componenttype":380,"componenttypeplatformname":"EnvironmentVariableDefinition"},{"logicalname":"kabi_007_approval_responses","componenttype":380,"componenttypeplatformname":"EnvironmentVariableDefinition"},{"logicalname":"crbb5_appinformations_fcf01","componenttype":300,"componenttypeplatformname":"CanvasApp"}]}</CdsDependencies>
      <IsCustomizable>1</IsCustomizable>
      <BackgroundImageUri>/CanvasApps/kabi_eslips_b3087_BackgroundImageUri</BackgroundImageUri>
      <DocumentUri>/CanvasApps/kabi_eslips_b3087_DocumentUri.msapp</DocumentUri>
    </CanvasApp>
  </CanvasApps>
  <connectionreferences>
    <connectionreference connectionreferencelogicalname="kabi_007_approvals">
      <connectionreferencedisplayname>007_approvals</connectionreferencedisplayname>
      <connectorid>/providers/Microsoft.PowerApps/apis/shared_approvals</connectorid>
      <iscustomizable>1</iscustomizable>
      <statecode>0</statecode>
      <statuscode>1</statuscode>
    </connectionreference>
    <connectionreference connectionreferencelogicalname="kabi_007_office365users">
      <connectionreferencedisplayname>007_office365users</connectionreferencedisplayname>
      <connectorid>/providers/Microsoft.PowerApps/apis/shared_office365users</connectorid>
      <iscustomizable>1</iscustomizable>
      <statecode>0</statecode>
      <statuscode>1</statuscode>
    </connectionreference>
    <connectionreference connectionreferencelogicalname="kabi_007_onedrive">
      <connectionreferencedisplayname>007_onedrive</connectionreferencedisplayname>
      <connectorid>/providers/Microsoft.PowerApps/apis/shared_onedriveforbusiness</connectorid>
      <iscustomizable>1</iscustomizable>
      <statecode>0</statecode>
      <statuscode>1</statuscode>
    </connectionreference>
    <connectionreference connectionreferencelogicalname="kabi_007_outlook365">
      <connectionreferencedisplayname>007_outlook365</connectionreferencedisplayname>
      <connectorid>/providers/Microsoft.PowerApps/apis/shared_office365</connectorid>
      <iscustomizable>1</iscustomizable>
      <statecode>0</statecode>
      <statuscode>1</statuscode>
    </connectionreference>
    <connectionreference connectionreferencelogicalname="kabi_007_sharepoint">
      <connectionreferencedisplayname>007_sharepoint</connectionreferencedisplayname>
      <connectorid>/providers/Microsoft.PowerApps/apis/shared_sharepointonline</connectorid>
      <iscustomizable>1</iscustomizable>
      <statecode>0</statecode>
      <statuscode>1</statuscode>
    </connectionreference>
    <connectionreference connectionreferencelogicalname="kabi_shareduiflow_9d3b3">
      <connectionreferencedisplayname>007 - DesktopFlows</connectionreferencedisplayname>
      <connectorid>/providers/Microsoft.PowerApps/apis/shared_uiflow</connectorid>
      <iscustomizable>1</iscustomizable>
      <statecode>0</statecode>
      <statuscode>1</statuscode>
    </connectionreference>
    <connectionreference connectionreferencelogicalname="kabi_sharedwordonlinebusiness_164e8">
      <connectionreferencedisplayname>007 - WordOnline</connectionreferencedisplayname>
      <connectorid>/providers/Microsoft.PowerApps/apis/shared_wordonlinebusiness</connectorid>
      <iscustomizable>1</iscustomizable>
      <statecode>0</statecode>
      <statuscode>1</statuscode>
    </connectionreference>
  </connectionreferences>
  <Languages>
    <Language>1033</Language>
  </Languages>
</ImportExportXml>