<ImportExportXml version="9.2.23021.198" SolutionPackageVersion="9.2" languagecode="1033" generatedBy="CrmLive" xmlns:xsi="http://www.w3.org/2001/XMLSchema-instance">
  <SolutionManifest>
    <UniqueName>eSLIPS</UniqueName>
    <LocalizedNames>
      <LocalizedName description="eSLIPS" languagecode="1033" />
    </LocalizedNames>
    <Descriptions />
    <Version>1.0.0.2</Version>
    <Managed>0</Managed>
    <Publisher>
      <UniqueName>Business_Application_BR</UniqueName>
      <LocalizedNames>
        <LocalizedName description="Business Application BR" languagecode="1033" />
      </LocalizedNames>
      <Descriptions />
      <EMailAddress xsi:nil="true"></EMailAddress>
      <SupportingWebsiteUrl xsi:nil="true"></SupportingWebsiteUrl>
      <CustomizationPrefix>kabi</CustomizationPrefix>
      <CustomizationOptionValuePrefix>58909</CustomizationOptionValuePrefix>
      <Addresses>
        <Address>
          <AddressNumber>1</AddressNumber>
          <AddressTypeCode>1</AddressTypeCode>
          <City xsi:nil="true"></City>
          <County xsi:nil="true"></County>
          <Country xsi:nil="true"></Country>
          <Fax xsi:nil="true"></Fax>
          <FreightTermsCode xsi:nil="true"></FreightTermsCode>
          <ImportSequenceNumber xsi:nil="true"></ImportSequenceNumber>
          <Latitude xsi:nil="true"></Latitude>
          <Line1 xsi:nil="true"></Line1>
          <Line2 xsi:nil="true"></Line2>
          <Line3 xsi:nil="true"></Line3>
          <Longitude xsi:nil="true"></Longitude>
          <Name xsi:nil="true"></Name>
          <PostalCode xsi:nil="true"></PostalCode>
          <PostOfficeBox xsi:nil="true"></PostOfficeBox>
          <PrimaryContactName xsi:nil="true"></PrimaryContactName>
          <ShippingMethodCode>1</ShippingMethodCode>
          <StateOrProvince xsi:nil="true"></StateOrProvince>
          <Telephone1 xsi:nil="true"></Telephone1>
          <Telephone2 xsi:nil="true"></Telephone2>
          <Telephone3 xsi:nil="true"></Telephone3>
          <TimeZoneRuleVersionNumber xsi:nil="true"></TimeZoneRuleVersionNumber>
          <UPSZone xsi:nil="true"></UPSZone>
          <UTCOffset xsi:nil="true"></UTCOffset>
          <UTCConversionTimeZoneCode xsi:nil="true"></UTCConversionTimeZoneCode>
        </Address>
        <Address>
          <AddressNumber>2</AddressNumber>
          <AddressTypeCode>1</AddressTypeCode>
          <City xsi:nil="true"></City>
          <County xsi:nil="true"></County>
          <Country xsi:nil="true"></Country>
          <Fax xsi:nil="true"></Fax>
          <FreightTermsCode xsi:nil="true"></FreightTermsCode>
          <ImportSequenceNumber xsi:nil="true"></ImportSequenceNumber>
          <Latitude xsi:nil="true"></Latitude>
          <Line1 xsi:nil="true"></Line1>
          <Line2 xsi:nil="true"></Line2>
          <Line3 xsi:nil="true"></Line3>
          <Longitude xsi:nil="true"></Longitude>
          <Name xsi:nil="true"></Name>
          <PostalCode xsi:nil="true"></PostalCode>
          <PostOfficeBox xsi:nil="true"></PostOfficeBox>
          <PrimaryContactName xsi:nil="true"></PrimaryContactName>
          <ShippingMethodCode>1</ShippingMethodCode>
          <StateOrProvince xsi:nil="true"></StateOrProvince>
          <Telephone1 xsi:nil="true"></Telephone1>
          <Telephone2 xsi:nil="true"></Telephone2>
          <Telephone3 xsi:nil="true"></Telephone3>
          <TimeZoneRuleVersionNumber xsi:nil="true"></TimeZoneRuleVersionNumber>
          <UPSZone xsi:nil="true"></UPSZone>
          <UTCOffset xsi:nil="true"></UTCOffset>
          <UTCConversionTimeZoneCode xsi:nil="true"></UTCConversionTimeZoneCode>
        </Address>
      </Addresses>
    </Publisher>
    <RootComponents>
      <RootComponent type="29" id="{1498070a-ba53-ed11-bba2-0022489fde0d}" behavior="0" />
      <RootComponent type="29" id="{1598070a-ba53-ed11-bba2-0022489fde0d}" behavior="0" />
      <RootComponent type="29" id="{1698070a-ba53-ed11-bba2-0022489fde0d}" behavior="0" />
      <RootComponent type="29" id="{1798070a-ba53-ed11-bba2-0022489fde0d}" behavior="0" />
      <RootComponent type="29" id="{21038310-f085-ed11-81ad-000d3aacacb8}" behavior="0" />
      <RootComponent type="29" id="{32c4d2c0-ab71-ed11-9561-0022489fde0d}" behavior="0" />
      <RootComponent type="29" id="{3757410d-ba53-ed11-bba2-0022489fdc80}" behavior="0" />
      <RootComponent type="29" id="{3857410d-ba53-ed11-bba2-0022489fdc80}" behavior="0" />
      <RootComponent type="29" id="{3957410d-ba53-ed11-bba2-0022489fdc80}" behavior="0" />
      <RootComponent type="29" id="{3ddd4c6c-4f72-ed11-9561-0022489fde0d}" behavior="0" />
      <RootComponent type="29" id="{5de8da9d-b256-ed11-bba2-0022489fde0d}" behavior="0" />
      <RootComponent type="29" id="{6667f34a-ee85-ed11-81ad-000d3aacacb8}" behavior="0" />
      <RootComponent type="29" id="{7d6c537c-ee29-4a32-ad95-b72dc86773d7}" behavior="0" />
      <RootComponent type="29" id="{86b6030e-3d7a-ed11-81ad-0022489fdc80}" behavior="0" />
      <RootComponent type="29" id="{d273052b-677d-ed11-81ad-0022489fdc80}" behavior="0" />
      <RootComponent type="29" id="{ea70296a-297a-ed11-81ad-0022489fdc80}" behavior="0" />
      <RootComponent type="29" id="{f576a5dd-4f72-ed11-9561-0022489fde0d}" behavior="0" />
      <RootComponent type="300" schemaName="kabi_eslips_b3087" behavior="0" />
    </RootComponents>
    <MissingDependencies>
      <MissingDependency>
        <Required type="300" schemaName="crbb5_appinformations_fcf01" displayName="App_informations" solution="Active" />
        <Dependent type="300" schemaName="kabi_eslips_b3087" displayName="eSLIPS" />
      </MissingDependency>
    </MissingDependencies>
  </SolutionManifest>
</ImportExportXml>