{
  "properties": {
    "connectionReferences": {
      "shared_sharepointonline_1": {
        "runtimeSource": "embedded",
        "connection": {
          "connectionReferenceLogicalName": "kabi_002_sharepoint"
        },
        "api": {
          "name": "shared_sharepointonline"
        }
      },
      "shared_office365users": {
        "runtimeSource": "embedded",
        "connection": {
          "connectionReferenceLogicalName": "kabi_002_office365users"
        },
        "api": {
          "name": "shared_office365users"
        }
      },
      "shared_teams_1": {
        "runtimeSource": "embedded",
        "connection": {
          "connectionReferenceLogicalName": "kabi_002_teams"
        },
        "api": {
          "name": "shared_teams"
        }
      }
    },
    "definition": {
      "$schema": "https://schema.management.azure.com/providers/Microsoft.Logic/schemas/2016-06-01/workflowdefinition.json#",
      "contentVersion": "1.0.0.0",
      "parameters": {
        "$connections": {
          "defaultValue": {},
          "type": "Object"
        },
        "$authentication": {
          "defaultValue": {},
          "type": "SecureObject"
        },
        "002_site_app (kabi_002_site_app)": {
          "defaultValue": "https://fresenius.sharepoint.com/teams/Team-FK-Business-Application-BR-Dev",
          "type": "String",
          "metadata": {
            "schemaName": "kabi_002_site_app"
          }
        },
        "002_extensions_br (kabi_002_extensions_br)": {
          "defaultValue": "d75e238e-5a81-4bcf-b956-60110f79f6f2",
          "type": "String",
          "metadata": {
            "schemaName": "kabi_002_extensions_br"
          }
        },
        "002_extensions_br_notifications (kabi_002_extensions_br_notifications)": {
          "defaultValue": "52e34378-ff5b-4b0c-b606-6fec2f1f3ecb",
          "type": "String",
          "metadata": {
            "schemaName": "kabi_002_extensions_br_notifications"
          }
        }
      },
      "triggers": {
        "Recurrence": {
          "recurrence": {
            "frequency": "Day",
            "interval": 1,
            "timeZone": "E. South America Standard Time",
            "schedule": {
              "hours": [
                "8"
              ],
              "minutes": [
                0
              ]
            }
          },
          "metadata": {
            "operationMetadataId": "24589115-dd60-41e6-adde-d98c4601f0f3"
          },
          "type": "Recurrence"
        }
      },
      "actions": {
        "Get_items": {
          "runAfter": {
            "Initialize_variable_-_Array": [
              "Succeeded"
            ]
          },
          "metadata": {
            "operationMetadataId": "57573e76-b747-4077-b42d-1198cee7f336"
          },
          "type": "OpenApiConnection",
          "inputs": {
            "host": {
              "connectionName": "shared_sharepointonline_1",
              "operationId": "GetItems",
              "apiId": "/providers/Microsoft.PowerApps/apis/shared_sharepointonline"
            },
            "parameters": {
              "dataset": "@parameters('002_site_app (kabi_002_site_app)')",
              "table": "@parameters('002_extensions_br (kabi_002_extensions_br)')",
              "$filter": "Title ne '' and Available ne 1"
            },
            "authentication": "@parameters('$authentication')"
          },
          "runtimeConfiguration": {
            "paginationPolicy": {
              "minimumItemCount": 10000
            }
          }
        },
        "Apply_to_each": {
          "foreach": "@outputs('Get_items')?['body/value']",
          "actions": {
            "Try": {
              "actions": {
                "Update_item_-_user_success": {
                  "runAfter": {
                    "Compose_-_last_name": [
                      "Succeeded"
                    ]
                  },
                  "metadata": {
                    "operationMetadataId": "d32bcf90-317f-45e8-8980-5f13cc382b49"
                  },
                  "type": "OpenApiConnection",
                  "inputs": {
                    "host": {
                      "connectionName": "shared_sharepointonline_1",
                      "operationId": "PatchItem",
                      "apiId": "/providers/Microsoft.PowerApps/apis/shared_sharepointonline"
                    },
                    "parameters": {
                      "dataset": "@parameters('002_site_app (kabi_002_site_app)')",
                      "table": "@parameters('002_extensions_br (kabi_002_extensions_br)')",
                      "id": "@items('Apply_to_each')?['ID']",
                      "item/Cidade": "@outputs('Get_user_profile_(V2)')?['body/city']",
                      "item/Departamento": "@outputs('Get_user_profile_(V2)')?['body/department']",
                      "item/Primeironome": "@outputs('Compose_-_first_name')",
                      "item/Ultimonome": "@outputs('Compose_-_last_name')",
                      "item/Reviewed": true,
                      "item/AD": true,
                      "item/Available": false,
                      "item/Full_name": "@{outputs('Get_user_profile_(V2)')?['body/givenName']} @{outputs('Get_user_profile_(V2)')?['body/surname']}"
                    },
                    "authentication": "@parameters('$authentication')"
                  }
                },
                "Compose_-_last_name": {
                  "runAfter": {
                    "Compose_-_first_name": [
                      "Succeeded"
                    ]
                  },
                  "metadata": {
                    "operationMetadataId": "5186c507-365a-472c-80dd-1ec282006ba1"
                  },
                  "type": "Compose",
                  "inputs": "@last(split(items('Apply_to_each')?['Nome'], ' '))"
                },
                "Compose_-_first_name": {
                  "runAfter": {
                    "Get_user_profile_(V2)": [
                      "Succeeded"
                    ]
                  },
                  "metadata": {
                    "operationMetadataId": "20c73e36-6656-4b3c-a17e-9952fc79d51c"
                  },
                  "type": "Compose",
                  "inputs": "@first(split(items('Apply_to_each')?['Nome'], ' '))"
                },
                "Get_user_profile_(V2)": {
                  "runAfter": {
                    "Compose_-_claims": [
                      "Succeeded"
                    ]
                  },
                  "metadata": {
                    "operationMetadataId": "826b80ce-3b45-4542-ac3c-7cf7270e1820"
                  },
                  "type": "OpenApiConnection",
                  "inputs": {
                    "host": {
                      "connectionName": "shared_office365users",
                      "operationId": "UserProfile_V2",
                      "apiId": "/providers/Microsoft.PowerApps/apis/shared_office365users"
                    },
                    "parameters": {
                      "id": "@toLower(items('Apply_to_each')?['Usuario/Email'])"
                    },
                    "authentication": "@parameters('$authentication')"
                  }
                },
                "Compose_-_claims": {
                  "runAfter": {
                    "Compose_-_email": [
                      "Succeeded"
                    ]
                  },
                  "metadata": {
                    "operationMetadataId": "a36d4f55-a71c-4d1c-8fc7-597b6c275639"
                  },
                  "type": "Compose",
                  "inputs": "@items('Apply_to_each')?['Usuario/Claims']"
                },
                "Compose_-_email": {
                  "runAfter": {},
                  "metadata": {
                    "operationMetadataId": "2e7baf5e-c6c7-4ce6-9d26-0e25ec62035e"
                  },
                  "type": "Compose",
                  "inputs": "@items('Apply_to_each')?['Usuario/Email']"
                }
              },
              "runAfter": {},
              "metadata": {
                "operationMetadataId": "139ac5b1-42ce-4a16-945d-54814f82df9e"
              },
              "type": "Scope"
            },
            "Catch": {
              "actions": {
                "Update_item_-_user_error": {
                  "runAfter": {},
                  "metadata": {
                    "operationMetadataId": "2c8f0270-0ae5-43e9-aacc-4acf3e05042c"
                  },
                  "type": "OpenApiConnection",
                  "inputs": {
                    "host": {
                      "connectionName": "shared_sharepointonline_1",
                      "operationId": "PatchItem",
                      "apiId": "/providers/Microsoft.PowerApps/apis/shared_sharepointonline"
                    },
                    "parameters": {
                      "dataset": "@parameters('002_site_app (kabi_002_site_app)')",
                      "table": "@parameters('002_extensions_br (kabi_002_extensions_br)')",
                      "id": "@items('Apply_to_each')?['ID']",
                      "item/Title": "@items('Apply_to_each')?['Title']",
                      "item/Nome": "Suporte",
                      "item/Usuario/Claims": "suporte.ti@fresenius-kabi.com",
                      "item/Cidade": "IT",
                      "item/Departamento": "IT",
                      "item/Primeironome": "@null",
                      "item/Ultimonome": "@null",
                      "item/Reviewed": true,
                      "item/AD": false,
                      "item/Available": true
                    },
                    "authentication": "@parameters('$authentication')"
                  }
                }
              },
              "runAfter": {
                "Try": [
                  "TimedOut",
                  "Failed",
                  "Skipped"
                ]
              },
              "metadata": {
                "operationMetadataId": "f954bde0-53ac-4da4-84b1-3934ff1af064"
              },
              "type": "Scope"
            }
          },
          "runAfter": {
            "Compose_-_length_get_items": [
              "Succeeded"
            ]
          },
          "metadata": {
            "operationMetadataId": "99350d1d-3bcb-4a68-98eb-7531b70727a6"
          },
          "type": "Foreach"
        },
        "Compose_-_length_get_items": {
          "runAfter": {
            "Get_items": [
              "Succeeded"
            ]
          },
          "metadata": {
            "operationMetadataId": "0c7a3d90-22dc-42dd-b7f6-5c91d5da7d70"
          },
          "type": "Compose",
          "inputs": "@length(outputs('Get_items')?['body/value'])"
        },
        "Initialize_variable_-_Array": {
          "runAfter": {},
          "metadata": {
            "operationMetadataId": "67ea1a1f-bb67-4f9f-a02d-fe1b9893445f"
          },
          "type": "InitializeVariable",
          "inputs": {
            "variables": [
              {
                "name": "Array",
                "type": "array"
              }
            ]
          }
        },
        "Get_items_-_Available": {
          "runAfter": {
            "Apply_to_each": [
              "Succeeded"
            ]
          },
          "metadata": {
            "operationMetadataId": "7b7f8b58-a7ff-4df3-a30a-742fd773c174"
          },
          "type": "OpenApiConnection",
          "inputs": {
            "host": {
              "connectionName": "shared_sharepointonline_1",
              "operationId": "GetItems",
              "apiId": "/providers/Microsoft.PowerApps/apis/shared_sharepointonline"
            },
            "parameters": {
              "dataset": "@parameters('002_site_app (kabi_002_site_app)')",
              "table": "@parameters('002_extensions_br (kabi_002_extensions_br)')",
              "$filter": "Available eq 1"
            },
            "authentication": "@parameters('$authentication')"
          }
        },
        "Apply_to_each_2": {
          "foreach": "@outputs('Get_items_-_Available')?['body/value']",
          "actions": {
            "Append_to_array_variable": {
              "runAfter": {},
              "metadata": {
                "operationMetadataId": "e6c8701c-afe5-4ef8-838d-10e85f35eb2c"
              },
              "type": "AppendToArrayVariable",
              "inputs": {
                "name": "Array",
                "value": {
                  "Ramal": "@items('Apply_to_each_2')?['Title']",
                  "Usuário": "@items('Apply_to_each_2')?['Full_name']"
                }
              }
            }
          },
          "runAfter": {
            "Get_items_-_Available": [
              "Succeeded"
            ]
          },
          "metadata": {
            "operationMetadataId": "4e1117fa-4c7d-43e7-bb30-7809a9eeb500"
          },
          "type": "Foreach"
        },
        "Condition": {
          "actions": {},
          "runAfter": {
            "Apply_to_each_2": [
              "Succeeded"
            ]
          },
          "else": {
            "actions": {
              "Create_HTML_table": {
                "runAfter": {},
                "metadata": {
                  "operationMetadataId": "5a01e89e-f6ee-4d75-9f0b-b821810445ef"
                },
                "type": "Table",
                "inputs": {
                  "from": "@variables('Array')",
                  "format": "HTML"
                }
              },
              "Get_items_-_Emails": {
                "runAfter": {
                  "Create_HTML_table": [
                    "Succeeded"
                  ]
                },
                "metadata": {
                  "operationMetadataId": "41e97b60-bba9-48d8-805f-28ef4f580924"
                },
                "type": "OpenApiConnection",
                "inputs": {
                  "host": {
                    "connectionName": "shared_sharepointonline_1",
                    "operationId": "GetItems",
                    "apiId": "/providers/Microsoft.PowerApps/apis/shared_sharepointonline"
                  },
                  "parameters": {
                    "dataset": "@parameters('002_site_app (kabi_002_site_app)')",
                    "table": "@parameters('002_extensions_br_notifications (kabi_002_extensions_br_notifications)')",
                    "$filter": "Person ne ''"
                  },
                  "authentication": "@parameters('$authentication')"
                }
              },
              "Apply_to_each_3": {
                "foreach": "@outputs('Get_items_-_Emails')?['body/value']",
                "actions": {
                  "Post_message_in_a_chat_or_channel": {
                    "runAfter": {},
                    "metadata": {
                      "operationMetadataId": "f3cfb423-5c75-4a5f-91de-991b840d7070"
                    },
                    "type": "OpenApiConnection",
                    "inputs": {
                      "host": {
                        "connectionName": "shared_teams_1",
                        "operationId": "PostMessageToConversation",
                        "apiId": "/providers/Microsoft.PowerApps/apis/shared_teams"
                      },
                      "parameters": {
                        "poster": "Flow bot",
                        "location": "Chat with Flow bot",
                        "body/recipient": "@{items('Apply_to_each_3')?['Person/Email']};",
                        "body/messageBody": "<p>Ramais disponiveis:<br>\n<br>\n@{body('Create_HTML_table')}</p>"
                      },
                      "authentication": "@parameters('$authentication')"
                    }
                  }
                },
                "runAfter": {
                  "Get_items_-_Emails": [
                    "Succeeded"
                  ]
                },
                "metadata": {
                  "operationMetadataId": "42da3b97-0062-48e7-bee8-5059e61506a3"
                },
                "type": "Foreach"
              }
            }
          },
          "expression": {
            "equals": [
              "@length(variables('Array'))",
              0
            ]
          },
          "metadata": {
            "operationMetadataId": "304d8ee6-a916-4a10-93f1-ec62f3aaa8e1"
          },
          "type": "If"
        }
      }
    },
    "templateName": ""
  },
  "schemaVersion": "1.0.0.0"
}