{
  "properties": {
    "connectionReferences": {
      "shared_sharepointonline_1": {
        "runtimeSource": "invoker",
        "connection": {
          "connectionReferenceLogicalName": "kabi_002_sharepoint"
        },
        "api": {
          "name": "shared_sharepointonline"
        }
      },
      "shared_office365users_1": {
        "runtimeSource": "invoker",
        "connection": {
          "connectionReferenceLogicalName": "kabi_002_office365users"
        },
        "api": {
          "name": "shared_office365users"
        }
      }
    },
    "definition": {
      "$schema": "https://schema.management.azure.com/providers/Microsoft.Logic/schemas/2016-06-01/workflowdefinition.json#",
      "contentVersion": "1.0.0.0",
      "parameters": {
        "$connections": {
          "defaultValue": {},
          "type": "Object"
        },
        "$authentication": {
          "defaultValue": {},
          "type": "SecureObject"
        },
        "002_site_app (kabi_002_site_app)": {
          "defaultValue": "https://fresenius.sharepoint.com/teams/Team-FK-Business-Application-BR-Dev",
          "type": "String",
          "metadata": {
            "schemaName": "kabi_002_site_app"
          }
        },
        "002_extensions_br (kabi_002_extensions_br)": {
          "defaultValue": "d75e238e-5a81-4bcf-b956-60110f79f6f2",
          "type": "String",
          "metadata": {
            "schemaName": "kabi_002_extensions_br"
          }
        }
      },
      "triggers": {
        "manual": {
          "metadata": {
            "operationMetadataId": "ae6cdf3a-512b-4336-9411-427a28f0b3b3"
          },
          "type": "Request",
          "kind": "Button",
          "inputs": {
            "schema": {
              "type": "object",
              "properties": {},
              "required": []
            }
          }
        }
      },
      "actions": {
        "Get_items": {
          "runAfter": {},
          "metadata": {
            "operationMetadataId": "fae6eb19-a104-451b-b9a3-1bf0832f63c0"
          },
          "type": "OpenApiConnection",
          "inputs": {
            "host": {
              "connectionName": "shared_sharepointonline_1",
              "operationId": "GetItems",
              "apiId": "/providers/Microsoft.PowerApps/apis/shared_sharepointonline"
            },
            "parameters": {
              "dataset": "https://fresenius.sharepoint.com/teams/Team-FK-BR-TI",
              "table": "ae9b07f6-2f29-480e-8241-94a84d89dee4",
              "$filter": "Title ne ''"
            },
            "authentication": {
              "type": "Raw",
              "value": "@json(decodeBase64(triggerOutputs().headers['X-MS-APIM-Tokens']))['$ConnectionKey']"
            }
          },
          "runtimeConfiguration": {
            "paginationPolicy": {
              "minimumItemCount": 100000
            }
          }
        },
        "Apply_to_each": {
          "foreach": "@outputs('Get_items')?['body/value']",
          "actions": {
            "Try": {
              "actions": {
                "Get_user_profile_(V2)": {
                  "runAfter": {},
                  "metadata": {
                    "operationMetadataId": "72198132-bd04-42bd-b115-597065974b09"
                  },
                  "type": "OpenApiConnection",
                  "inputs": {
                    "host": {
                      "connectionName": "shared_office365users_1",
                      "operationId": "UserProfile_V2",
                      "apiId": "/providers/Microsoft.PowerApps/apis/shared_office365users"
                    },
                    "parameters": {
                      "id": "@items('Apply_to_each')?['Usuario/Email']"
                    },
                    "authentication": {
                      "type": "Raw",
                      "value": "@json(decodeBase64(triggerOutputs().headers['X-MS-APIM-Tokens']))['$ConnectionKey']"
                    }
                  }
                },
                "Create_item": {
                  "runAfter": {
                    "Get_user_profile_(V2)": [
                      "Succeeded"
                    ]
                  },
                  "metadata": {
                    "operationMetadataId": "a633e60a-7f25-465a-896d-575575d5601a"
                  },
                  "type": "OpenApiConnection",
                  "inputs": {
                    "host": {
                      "connectionName": "shared_sharepointonline_1",
                      "operationId": "PostItem",
                      "apiId": "/providers/Microsoft.PowerApps/apis/shared_sharepointonline"
                    },
                    "parameters": {
                      "dataset": "@parameters('002_site_app (kabi_002_site_app)')",
                      "table": "@parameters('002_extensions_br (kabi_002_extensions_br)')",
                      "item/Title": "@items('Apply_to_each')?['Title']",
                      "item/Nome": "@items('Apply_to_each')?['Nome']",
                      "item/Usuario/Claims": "@items('Apply_to_each')?['Usuario/Email']",
                      "item/Cidade": "@items('Apply_to_each')?['Cidade']",
                      "item/Departamento": "@items('Apply_to_each')?['Departamento']",
                      "item/Primeironome": "@items('Apply_to_each')?['Primeironome']",
                      "item/Ultimonome": "@items('Apply_to_each')?['Ultimonome']",
                      "item/Reviewed": true,
                      "item/AD": true,
                      "item/Available": false,
                      "item/Full_name": "@items('Apply_to_each')?['Full_name']"
                    },
                    "authentication": {
                      "type": "Raw",
                      "value": "@json(decodeBase64(triggerOutputs().headers['X-MS-APIM-Tokens']))['$ConnectionKey']"
                    }
                  }
                }
              },
              "runAfter": {},
              "metadata": {
                "operationMetadataId": "0eb26282-c8b2-4c37-87f6-116911d57583"
              },
              "type": "Scope"
            },
            "Catch": {
              "actions": {
                "Create_item_2": {
                  "runAfter": {},
                  "metadata": {
                    "operationMetadataId": "1aa21691-8afb-409e-9c54-92720ced5fd8"
                  },
                  "type": "OpenApiConnection",
                  "inputs": {
                    "host": {
                      "connectionName": "shared_sharepointonline_1",
                      "operationId": "PostItem",
                      "apiId": "/providers/Microsoft.PowerApps/apis/shared_sharepointonline"
                    },
                    "parameters": {
                      "dataset": "@parameters('002_site_app (kabi_002_site_app)')",
                      "table": "@parameters('002_extensions_br (kabi_002_extensions_br)')",
                      "item/Title": "@items('Apply_to_each')?['Title']",
                      "item/Nome": "Suporte",
                      "item/Usuario/Claims": "suporte.ti@fresenius-kabi.com",
                      "item/Cidade": "IT",
                      "item/Departamento": "IT",
                      "item/Primeironome": "@null",
                      "item/Ultimonome": "@null",
                      "item/Reviewed": true,
                      "item/AD": false,
                      "item/Available": true
                    },
                    "authentication": {
                      "type": "Raw",
                      "value": "@json(decodeBase64(triggerOutputs().headers['X-MS-APIM-Tokens']))['$ConnectionKey']"
                    }
                  }
                }
              },
              "runAfter": {
                "Try": [
                  "TimedOut",
                  "Skipped",
                  "Failed"
                ]
              },
              "metadata": {
                "operationMetadataId": "f4a5dded-8124-4136-b10e-aa584f1a2dcc"
              },
              "type": "Scope"
            }
          },
          "runAfter": {
            "Get_items": [
              "Succeeded"
            ]
          },
          "metadata": {
            "operationMetadataId": "deba9e2f-e3c8-4b38-8302-8cecf07b0214"
          },
          "type": "Foreach"
        }
      }
    },
    "templateName": ""
  },
  "schemaVersion": "1.0.0.0"
}