{
  "properties": {
    "connectionReferences": {
      "shared_office365users_1": {
        "runtimeSource": "embedded",
        "connection": {
          "connectionReferenceLogicalName": "kabi_002_office365users"
        },
        "api": {
          "name": "shared_office365users"
        }
      },
      "shared_sharepointonline_1": {
        "runtimeSource": "embedded",
        "connection": {
          "connectionReferenceLogicalName": "kabi_002_sharepoint"
        },
        "api": {
          "name": "shared_sharepointonline"
        }
      }
    },
    "definition": {
      "$schema": "https://schema.management.azure.com/providers/Microsoft.Logic/schemas/2016-06-01/workflowdefinition.json#",
      "contentVersion": "1.0.0.0",
      "parameters": {
        "$connections": {
          "defaultValue": {},
          "type": "Object"
        },
        "$authentication": {
          "defaultValue": {},
          "type": "SecureObject"
        },
        "002_site_app (kabi_002_site_app)": {
          "defaultValue": "https://fresenius.sharepoint.com/teams/Team-FK-Business-Application-BR-Dev",
          "type": "String",
          "metadata": {
            "schemaName": "kabi_002_site_app"
          }
        },
        "002_extensions_br (kabi_002_extensions_br)": {
          "defaultValue": "d75e238e-5a81-4bcf-b956-60110f79f6f2",
          "type": "String",
          "metadata": {
            "schemaName": "kabi_002_extensions_br"
          }
        }
      },
      "triggers": {
        "When_an_item_is_created": {
          "recurrence": {
            "interval": 1,
            "frequency": "Minute"
          },
          "splitOn": "@triggerOutputs()?['body/value']",
          "metadata": {
            "operationMetadataId": "1ec4b6e4-bacb-4d4b-9410-53c4bd85fd97"
          },
          "type": "OpenApiConnection",
          "inputs": {
            "host": {
              "connectionName": "shared_sharepointonline_1",
              "operationId": "GetOnNewItems",
              "apiId": "/providers/Microsoft.PowerApps/apis/shared_sharepointonline"
            },
            "parameters": {
              "dataset": "@parameters('002_site_app (kabi_002_site_app)')",
              "table": "@parameters('002_extensions_br (kabi_002_extensions_br)')"
            },
            "authentication": "@parameters('$authentication')"
          }
        }
      },
      "actions": {
        "Get_user_profile_(V2)": {
          "runAfter": {
            "Compose": [
              "Succeeded"
            ]
          },
          "metadata": {
            "operationMetadataId": "c6232cfd-1a96-4b1f-a073-84e0caaeb49a"
          },
          "type": "OpenApiConnection",
          "inputs": {
            "host": {
              "connectionName": "shared_office365users_1",
              "operationId": "UserProfile_V2",
              "apiId": "/providers/Microsoft.PowerApps/apis/shared_office365users"
            },
            "parameters": {
              "id": "@outputs('Compose')"
            },
            "authentication": "@parameters('$authentication')"
          }
        },
        "Compose": {
          "runAfter": {},
          "metadata": {
            "operationMetadataId": "5b0717fe-027a-4e17-88c9-62cabfe3537f"
          },
          "type": "Compose",
          "inputs": "@triggerOutputs()?['body/Usuario/Email']"
        },
        "Update_item": {
          "runAfter": {
            "Get_user_profile_(V2)": [
              "Succeeded"
            ]
          },
          "metadata": {
            "operationMetadataId": "53bf4e56-6d17-43f7-a700-088cfd3f56d9"
          },
          "type": "OpenApiConnection",
          "inputs": {
            "host": {
              "connectionName": "shared_sharepointonline_1",
              "operationId": "PatchItem",
              "apiId": "/providers/Microsoft.PowerApps/apis/shared_sharepointonline"
            },
            "parameters": {
              "dataset": "@parameters('002_site_app (kabi_002_site_app)')",
              "table": "@parameters('002_extensions_br (kabi_002_extensions_br)')",
              "id": "@triggerOutputs()?['body/ID']",
              "item/Cidade": "@outputs('Get_user_profile_(V2)')?['body/city']",
              "item/Departamento": "@outputs('Get_user_profile_(V2)')?['body/department']",
              "item/Primeironome": "@first(split(triggerOutputs()?['body/Nome'],' '))",
              "item/Ultimonome": "@last(split(triggerOutputs()?['body/Nome'],' '))",
              "item/Reviewed": true,
              "item/AD": true,
              "item/Available": false,
              "item/Full_name": "@{outputs('Get_user_profile_(V2)')?['body/givenName']} @{outputs('Get_user_profile_(V2)')?['body/surname']}"
            },
            "authentication": "@parameters('$authentication')"
          }
        }
      }
    },
    "templateName": ""
  },
  "schemaVersion": "1.0.0.0"
}