<environmentvariabledefinition schemaname="kabi_shared_sharepointonline_3c833d58b8924b98b203a9383fab2b82">
  <apiid>/providers/microsoft.powerapps/apis/shared_sharepointonline</apiid>
  <displayname default="008_analise_Inicial">
    <label description="008_analise_Inicial" languagecode="1033" />
  </displayname>
  <introducedversion>1.1.0.2</introducedversion>
  <iscustomizable>1</iscustomizable>
  <isrequired>0</isrequired>
  <parameterkey>table</parameterkey>
  <parentdefinitionid>
    <schemaname>kabi_Site_app</schemaname>
  </parentdefinitionid>
  <secretstore>0</secretstore>
  <type>100000004</type>
</environmentvariabledefinition>