{
  "properties": {
    "connectionReferences": {
      "shared_sharepointonline_1": {
        "runtimeSource": "invoker",
        "connection": {
          "connectionReferenceLogicalName": "kabi_007_sharepoint"
        },
        "api": {
          "name": "shared_sharepointonline"
        }
      },
      "shared_office365_1": {
        "runtimeSource": "invoker",
        "connection": {
          "connectionReferenceLogicalName": "kabi_007_outlook365"
        },
        "api": {
          "name": "shared_office365"
        }
      }
    },
    "definition": {
      "$schema": "https://schema.management.azure.com/providers/Microsoft.Logic/schemas/2016-06-01/workflowdefinition.json#",
      "contentVersion": "1.0.0.0",
      "parameters": {
        "$connections": {
          "defaultValue": {},
          "type": "Object"
        },
        "$authentication": {
          "defaultValue": {},
          "type": "SecureObject"
        },
        "007_eslips (kabi_007_eslips)": {
          "defaultValue": "96935aeb-7118-445d-9999-56b4a174d04f",
          "type": "String",
          "metadata": {
            "schemaName": "kabi_007_eslips"
          }
        },
        "007_process (kabi_007_process)": {
          "defaultValue": "eSLIPS",
          "type": "String",
          "metadata": {
            "schemaName": "kabi_007_process"
          }
        },
        "007_app_link (kabi_007_app_link)": {
          "defaultValue": "https://apps.powerapps.com/play/e/5ff56345-fd52-e122-ac5d-dbecca0e2a54/a/90b82fdf-14a9-4d6b-bdb3-102bae329978?tenantId=c98df534-5e36-459a-ac3f-8c2e449863bd",
          "type": "String",
          "metadata": {
            "schemaName": "kabi_007_app_link"
          }
        },
        "007_site_app (kabi_007_site_app)": {
          "defaultValue": "https://fresenius.sharepoint.com/teams/Team-FK-Business-Application-BR-Dev",
          "type": "String",
          "metadata": {
            "schemaName": "kabi_007_site_app"
          }
        },
        "007_log (kabi_007_log)": {
          "defaultValue": "b23d228a-320f-431c-a6b4-b74ef8daa482",
          "type": "String",
          "metadata": {
            "schemaName": "kabi_007_log"
          }
        }
      },
      "triggers": {
        "manual": {
          "metadata": {
            "operationMetadataId": "05485ac5-607c-4ef8-b5b6-6c08a119b439"
          },
          "type": "Request",
          "kind": "PowerAppV2",
          "inputs": {
            "schema": {
              "type": "object",
              "properties": {
                "number": {
                  "title": "ID",
                  "type": "number",
                  "x-ms-dynamically-added": true,
                  "description": "Please enter a number",
                  "x-ms-content-hint": "NUMBER"
                },
                "email": {
                  "title": "User",
                  "type": "string",
                  "format": "email",
                  "x-ms-dynamically-added": true,
                  "description": "Please enter an e-mail address",
                  "x-ms-content-hint": "EMAIL"
                },
                "text": {
                  "title": "Tipo",
                  "type": "string",
                  "x-ms-dynamically-added": true,
                  "description": "Please enter your input",
                  "x-ms-content-hint": "TEXT"
                },
                "text_1": {
                  "title": "last date",
                  "type": "string",
                  "x-ms-dynamically-added": true,
                  "description": "Please enter your input",
                  "x-ms-content-hint": "TEXT"
                }
              },
              "required": [
                "number",
                "email",
                "text"
              ]
            }
          }
        }
      },
      "actions": {
        "Get_item": {
          "runAfter": {
            "Initialize_variable_-_app_link": [
              "Succeeded"
            ]
          },
          "metadata": {
            "operationMetadataId": "8ed51585-7b0c-49fe-83ce-f07a16caa046"
          },
          "type": "OpenApiConnection",
          "inputs": {
            "host": {
              "connectionName": "shared_sharepointonline_1",
              "operationId": "GetItem",
              "apiId": "/providers/Microsoft.PowerApps/apis/shared_sharepointonline"
            },
            "parameters": {
              "dataset": "@parameters('007_site_app (kabi_007_site_app)')",
              "table": "@parameters('007_eslips (kabi_007_eslips)')",
              "id": "@triggerBody()['number']"
            },
            "authentication": "@parameters('$authentication')"
          }
        },
        "Switch": {
          "runAfter": {
            "Get_item": [
              "Succeeded"
            ]
          },
          "cases": {
            "Case_-_Vencimento": {
              "case": "Vencimento",
              "actions": {
                "Create_item_-_Vencimento": {
                  "runAfter": {},
                  "type": "OpenApiConnection",
                  "inputs": {
                    "host": {
                      "connectionName": "shared_sharepointonline_1",
                      "operationId": "PostItem",
                      "apiId": "/providers/Microsoft.PowerApps/apis/shared_sharepointonline"
                    },
                    "parameters": {
                      "dataset": "@parameters('007_site_app (kabi_007_site_app)')",
                      "table": "@parameters('007_log (kabi_007_log)')",
                      "item/Title": "@parameters('007_process (kabi_007_process)')",
                      "item/Item_ID": "@triggerBody()['number']",
                      "item/Date": "@utcNow()",
                      "item/Action": "Alteração de vencimento",
                      "item/Agent": [
                        {
                          "Claims": "@triggerBody()['email']"
                        }
                      ],
                      "item/Comments": "O eSLIP ID: @{triggerBody()['number']} teve sua data de vencimento alterada de @{triggerBody()['text_1']} para @{formatDateTime(outputs('Get_item')?['body/Vencimento'], 'dd/MM/yyyy')}"
                    },
                    "authentication": "@parameters('$authentication')"
                  }
                },
                "Send_an_email_(V2)": {
                  "runAfter": {
                    "Compose_-_body": [
                      "Succeeded"
                    ]
                  },
                  "type": "OpenApiConnection",
                  "inputs": {
                    "host": {
                      "connectionName": "shared_office365_1",
                      "operationId": "SendEmailV2",
                      "apiId": "/providers/Microsoft.PowerApps/apis/shared_office365"
                    },
                    "parameters": {
                      "emailMessage/To": "@outputs('Get_item')?['body/Author/Email']",
                      "emailMessage/Subject": "@outputs('Compose_-_subject')",
                      "emailMessage/Body": "<p>@{outputs('Compose_-_body')}</p>"
                    },
                    "authentication": "@parameters('$authentication')"
                  }
                },
                "Compose_-_subject": {
                  "runAfter": {
                    "Create_item_-_Vencimento": [
                      "Succeeded"
                    ]
                  },
                  "type": "Compose",
                  "inputs": "E-Slip - ID: @{triggerBody()['number']} - Fornecedor: @{last(split(outputs('Get_item')?['body/Fornecedor'], '/'))} - Vencimento alterado"
                },
                "Compose_-_body": {
                  "runAfter": {
                    "Format_number": [
                      "Succeeded"
                    ]
                  },
                  "type": "Compose",
                  "inputs": "O eSLIP ID: @{triggerBody()['number']} teve sua data de vencimento alterada de @{triggerBody()['text_1']} para @{formatDateTime(outputs('Get_item')?['body/Vencimento'], 'dd/MM/yyyy')}<br><br>\n\nFornecedor: @{outputs('Get_item')?['body/Fornecedor']}<br>\nValor: @{body('Format_number')}<br>\n\n<a href=\"@{variables('link')}\">Clique aqui para visualizar o eSLIP</a>"
                },
                "Format_number": {
                  "runAfter": {
                    "Compose_-_subject": [
                      "Succeeded"
                    ]
                  },
                  "type": "Expression",
                  "kind": "FormatNumber",
                  "inputs": {
                    "number": "@outputs('Get_item')?['body/Valor']",
                    "format": "C2",
                    "locale": "pt-BR"
                  }
                }
              }
            },
            "Case_-_Cancelar": {
              "case": "Cancelar",
              "actions": {
                "Create_item_-_Cancelar": {
                  "runAfter": {},
                  "type": "OpenApiConnection",
                  "inputs": {
                    "host": {
                      "connectionName": "shared_sharepointonline_1",
                      "operationId": "PostItem",
                      "apiId": "/providers/Microsoft.PowerApps/apis/shared_sharepointonline"
                    },
                    "parameters": {
                      "dataset": "@parameters('007_site_app (kabi_007_site_app)')",
                      "table": "@parameters('007_log (kabi_007_log)')",
                      "item/Title": "@parameters('007_process (kabi_007_process)')",
                      "item/Item_ID": "@triggerBody()['number']",
                      "item/Date": "@utcNow()",
                      "item/Action": "Cancelado",
                      "item/Agent": [
                        {
                          "Claims": "@triggerBody()['email']"
                        }
                      ]
                    },
                    "authentication": "@parameters('$authentication')"
                  }
                },
                "Update_item": {
                  "runAfter": {
                    "Create_item_-_Cancelar": [
                      "Succeeded"
                    ]
                  },
                  "type": "OpenApiConnection",
                  "inputs": {
                    "host": {
                      "connectionName": "shared_sharepointonline_1",
                      "operationId": "PatchItem",
                      "apiId": "/providers/Microsoft.PowerApps/apis/shared_sharepointonline"
                    },
                    "parameters": {
                      "dataset": "@parameters('007_site_app (kabi_007_site_app)')",
                      "table": "@parameters('007_eslips (kabi_007_eslips)')",
                      "id": "@triggerBody()['number']",
                      "item/Status/Value": "Cancelado"
                    },
                    "authentication": "@parameters('$authentication')"
                  }
                }
              }
            },
            "Case_-_Anexo": {
              "case": "Anexo",
              "actions": {
                "Create_item_-_Anexo": {
                  "runAfter": {},
                  "type": "OpenApiConnection",
                  "inputs": {
                    "host": {
                      "connectionName": "shared_sharepointonline_1",
                      "operationId": "PostItem",
                      "apiId": "/providers/Microsoft.PowerApps/apis/shared_sharepointonline"
                    },
                    "parameters": {
                      "dataset": "@parameters('007_site_app (kabi_007_site_app)')",
                      "table": "@parameters('007_log (kabi_007_log)')",
                      "item/Title": "@parameters('007_process (kabi_007_process)')",
                      "item/Item_ID": "@triggerBody()['number']",
                      "item/Date": "@utcNow()",
                      "item/Action": "Anexo adicionado",
                      "item/Agent": [
                        {
                          "Claims": "@triggerBody()['email']"
                        }
                      ]
                    },
                    "authentication": "@parameters('$authentication')"
                  }
                }
              }
            },
            "Case_-_Criacao": {
              "case": "Criação",
              "actions": {
                "Create_item": {
                  "runAfter": {},
                  "type": "OpenApiConnection",
                  "inputs": {
                    "host": {
                      "connectionName": "shared_sharepointonline_1",
                      "operationId": "PostItem",
                      "apiId": "/providers/Microsoft.PowerApps/apis/shared_sharepointonline"
                    },
                    "parameters": {
                      "dataset": "@parameters('007_site_app (kabi_007_site_app)')",
                      "table": "@parameters('007_log (kabi_007_log)')",
                      "item/Title": "@parameters('007_process (kabi_007_process)')",
                      "item/Item_ID": "@triggerBody()['number']",
                      "item/Date": "@utcNow()",
                      "item/Action": "Criação",
                      "item/Agent": [
                        {
                          "Claims": "@triggerBody()['email']"
                        }
                      ]
                    },
                    "authentication": "@parameters('$authentication')"
                  }
                }
              }
            }
          },
          "default": {
            "actions": {}
          },
          "expression": "@triggerBody()['text']",
          "metadata": {
            "operationMetadataId": "afae33e2-ee8d-447f-bb95-9286cc044670"
          },
          "type": "Switch"
        },
        "Initialize_variable_-_app_link": {
          "runAfter": {},
          "metadata": {
            "operationMetadataId": "fac70e91-70d3-47d0-9901-6eb034b9ba63"
          },
          "type": "InitializeVariable",
          "inputs": {
            "variables": [
              {
                "name": "link",
                "type": "string",
                "value": "@{parameters('007_app_link (kabi_007_app_link)')}?Item_ID=@{triggerBody()['number']}"
              }
            ]
          }
        }
      }
    },
    "templateName": ""
  },
  "schemaVersion": "1.0.0.0"
}