{
  "properties": {
    "connectionReferences": {
      "shared_sharepointonline_1": {
        "runtimeSource": "invoker",
        "connection": {
          "connectionReferenceLogicalName": "kabi_007_sharepoint"
        },
        "api": {
          "name": "shared_sharepointonline"
        }
      }
    },
    "definition": {
      "$schema": "https://schema.management.azure.com/providers/Microsoft.Logic/schemas/2016-06-01/workflowdefinition.json#",
      "contentVersion": "1.0.0.0",
      "parameters": {
        "$connections": {
          "defaultValue": {},
          "type": "Object"
        },
        "$authentication": {
          "defaultValue": {},
          "type": "SecureObject"
        },
        "007_eslips (kabi_007_eslips)": {
          "defaultValue": "96935aeb-7118-445d-9999-56b4a174d04f",
          "type": "String",
          "metadata": {
            "schemaName": "kabi_007_eslips"
          }
        },
        "007_process (kabi_007_process)": {
          "defaultValue": "eSLIPS",
          "type": "String",
          "metadata": {
            "schemaName": "kabi_007_process"
          }
        },
        "007_site_app (kabi_007_site_app)": {
          "defaultValue": "https://fresenius.sharepoint.com/teams/Team-FK-Business-Application-BR-Dev",
          "type": "String",
          "metadata": {
            "schemaName": "kabi_007_site_app"
          }
        },
        "007_log (kabi_007_log)": {
          "defaultValue": "b23d228a-320f-431c-a6b4-b74ef8daa482",
          "type": "String",
          "metadata": {
            "schemaName": "kabi_007_log"
          }
        }
      },
      "triggers": {
        "manual": {
          "metadata": {
            "operationMetadataId": "571a82b2-b67c-4031-9eff-880c75ddedf6"
          },
          "type": "Request",
          "kind": "PowerAppV2",
          "inputs": {
            "schema": {
              "type": "object",
              "properties": {
                "text": {
                  "title": "Items",
                  "type": "string",
                  "x-ms-dynamically-added": true,
                  "description": "Please enter your input",
                  "x-ms-content-hint": "TEXT"
                },
                "email": {
                  "title": "User",
                  "type": "string",
                  "format": "email",
                  "x-ms-dynamically-added": true,
                  "description": "Please enter an e-mail address",
                  "x-ms-content-hint": "EMAIL"
                }
              },
              "required": [
                "text",
                "email"
              ]
            }
          }
        }
      },
      "actions": {
        "Parse_JSON": {
          "runAfter": {
            "Initialize_variable_-_emails_financeiro": [
              "Succeeded"
            ]
          },
          "metadata": {
            "operationMetadataId": "92e6bc54-aa23-40d1-bbae-ecb97cd295ab"
          },
          "type": "ParseJson",
          "inputs": {
            "content": "@triggerBody()['text']",
            "schema": {
              "type": "array",
              "items": {
                "type": "object",
                "properties": {
                  "ID": {
                    "type": "integer"
                  }
                },
                "required": [
                  "ID"
                ]
              }
            }
          }
        },
        "Apply_to_each": {
          "foreach": "@body('Parse_JSON')",
          "actions": {
            "Condition": {
              "actions": {
                "Create_item": {
                  "runAfter": {},
                  "metadata": {
                    "operationMetadataId": "5fda1dee-0b49-4e33-9010-f857749f1253"
                  },
                  "type": "OpenApiConnection",
                  "inputs": {
                    "host": {
                      "connectionName": "shared_sharepointonline_1",
                      "operationId": "PostItem",
                      "apiId": "/providers/Microsoft.PowerApps/apis/shared_sharepointonline"
                    },
                    "parameters": {
                      "dataset": "@parameters('007_site_app (kabi_007_site_app)')",
                      "table": "@parameters('007_log (kabi_007_log)')",
                      "item/Title": "@parameters('007_process (kabi_007_process)')",
                      "item/Item_ID": "@items('Apply_to_each')['ID']",
                      "item/Date": "@utcNow()",
                      "item/Action": "Concluído",
                      "item/Agent": [
                        {
                          "Claims": "@triggerBody()['email']"
                        }
                      ]
                    },
                    "authentication": "@parameters('$authentication')"
                  }
                },
                "Update_item": {
                  "runAfter": {
                    "Create_item": [
                      "Succeeded"
                    ]
                  },
                  "metadata": {
                    "operationMetadataId": "fc0264ad-8df9-46c6-bb8f-63a00f2b4b5d"
                  },
                  "type": "OpenApiConnection",
                  "inputs": {
                    "host": {
                      "connectionName": "shared_sharepointonline_1",
                      "operationId": "PatchItem",
                      "apiId": "/providers/Microsoft.PowerApps/apis/shared_sharepointonline"
                    },
                    "parameters": {
                      "dataset": "@parameters('007_site_app (kabi_007_site_app)')",
                      "table": "@parameters('007_eslips (kabi_007_eslips)')",
                      "id": "@outputs('Get_item')?['body/ID']",
                      "item/Status/Value": "Concluido",
                      "item/Lancado": true
                    },
                    "authentication": "@parameters('$authentication')"
                  }
                }
              },
              "runAfter": {
                "Compose": [
                  "Succeeded"
                ]
              },
              "expression": {
                "not": {
                  "equals": [
                    "@outputs('Compose')",
                    "@null"
                  ]
                }
              },
              "metadata": {
                "operationMetadataId": "bd3b442b-2275-4e8e-afb3-a6f631136eea"
              },
              "type": "If"
            },
            "Compose": {
              "runAfter": {
                "Get_item": [
                  "Succeeded"
                ]
              },
              "metadata": {
                "operationMetadataId": "4b74507e-788f-4e6e-a6e8-3978375a1cc4"
              },
              "type": "Compose",
              "inputs": "@outputs('Get_item')?['body/N_x00b0_deLan_x00e7_amento']"
            },
            "Get_item": {
              "runAfter": {},
              "metadata": {
                "operationMetadataId": "a206d8aa-a558-4dda-8238-1306b99f23df"
              },
              "type": "OpenApiConnection",
              "inputs": {
                "host": {
                  "connectionName": "shared_sharepointonline_1",
                  "operationId": "GetItem",
                  "apiId": "/providers/Microsoft.PowerApps/apis/shared_sharepointonline"
                },
                "parameters": {
                  "dataset": "@parameters('007_site_app (kabi_007_site_app)')",
                  "table": "@parameters('007_eslips (kabi_007_eslips)')",
                  "id": "@items('Apply_to_each')['ID']"
                },
                "authentication": "@parameters('$authentication')"
              }
            }
          },
          "runAfter": {
            "Parse_JSON": [
              "Succeeded"
            ]
          },
          "metadata": {
            "operationMetadataId": "5bc3cdf5-4caa-40ea-9370-6276a8967c5e"
          },
          "type": "Foreach"
        },
        "Initialize_variable_-_items": {
          "runAfter": {},
          "metadata": {
            "operationMetadataId": "3714ca96-45c7-4ed3-9146-563b442c3f1f"
          },
          "type": "InitializeVariable",
          "inputs": {
            "variables": [
              {
                "name": "items",
                "type": "array"
              }
            ]
          }
        },
        "Initialize_variable_-_emails_financeiro": {
          "runAfter": {
            "Initialize_variable_-_items": [
              "Succeeded"
            ]
          },
          "metadata": {
            "operationMetadataId": "2ac5564c-06f8-43f7-9770-e495ab492024"
          },
          "type": "InitializeVariable",
          "inputs": {
            "variables": [
              {
                "name": "emails_financeiro",
                "type": "string"
              }
            ]
          }
        },
        "Respond_to_a_PowerApp_or_flow": {
          "runAfter": {
            "Apply_to_each": [
              "Succeeded"
            ]
          },
          "metadata": {
            "operationMetadataId": "8d8a240e-657e-433d-8a15-4c49c3a791e5"
          },
          "type": "Response",
          "kind": "PowerApp",
          "inputs": {
            "statusCode": 200,
            "body": {
              "message": "Success"
            },
            "schema": {
              "type": "object",
              "properties": {
                "message": {
                  "title": "Message",
                  "x-ms-dynamically-added": true,
                  "type": "string"
                }
              }
            }
          }
        }
      }
    },
    "templateName": ""
  },
  "schemaVersion": "1.0.0.0"
}