{
  "properties": {
    "connectionReferences": {
      "shared_sharepointonline_1": {
        "runtimeSource": "invoker",
        "connection": {
          "connectionReferenceLogicalName": "kabi_007_sharepoint"
        },
        "api": {
          "name": "shared_sharepointonline"
        }
      }
    },
    "definition": {
      "$schema": "https://schema.management.azure.com/providers/Microsoft.Logic/schemas/2016-06-01/workflowdefinition.json#",
      "contentVersion": "1.0.0.0",
      "parameters": {
        "$connections": {
          "defaultValue": {},
          "type": "Object"
        },
        "$authentication": {
          "defaultValue": {},
          "type": "SecureObject"
        },
        "007_eslips (kabi_007_eslips)": {
          "defaultValue": "96935aeb-7118-445d-9999-56b4a174d04f",
          "type": "String",
          "metadata": {
            "schemaName": "kabi_007_eslips"
          }
        },
        "007_process (kabi_007_process)": {
          "defaultValue": "eSLIPS",
          "type": "String",
          "metadata": {
            "schemaName": "kabi_007_process"
          }
        },
        "007_site_app (kabi_007_site_app)": {
          "defaultValue": "https://fresenius.sharepoint.com/teams/Team-FK-Business-Application-BR-Dev",
          "type": "String",
          "metadata": {
            "schemaName": "kabi_007_site_app"
          }
        },
        "007_log (kabi_007_log)": {
          "defaultValue": "b23d228a-320f-431c-a6b4-b74ef8daa482",
          "type": "String",
          "metadata": {
            "schemaName": "kabi_007_log"
          }
        }
      },
      "triggers": {
        "manual": {
          "metadata": {
            "operationMetadataId": "036b69eb-c42f-48f6-8d2f-0fc8c5f7b443"
          },
          "type": "Request",
          "kind": "PowerAppV2",
          "inputs": {
            "schema": {
              "type": "object",
              "properties": {
                "text": {
                  "title": "Items",
                  "type": "string",
                  "x-ms-dynamically-added": true,
                  "description": "Please enter your input",
                  "x-ms-content-hint": "TEXT"
                },
                "email": {
                  "title": "User",
                  "type": "string",
                  "format": "email",
                  "x-ms-dynamically-added": true,
                  "description": "Please enter an e-mail address",
                  "x-ms-content-hint": "EMAIL"
                }
              },
              "required": [
                "text",
                "email"
              ]
            }
          }
        }
      },
      "actions": {
        "Initialize_variable_-_items": {
          "runAfter": {},
          "metadata": {
            "operationMetadataId": "588d38a9-89be-494f-b1d8-08c85ecdec9a"
          },
          "type": "InitializeVariable",
          "inputs": {
            "variables": [
              {
                "name": "items",
                "type": "array"
              }
            ]
          }
        },
        "Initialize_variable_-_emails_petty_cash": {
          "runAfter": {
            "Initialize_variable_-_items": [
              "Succeeded"
            ]
          },
          "metadata": {
            "operationMetadataId": "ef8ca56f-4284-4294-a3f9-9aed4f335b9d"
          },
          "type": "InitializeVariable",
          "inputs": {
            "variables": [
              {
                "name": "emails_pettycash",
                "type": "string"
              }
            ]
          }
        },
        "Parse_JSON": {
          "runAfter": {
            "Initialize_variable_-_emails_petty_cash": [
              "Succeeded"
            ]
          },
          "metadata": {
            "operationMetadataId": "0dfbee47-50b9-4393-a263-d109ae85707e"
          },
          "type": "ParseJson",
          "inputs": {
            "content": "@triggerBody()['text']",
            "schema": {
              "type": "array",
              "items": {
                "type": "object",
                "properties": {
                  "ID": {
                    "type": "integer"
                  }
                },
                "required": [
                  "ID"
                ]
              }
            }
          }
        },
        "Apply_to_each": {
          "foreach": "@body('Parse_JSON')",
          "actions": {
            "Get_item": {
              "runAfter": {},
              "metadata": {
                "operationMetadataId": "3d6b48e0-723d-49a2-a136-2140de9fc380"
              },
              "type": "OpenApiConnection",
              "inputs": {
                "host": {
                  "connectionName": "shared_sharepointonline_1",
                  "operationId": "GetItem",
                  "apiId": "/providers/Microsoft.PowerApps/apis/shared_sharepointonline"
                },
                "parameters": {
                  "dataset": "@parameters('007_site_app (kabi_007_site_app)')",
                  "table": "@parameters('007_eslips (kabi_007_eslips)')",
                  "id": "@items('Apply_to_each')['ID']"
                },
                "authentication": "@parameters('$authentication')"
              }
            },
            "Condition": {
              "actions": {
                "Create_item": {
                  "runAfter": {},
                  "metadata": {
                    "operationMetadataId": "832ff41d-37b9-4c6c-81e0-24cf6f718909"
                  },
                  "type": "OpenApiConnection",
                  "inputs": {
                    "host": {
                      "connectionName": "shared_sharepointonline_1",
                      "operationId": "PostItem",
                      "apiId": "/providers/Microsoft.PowerApps/apis/shared_sharepointonline"
                    },
                    "parameters": {
                      "dataset": "@parameters('007_site_app (kabi_007_site_app)')",
                      "table": "@parameters('007_log (kabi_007_log)')",
                      "item/Title": "@parameters('007_process (kabi_007_process)')",
                      "item/Item_ID": "@items('Apply_to_each')['ID']",
                      "item/Date": "@utcNow()",
                      "item/Action": "Finalizado",
                      "item/Agent": [
                        {
                          "Claims": "@triggerBody()['email']"
                        }
                      ]
                    },
                    "authentication": "@parameters('$authentication')"
                  }
                },
                "Update_item": {
                  "runAfter": {
                    "Create_item": [
                      "Succeeded"
                    ]
                  },
                  "metadata": {
                    "operationMetadataId": "2c5a2fa8-d3e3-4956-a4af-ae0229401c13"
                  },
                  "type": "OpenApiConnection",
                  "inputs": {
                    "host": {
                      "connectionName": "shared_sharepointonline_1",
                      "operationId": "PatchItem",
                      "apiId": "/providers/Microsoft.PowerApps/apis/shared_sharepointonline"
                    },
                    "parameters": {
                      "dataset": "@parameters('007_site_app (kabi_007_site_app)')",
                      "table": "@parameters('007_eslips (kabi_007_eslips)')",
                      "id": "@items('Apply_to_each')['ID']",
                      "item/Status/Value": "Concluido"
                    },
                    "authentication": "@parameters('$authentication')"
                  }
                }
              },
              "runAfter": {
                "Get_item": [
                  "Succeeded"
                ]
              },
              "expression": {
                "equals": [
                  "@outputs('Get_item')?['body/Status/Value']",
                  "Pendente encerramento"
                ]
              },
              "metadata": {
                "operationMetadataId": "6d60f763-131e-42b8-9bbf-3187a0a8b981"
              },
              "type": "If"
            }
          },
          "runAfter": {
            "Parse_JSON": [
              "Succeeded"
            ]
          },
          "metadata": {
            "operationMetadataId": "760a1341-b61e-4945-9a50-6f196e322ef0"
          },
          "type": "Foreach"
        },
        "Respond_to_a_PowerApp_or_flow": {
          "runAfter": {
            "Apply_to_each": [
              "Succeeded"
            ]
          },
          "metadata": {
            "operationMetadataId": "5bc4dbf1-71e8-4780-b184-376a16d33a1a"
          },
          "type": "Response",
          "kind": "PowerApp",
          "inputs": {
            "statusCode": 200,
            "body": {},
            "schema": {
              "type": "object",
              "properties": {}
            }
          }
        }
      }
    },
    "templateName": ""
  },
  "schemaVersion": "1.0.0.0"
}