{
  "properties": {
    "connectionReferences": {
      "shared_sharepointonline": {
        "runtimeSource": "invoker",
        "connection": {
          "connectionReferenceLogicalName": "kabi_007_sharepoint"
        },
        "api": {
          "name": "shared_sharepointonline"
        }
      }
    },
    "definition": {
      "$schema": "https://schema.management.azure.com/providers/Microsoft.Logic/schemas/2016-06-01/workflowdefinition.json#",
      "contentVersion": "1.0.0.0",
      "parameters": {
        "$connections": {
          "defaultValue": {},
          "type": "Object"
        },
        "$authentication": {
          "defaultValue": {},
          "type": "SecureObject"
        },
        "007_eslips (kabi_007_eslips)": {
          "defaultValue": "96935aeb-7118-445d-9999-56b4a174d04f",
          "type": "String",
          "metadata": {
            "schemaName": "kabi_007_eslips"
          }
        },
        "007_process (kabi_007_process)": {
          "defaultValue": "eSLIPS",
          "type": "String",
          "metadata": {
            "schemaName": "kabi_007_process"
          }
        },
        "007_site_app (kabi_007_site_app)": {
          "defaultValue": "https://fresenius.sharepoint.com/teams/Team-FK-Business-Application-BR-Dev",
          "type": "String",
          "metadata": {
            "schemaName": "kabi_007_site_app"
          }
        },
        "007_log (kabi_007_log)": {
          "defaultValue": "b23d228a-320f-431c-a6b4-b74ef8daa482",
          "type": "String",
          "metadata": {
            "schemaName": "kabi_007_log"
          }
        }
      },
      "triggers": {
        "manual": {
          "metadata": {
            "operationMetadataId": "daaf5d2a-420a-4535-ac39-b3fbe83a8b09"
          },
          "type": "Request",
          "kind": "PowerAppV2",
          "inputs": {
            "schema": {
              "type": "object",
              "properties": {
                "text": {
                  "title": "Items",
                  "type": "string",
                  "x-ms-dynamically-added": true,
                  "description": "Please enter your input",
                  "x-ms-content-hint": "TEXT"
                },
                "email": {
                  "title": "User",
                  "type": "string",
                  "format": "email",
                  "x-ms-dynamically-added": true,
                  "description": "Please enter an e-mail address",
                  "x-ms-content-hint": "EMAIL"
                }
              },
              "required": [
                "text",
                "email"
              ]
            }
          }
        }
      },
      "actions": {
        "Parse_JSON": {
          "runAfter": {},
          "metadata": {
            "operationMetadataId": "3179ad5a-170b-46e0-b3a0-95e2813ed02c"
          },
          "type": "ParseJson",
          "inputs": {
            "content": "@triggerBody()['text']",
            "schema": {
              "type": "array",
              "items": {
                "type": "object",
                "properties": {
                  "ID": {
                    "type": "integer"
                  }
                },
                "required": [
                  "ID"
                ]
              }
            }
          }
        },
        "Apply_to_each": {
          "foreach": "@body('Parse_JSON')",
          "actions": {
            "Update_item": {
              "runAfter": {},
              "metadata": {
                "operationMetadataId": "c2751efd-0eb1-41c1-9d96-7a0c76acfbdb"
              },
              "type": "OpenApiConnection",
              "inputs": {
                "host": {
                  "connectionName": "shared_sharepointonline",
                  "operationId": "PatchItem",
                  "apiId": "/providers/Microsoft.PowerApps/apis/shared_sharepointonline"
                },
                "parameters": {
                  "dataset": "@parameters('007_site_app (kabi_007_site_app)')",
                  "table": "@parameters('007_eslips (kabi_007_eslips)')",
                  "id": "@items('Apply_to_each')['ID']",
                  "item/Impresso": true
                },
                "authentication": "@parameters('$authentication')"
              }
            },
            "Create_item": {
              "runAfter": {
                "Update_item": [
                  "Succeeded"
                ]
              },
              "metadata": {
                "operationMetadataId": "04c6eba1-1b14-4613-bf6a-6f67663a0133"
              },
              "type": "OpenApiConnection",
              "inputs": {
                "host": {
                  "connectionName": "shared_sharepointonline",
                  "operationId": "PostItem",
                  "apiId": "/providers/Microsoft.PowerApps/apis/shared_sharepointonline"
                },
                "parameters": {
                  "dataset": "@parameters('007_site_app (kabi_007_site_app)')",
                  "table": "@parameters('007_log (kabi_007_log)')",
                  "item/Title": "@parameters('007_process (kabi_007_process)')",
                  "item/Item_ID": "@items('Apply_to_each')['ID']",
                  "item/Date": "@utcNow()",
                  "item/Action": "Impresso",
                  "item/Agent": [
                    {
                      "Claims": "@triggerBody()['email']"
                    }
                  ]
                },
                "authentication": "@parameters('$authentication')"
              }
            }
          },
          "runAfter": {
            "Parse_JSON": [
              "Succeeded"
            ]
          },
          "metadata": {
            "operationMetadataId": "8df3d0d9-4426-46bd-be6a-8325bb506f93"
          },
          "type": "Foreach"
        },
        "Respond_to_a_PowerApp_or_flow": {
          "runAfter": {
            "Apply_to_each": [
              "Succeeded"
            ]
          },
          "metadata": {
            "operationMetadataId": "dc3e6180-577d-4a3c-8914-a091fa1a0952"
          },
          "type": "Response",
          "kind": "PowerApp",
          "inputs": {
            "statusCode": 200,
            "body": {},
            "schema": {
              "type": "object",
              "properties": {}
            }
          }
        }
      }
    },
    "templateName": ""
  },
  "schemaVersion": "1.0.0.0"
}