{
  "properties": {
    "connectionReferences": {
      "shared_sharepointonline": {
        "runtimeSource": "invoker",
        "connection": {
          "connectionReferenceLogicalName": "kabi_007_sharepoint"
        },
        "api": {
          "name": "shared_sharepointonline"
        }
      },
      "shared_office365": {
        "runtimeSource": "invoker",
        "connection": {
          "connectionReferenceLogicalName": "kabi_007_outlook365"
        },
        "api": {
          "name": "shared_office365"
        }
      }
    },
    "definition": {
      "$schema": "https://schema.management.azure.com/providers/Microsoft.Logic/schemas/2016-06-01/workflowdefinition.json#",
      "contentVersion": "1.0.0.0",
      "parameters": {
        "$connections": {
          "defaultValue": {},
          "type": "Object"
        },
        "$authentication": {
          "defaultValue": {},
          "type": "SecureObject"
        },
        "007_fluxos (kabi_007_fluxos)": {
          "defaultValue": "7f8fba34-b146-42ba-9128-0210436ff1b7",
          "type": "String",
          "metadata": {
            "schemaName": "kabi_007_fluxos"
          }
        },
        "007_site_app (kabi_007_site_app)": {
          "defaultValue": "https://fresenius.sharepoint.com/teams/Team-FK-Business-Application-BR-Dev",
          "type": "String",
          "metadata": {
            "schemaName": "kabi_007_site_app"
          }
        }
      },
      "triggers": {
        "manual": {
          "metadata": {
            "operationMetadataId": "8d9fe2cc-a2d9-40e8-9e7d-e59ad2a1c93f"
          },
          "type": "Request",
          "kind": "Button",
          "inputs": {
            "schema": {
              "type": "object",
              "properties": {
                "text": {
                  "title": "Email 1",
                  "type": "string",
                  "x-ms-dynamically-added": true,
                  "description": "Usuário que vai ser alterado",
                  "x-ms-content-hint": "TEXT"
                },
                "text_1": {
                  "title": "Email 2",
                  "type": "string",
                  "x-ms-dynamically-added": true,
                  "description": "Usuário que vai substituir o usuário 1",
                  "x-ms-content-hint": "TEXT"
                }
              },
              "required": [
                "text",
                "text_1"
              ]
            }
          }
        }
      },
      "actions": {
        "Get_items_-_before": {
          "runAfter": {
            "Initialize_variable_-_approvers": [
              "Succeeded"
            ]
          },
          "metadata": {
            "operationMetadataId": "47687a7e-620d-4bb0-81f9-5157719fc2ce"
          },
          "type": "OpenApiConnection",
          "inputs": {
            "host": {
              "connectionName": "shared_sharepointonline",
              "operationId": "GetItems",
              "apiId": "/providers/Microsoft.PowerApps/apis/shared_sharepointonline"
            },
            "parameters": {
              "dataset": "@parameters('007_site_app (kabi_007_site_app)')",
              "table": "@parameters('007_fluxos (kabi_007_fluxos)')",
              "$filter": "Title ne ''"
            },
            "authentication": {
              "type": "Raw",
              "value": "@json(decodeBase64(triggerOutputs().headers['X-MS-APIM-Tokens']))['$ConnectionKey']"
            }
          },
          "runtimeConfiguration": {
            "paginationPolicy": {
              "minimumItemCount": 100000
            }
          }
        },
        "Apply_to_each": {
          "foreach": "@outputs('Get_items_-_before')?['body/value']",
          "actions": {
            "Set_variable": {
              "runAfter": {},
              "metadata": {
                "operationMetadataId": "1656e8e2-867a-4d9c-9e6e-29506113b7d3"
              },
              "type": "SetVariable",
              "inputs": {
                "name": "approvers",
                "value": "@null"
              }
            },
            "Apply_to_each_2": {
              "foreach": "@items('Apply_to_each')?['Aprovadores']",
              "actions": {
                "Condition": {
                  "actions": {
                    "Append_to_array_variable": {
                      "runAfter": {},
                      "metadata": {
                        "operationMetadataId": "30fd80d2-642d-4f2c-976b-37ea600c1f62"
                      },
                      "type": "AppendToArrayVariable",
                      "inputs": {
                        "name": "approvers",
                        "value": {
                          "Claims": "@triggerBody()['text_1']"
                        }
                      }
                    }
                  },
                  "runAfter": {},
                  "else": {
                    "actions": {
                      "Append_to_array_variable_2": {
                        "runAfter": {},
                        "metadata": {
                          "operationMetadataId": "5157a1fe-3a5b-42b8-9bbf-048cdb6bf280"
                        },
                        "type": "AppendToArrayVariable",
                        "inputs": {
                          "name": "approvers",
                          "value": {
                            "Claims": "@items('Apply_to_each_2')?['Email']"
                          }
                        }
                      }
                    }
                  },
                  "expression": {
                    "equals": [
                      "@toLower(items('Apply_to_each_2')?['Email'])",
                      "@toLower(triggerBody()['text'])"
                    ]
                  },
                  "metadata": {
                    "operationMetadataId": "8fcc7e49-4eff-42ab-9fb3-58d1563d64a5"
                  },
                  "type": "If"
                }
              },
              "runAfter": {
                "Set_variable": [
                  "Succeeded"
                ]
              },
              "metadata": {
                "operationMetadataId": "222f6ad7-1b6e-4b31-948f-bfc3aa902632"
              },
              "type": "Foreach"
            },
            "Update_item": {
              "runAfter": {
                "Apply_to_each_2": [
                  "Succeeded"
                ]
              },
              "metadata": {
                "operationMetadataId": "e8317970-87a3-473a-848f-24b3f2abe089"
              },
              "type": "OpenApiConnection",
              "inputs": {
                "host": {
                  "connectionName": "shared_sharepointonline",
                  "operationId": "PatchItem",
                  "apiId": "/providers/Microsoft.PowerApps/apis/shared_sharepointonline"
                },
                "parameters": {
                  "dataset": "@parameters('007_site_app (kabi_007_site_app)')",
                  "table": "@parameters('007_fluxos (kabi_007_fluxos)')",
                  "id": "@items('Apply_to_each')?['ID']",
                  "item/Title": "@items('Apply_to_each')?['Title']",
                  "item/Aprovadores": "@variables('approvers')"
                },
                "authentication": {
                  "type": "Raw",
                  "value": "@json(decodeBase64(triggerOutputs().headers['X-MS-APIM-Tokens']))['$ConnectionKey']"
                }
              }
            }
          },
          "runAfter": {
            "Compose_-_before": [
              "Succeeded"
            ]
          },
          "metadata": {
            "operationMetadataId": "803fc420-2584-4051-b3cd-1329f01648f8"
          },
          "type": "Foreach"
        },
        "Initialize_variable_-_approvers": {
          "runAfter": {},
          "metadata": {
            "operationMetadataId": "b4fc48b1-0130-4323-8e11-756188de1773"
          },
          "type": "InitializeVariable",
          "inputs": {
            "variables": [
              {
                "name": "approvers",
                "type": "array"
              }
            ]
          }
        },
        "Compose_-_before": {
          "runAfter": {
            "Get_items_-_before": [
              "Succeeded"
            ]
          },
          "metadata": {
            "operationMetadataId": "8235b50b-9f3e-45ce-b4b3-d4f38ec32d13"
          },
          "type": "Compose",
          "inputs": "@body('Get_items_-_before')"
        },
        "Get_items_-_after": {
          "runAfter": {
            "Apply_to_each": [
              "Succeeded"
            ]
          },
          "metadata": {
            "operationMetadataId": "59890bf3-287e-446c-a35d-a988bbe6706b"
          },
          "type": "OpenApiConnection",
          "inputs": {
            "host": {
              "connectionName": "shared_sharepointonline",
              "operationId": "GetItems",
              "apiId": "/providers/Microsoft.PowerApps/apis/shared_sharepointonline"
            },
            "parameters": {
              "dataset": "@parameters('007_site_app (kabi_007_site_app)')",
              "table": "@parameters('007_fluxos (kabi_007_fluxos)')",
              "$filter": "Title ne ''"
            },
            "authentication": {
              "type": "Raw",
              "value": "@json(decodeBase64(triggerOutputs().headers['X-MS-APIM-Tokens']))['$ConnectionKey']"
            }
          },
          "runtimeConfiguration": {
            "paginationPolicy": {
              "minimumItemCount": 100000
            }
          }
        },
        "Compose_-_after": {
          "runAfter": {
            "Get_items_-_after": [
              "Succeeded"
            ]
          },
          "metadata": {
            "operationMetadataId": "cd2ca39f-58c6-47e8-97fd-a1cfab56f4ee"
          },
          "type": "Compose",
          "inputs": "@body('Get_items_-_after')"
        },
        "Send_an_email_(V2)": {
          "runAfter": {
            "Compose_-_after": [
              "Succeeded"
            ]
          },
          "metadata": {
            "operationMetadataId": "1e9e25d6-f229-476a-8ede-5ae9bb63e44e"
          },
          "type": "OpenApiConnection",
          "inputs": {
            "host": {
              "connectionName": "shared_office365",
              "operationId": "SendEmailV2",
              "apiId": "/providers/Microsoft.PowerApps/apis/shared_office365"
            },
            "parameters": {
              "emailMessage/To": "antonio.graca@fresenius-kabi.com",
              "emailMessage/Subject": "Alteração dos fluxos de aprovação",
              "emailMessage/Body": "<p>Docs em anexo.</p>",
              "emailMessage/Attachments": [
                {
                  "Name": "antes.txt",
                  "ContentBytes": "@outputs('Compose_-_before')"
                },
                {
                  "Name": "Depois.txt",
                  "ContentBytes": "@outputs('Compose_-_after')"
                }
              ],
              "emailMessage/Importance": "Normal"
            },
            "authentication": {
              "type": "Raw",
              "value": "@json(decodeBase64(triggerOutputs().headers['X-MS-APIM-Tokens']))['$ConnectionKey']"
            }
          }
        }
      }
    },
    "templateName": ""
  },
  "schemaVersion": "1.0.0.0"
}