{
  "properties": {
    "connectionReferences": {
      "shared_sharepointonline_1": {
        "runtimeSource": "invoker",
        "connection": {
          "connectionReferenceLogicalName": "kabi_007_sharepoint"
        },
        "api": {
          "name": "shared_sharepointonline"
        }
      },
      "shared_office365_1": {
        "runtimeSource": "invoker",
        "connection": {
          "connectionReferenceLogicalName": "kabi_007_outlook365"
        },
        "api": {
          "name": "shared_office365"
        }
      }
    },
    "definition": {
      "$schema": "https://schema.management.azure.com/providers/Microsoft.Logic/schemas/2016-06-01/workflowdefinition.json#",
      "contentVersion": "1.0.0.0",
      "parameters": {
        "$connections": {
          "defaultValue": {},
          "type": "Object"
        },
        "$authentication": {
          "defaultValue": {},
          "type": "SecureObject"
        },
        "007_eslips (kabi_007_eslips)": {
          "defaultValue": "96935aeb-7118-445d-9999-56b4a174d04f",
          "type": "String",
          "metadata": {
            "schemaName": "kabi_007_eslips"
          }
        },
        "007_process (kabi_007_process)": {
          "defaultValue": "eSLIPS",
          "type": "String",
          "metadata": {
            "schemaName": "kabi_007_process"
          }
        },
        "007_app_link (kabi_007_app_link)": {
          "defaultValue": "https://apps.powerapps.com/play/e/5ff56345-fd52-e122-ac5d-dbecca0e2a54/a/90b82fdf-14a9-4d6b-bdb3-102bae329978?tenantId=c98df534-5e36-459a-ac3f-8c2e449863bd",
          "type": "String",
          "metadata": {
            "schemaName": "kabi_007_app_link"
          }
        },
        "007_site_app (kabi_007_site_app)": {
          "defaultValue": "https://fresenius.sharepoint.com/teams/Team-FK-Business-Application-BR-Dev",
          "type": "String",
          "metadata": {
            "schemaName": "kabi_007_site_app"
          }
        },
        "007_access_eslip (kabi_007_access_eslip)": {
          "defaultValue": "b97aafdb-7d19-481c-9571-816bfb502b77",
          "type": "String",
          "metadata": {
            "schemaName": "kabi_007_access_eslip"
          }
        },
        "007_log (kabi_007_log)": {
          "defaultValue": "b23d228a-320f-431c-a6b4-b74ef8daa482",
          "type": "String",
          "metadata": {
            "schemaName": "kabi_007_log"
          }
        }
      },
      "triggers": {
        "manual": {
          "metadata": {
            "operationMetadataId": "571a82b2-b67c-4031-9eff-880c75ddedf6"
          },
          "type": "Request",
          "kind": "PowerAppV2",
          "inputs": {
            "schema": {
              "type": "object",
              "properties": {
                "text": {
                  "title": "Items",
                  "type": "string",
                  "x-ms-dynamically-added": true,
                  "description": "Please enter your input",
                  "x-ms-content-hint": "TEXT"
                },
                "email": {
                  "title": "User",
                  "type": "string",
                  "format": "email",
                  "x-ms-dynamically-added": true,
                  "description": "Please enter an e-mail address",
                  "x-ms-content-hint": "EMAIL"
                }
              },
              "required": [
                "text",
                "email"
              ]
            }
          }
        }
      },
      "actions": {
        "Parse_JSON": {
          "runAfter": {
            "Initialize_variable_-_emails_financeiro": [
              "Succeeded"
            ]
          },
          "metadata": {
            "operationMetadataId": "92e6bc54-aa23-40d1-bbae-ecb97cd295ab"
          },
          "type": "ParseJson",
          "inputs": {
            "content": "@triggerBody()['text']",
            "schema": {
              "type": "array",
              "items": {
                "type": "object",
                "properties": {
                  "ID": {
                    "type": "integer"
                  }
                },
                "required": [
                  "ID"
                ]
              }
            }
          }
        },
        "Apply_to_each": {
          "foreach": "@body('Parse_JSON')",
          "actions": {
            "Condition": {
              "actions": {
                "Create_item": {
                  "runAfter": {
                    "Current_time": [
                      "Succeeded"
                    ]
                  },
                  "metadata": {
                    "operationMetadataId": "5fda1dee-0b49-4e33-9010-f857749f1253"
                  },
                  "type": "OpenApiConnection",
                  "inputs": {
                    "host": {
                      "connectionName": "shared_sharepointonline_1",
                      "operationId": "PostItem",
                      "apiId": "/providers/Microsoft.PowerApps/apis/shared_sharepointonline"
                    },
                    "parameters": {
                      "dataset": "@parameters('007_site_app (kabi_007_site_app)')",
                      "table": "@parameters('007_log (kabi_007_log)')",
                      "item/Title": "@parameters('007_process (kabi_007_process)')",
                      "item/Item_ID": "@outputs('Get_item')?['body/ID']",
                      "item/Date": "@utcNow()",
                      "item/Action": "Lançamento",
                      "item/Agent": [
                        {
                          "Claims": "@triggerBody()['email']"
                        }
                      ],
                      "item/Comments": "E-Slip Lançado / @{outputs('Get_item')?['body/N_x00b0_deLan_x00e7_amento']}"
                    },
                    "authentication": "@parameters('$authentication')"
                  }
                },
                "Current_time": {
                  "runAfter": {},
                  "metadata": {
                    "operationMetadataId": "e48268a1-799b-4c74-8de9-cb33adec4a91"
                  },
                  "type": "Expression",
                  "kind": "CurrentTime",
                  "inputs": {}
                },
                "Update_item": {
                  "runAfter": {
                    "Create_item": [
                      "Succeeded"
                    ]
                  },
                  "metadata": {
                    "operationMetadataId": "fc0264ad-8df9-46c6-bb8f-63a00f2b4b5d"
                  },
                  "type": "OpenApiConnection",
                  "inputs": {
                    "host": {
                      "connectionName": "shared_sharepointonline_1",
                      "operationId": "PatchItem",
                      "apiId": "/providers/Microsoft.PowerApps/apis/shared_sharepointonline"
                    },
                    "parameters": {
                      "dataset": "@parameters('007_site_app (kabi_007_site_app)')",
                      "table": "@parameters('007_eslips (kabi_007_eslips)')",
                      "id": "@outputs('Get_item')?['body/ID']",
                      "item/Status/Value": "Pendente Financeiro",
                      "item/Lancado": true,
                      "item/Lancado_por/Claims": "@triggerBody()['email']",
                      "item/Lancado_em": "@utcNow()"
                    },
                    "authentication": "@parameters('$authentication')"
                  }
                },
                "Compose_-_link_to_item": {
                  "runAfter": {
                    "Update_item": [
                      "Succeeded"
                    ]
                  },
                  "metadata": {
                    "operationMetadataId": "fce98556-e5b0-4e3f-93dc-8c90c8dac605"
                  },
                  "type": "Compose",
                  "inputs": "@{parameters('007_app_link (kabi_007_app_link)')}?Item_ID=@{outputs('Get_item')?['body/ID']}"
                },
                "Format_number": {
                  "runAfter": {
                    "Compose_-_link_to_item": [
                      "Succeeded"
                    ]
                  },
                  "metadata": {
                    "operationMetadataId": "11cd2639-80a3-4d5d-9195-724e344b6629"
                  },
                  "type": "Expression",
                  "kind": "FormatNumber",
                  "inputs": {
                    "number": "@outputs('Get_item')?['body/Valor']",
                    "format": "C2",
                    "locale": "pt-BR"
                  }
                },
                "Append_to_array_variable": {
                  "runAfter": {
                    "Format_number": [
                      "Succeeded"
                    ]
                  },
                  "metadata": {
                    "operationMetadataId": "3a93cff9-928b-4eb4-8056-ad0e4ddfcb65"
                  },
                  "type": "AppendToArrayVariable",
                  "inputs": {
                    "name": "items",
                    "value": {
                      "ID": "@outputs('Get_item')?['body/ID']",
                      "Empresa": "@outputs('Get_item')?['body/Local/Value']",
                      "Solicitante": "@outputs('Get_item')?['body/Author/DisplayName']",
                      "Fornecedor": "@outputs('Get_item')?['body/Fornecedor']",
                      "Criado em": "@formatDateTime(outputs('Get_item')?['body/Created'], 'dd/MM/yyyy')",
                      "Valor": "@body('Format_number')",
                      "Vencimento": "@formatDateTime(outputs('Get_item')?['body/Vencimento'], 'dd/MM/yyyy')",
                      "Tipo": "@outputs('Get_item')?['body/Tipo/Value']",
                      "N° do Lançamento": "@outputs('Get_item')?['body/N_x00b0_deLan_x00e7_amento']",
                      "Link": "@outputs('Compose_-_link_to_item')"
                    }
                  }
                },
                "Run_a_Child_Flow": {
                  "runAfter": {
                    "Append_to_array_variable": [
                      "Succeeded"
                    ]
                  },
                  "metadata": {
                    "operationMetadataId": "89775941-895d-486b-9ad0-e6eefe091d79"
                  },
                  "type": "Workflow",
                  "inputs": {
                    "host": {
                      "workflowReferenceName": "3957410d-ba53-ed11-bba2-0022489fdc80"
                    },
                    "body": {
                      "number": "@outputs('Get_item')?['body/ID']"
                    },
                    "retryPolicy": {
                      "type": "none"
                    }
                  }
                }
              },
              "runAfter": {
                "Compose": [
                  "Succeeded"
                ]
              },
              "expression": {
                "not": {
                  "equals": [
                    "@outputs('Compose')",
                    "@null"
                  ]
                }
              },
              "metadata": {
                "operationMetadataId": "bd3b442b-2275-4e8e-afb3-a6f631136eea"
              },
              "type": "If"
            },
            "Compose": {
              "runAfter": {
                "Get_item": [
                  "Succeeded"
                ]
              },
              "metadata": {
                "operationMetadataId": "4b74507e-788f-4e6e-a6e8-3978375a1cc4"
              },
              "type": "Compose",
              "inputs": "@outputs('Get_item')?['body/N_x00b0_deLan_x00e7_amento']"
            },
            "Get_item": {
              "runAfter": {},
              "metadata": {
                "operationMetadataId": "a206d8aa-a558-4dda-8238-1306b99f23df"
              },
              "type": "OpenApiConnection",
              "inputs": {
                "host": {
                  "connectionName": "shared_sharepointonline_1",
                  "operationId": "GetItem",
                  "apiId": "/providers/Microsoft.PowerApps/apis/shared_sharepointonline"
                },
                "parameters": {
                  "dataset": "@parameters('007_site_app (kabi_007_site_app)')",
                  "table": "@parameters('007_eslips (kabi_007_eslips)')",
                  "id": "@items('Apply_to_each')['ID']"
                },
                "authentication": "@parameters('$authentication')"
              }
            }
          },
          "runAfter": {
            "Respond_to_a_PowerApp_or_flow": [
              "Succeeded"
            ]
          },
          "metadata": {
            "operationMetadataId": "5bc3cdf5-4caa-40ea-9370-6276a8967c5e"
          },
          "type": "Foreach"
        },
        "Initialize_variable_-_items": {
          "runAfter": {},
          "metadata": {
            "operationMetadataId": "3714ca96-45c7-4ed3-9146-563b442c3f1f"
          },
          "type": "InitializeVariable",
          "inputs": {
            "variables": [
              {
                "name": "items",
                "type": "array"
              }
            ]
          }
        },
        "Condition_2": {
          "actions": {
            "Get_items": {
              "runAfter": {},
              "metadata": {
                "operationMetadataId": "2a89012e-c7da-4f40-86ab-24552676127a"
              },
              "type": "OpenApiConnection",
              "inputs": {
                "host": {
                  "connectionName": "shared_sharepointonline_1",
                  "operationId": "GetItems",
                  "apiId": "/providers/Microsoft.PowerApps/apis/shared_sharepointonline"
                },
                "parameters": {
                  "dataset": "@parameters('007_site_app (kabi_007_site_app)')",
                  "table": "@parameters('007_access_eslip (kabi_007_access_eslip)')",
                  "$filter": "Tipo eq 'Financeiro'"
                },
                "authentication": "@parameters('$authentication')"
              }
            },
            "Apply_to_each_2": {
              "foreach": "@outputs('Get_items')?['body/value']",
              "actions": {
                "Append_to_string_variable_2": {
                  "runAfter": {},
                  "metadata": {
                    "operationMetadataId": "e27906ef-5651-4d49-b1c1-41a30ba7e168"
                  },
                  "type": "AppendToStringVariable",
                  "inputs": {
                    "name": "emails_financeiro",
                    "value": "@{items('Apply_to_each_2')?['Pessoa/Email']};"
                  }
                }
              },
              "runAfter": {
                "Get_items": [
                  "Succeeded"
                ]
              },
              "metadata": {
                "operationMetadataId": "02ad7bf9-9c94-42c2-87bf-fb2cfcba052b"
              },
              "type": "Foreach"
            },
            "Send_an_email_(V2)": {
              "runAfter": {
                "Compose_-_HTML_table": [
                  "Succeeded"
                ]
              },
              "metadata": {
                "operationMetadataId": "f3c60c69-31a2-4fdc-b1bb-cf9dcd65f71f"
              },
              "type": "OpenApiConnection",
              "inputs": {
                "host": {
                  "connectionName": "shared_office365_1",
                  "operationId": "SendEmailV2",
                  "apiId": "/providers/Microsoft.PowerApps/apis/shared_office365"
                },
                "parameters": {
                  "emailMessage/To": "@variables('emails_financeiro')",
                  "emailMessage/Subject": "E-Slips - Items lançados",
                  "emailMessage/Body": "<p>Os seguintes items foram lançados pelo setor de contabilidade:<br>\n<br>\n@{outputs('Compose_-_HTML_table')}</p>"
                },
                "authentication": "@parameters('$authentication')"
              }
            },
            "Create_HTML_table": {
              "runAfter": {
                "Apply_to_each_2": [
                  "Succeeded"
                ]
              },
              "metadata": {
                "operationMetadataId": "27645b26-20aa-4668-a7d3-2f59906ef388"
              },
              "type": "Table",
              "inputs": {
                "from": "@variables('items')",
                "format": "HTML"
              }
            },
            "Compose_-_HTML_table": {
              "runAfter": {
                "Create_HTML_table": [
                  "Succeeded"
                ]
              },
              "metadata": {
                "operationMetadataId": "f4a8f0fb-e9d2-477b-b547-91aaa98cba4c"
              },
              "type": "Compose",
              "inputs": "<style>\ntable {\n  width: 100%;\n  background-color: #FFFFFF;\n  border-collapse: collapse;\n  border-width: 2px;\n  border-color: #7EA8F8;\n  border-style: solid;\n  color: #000000;\n  text-align: left;\n}\n\ntable td, table th {\n  border-width: 2px;\n  border-color: #7EA8F8;\n  border-style: solid;\n  padding: 5px;\n}\n\ntable thead {\n  background-color: #DEDEDE;\n}\n</style>\n@{body('Create_HTML_table')}"
            }
          },
          "runAfter": {
            "Apply_to_each": [
              "Succeeded"
            ]
          },
          "expression": {
            "not": {
              "equals": [
                "@length(variables('items'))",
                0
              ]
            }
          },
          "metadata": {
            "operationMetadataId": "d9271b8f-6ac4-45ed-a791-3fca35988583"
          },
          "type": "If"
        },
        "Initialize_variable_-_emails_financeiro": {
          "runAfter": {
            "Initialize_variable_-_items": [
              "Succeeded"
            ]
          },
          "metadata": {
            "operationMetadataId": "2ac5564c-06f8-43f7-9770-e495ab492024"
          },
          "type": "InitializeVariable",
          "inputs": {
            "variables": [
              {
                "name": "emails_financeiro",
                "type": "string"
              }
            ]
          }
        },
        "Respond_to_a_PowerApp_or_flow": {
          "runAfter": {
            "Parse_JSON": [
              "Succeeded"
            ]
          },
          "metadata": {
            "operationMetadataId": "5da86a64-d9d6-47ec-941b-e4ac0a780c98"
          },
          "type": "Response",
          "kind": "PowerApp",
          "inputs": {
            "statusCode": 200,
            "body": {
              "message": "Success"
            },
            "schema": {
              "type": "object",
              "properties": {
                "message": {
                  "title": "Message",
                  "x-ms-dynamically-added": true,
                  "type": "string"
                }
              }
            }
          }
        }
      }
    },
    "templateName": ""
  },
  "schemaVersion": "1.0.0.0"
}