{
  "properties": {
    "connectionReferences": {
      "shared_sharepointonline": {
        "runtimeSource": "invoker",
        "connection": {
          "connectionReferenceLogicalName": "kabi_007_sharepoint"
        },
        "api": {
          "name": "shared_sharepointonline"
        }
      }
    },
    "definition": {
      "$schema": "https://schema.management.azure.com/providers/Microsoft.Logic/schemas/2016-06-01/workflowdefinition.json#",
      "contentVersion": "1.0.0.0",
      "parameters": {
        "$connections": {
          "defaultValue": {},
          "type": "Object"
        },
        "$authentication": {
          "defaultValue": {},
          "type": "SecureObject"
        }
      },
      "triggers": {
        "manual": {
          "metadata": {
            "operationMetadataId": "58cfe9d8-99ff-4cf3-a3ab-795499fc8343"
          },
          "type": "Request",
          "kind": "Button",
          "inputs": {
            "schema": {
              "type": "object",
              "properties": {},
              "required": []
            }
          }
        }
      },
      "actions": {
        "Get_items_-_cost_center": {
          "runAfter": {},
          "metadata": {
            "operationMetadataId": "b85824bf-84c0-497e-aafa-4cec54ac118e"
          },
          "type": "OpenApiConnection",
          "inputs": {
            "host": {
              "connectionName": "shared_sharepointonline",
              "operationId": "GetItems",
              "apiId": "/providers/Microsoft.PowerApps/apis/shared_sharepointonline"
            },
            "parameters": {
              "dataset": "https://fresenius.sharepoint.com/teams/Team-FK-BR-TI-BusinessApplications",
              "table": "0cd807c2-3b34-495e-9784-373ca538266a",
              "$filter": "Title ne ''"
            },
            "authentication": {
              "type": "Raw",
              "value": "@json(decodeBase64(triggerOutputs().headers['X-MS-APIM-Tokens']))['$ConnectionKey']"
            }
          },
          "runtimeConfiguration": {
            "paginationPolicy": {
              "minimumItemCount": 10000
            }
          }
        },
        "Apply_to_each_-_cost_center": {
          "foreach": "@outputs('Get_items_-_cost_center')?['body/value']",
          "actions": {
            "Delete_item": {
              "runAfter": {},
              "metadata": {
                "operationMetadataId": "f2dfb085-2f20-4f11-9941-d16fbf873d2d"
              },
              "type": "OpenApiConnection",
              "inputs": {
                "host": {
                  "connectionName": "shared_sharepointonline",
                  "operationId": "DeleteItem",
                  "apiId": "/providers/Microsoft.PowerApps/apis/shared_sharepointonline"
                },
                "parameters": {
                  "dataset": "https://fresenius.sharepoint.com/teams/Team-FK-BR-TI-BusinessApplications",
                  "table": "0cd807c2-3b34-495e-9784-373ca538266a",
                  "id": "@items('Apply_to_each_-_cost_center')?['ID']"
                },
                "authentication": {
                  "type": "Raw",
                  "value": "@json(decodeBase64(triggerOutputs().headers['X-MS-APIM-Tokens']))['$ConnectionKey']"
                }
              }
            }
          },
          "runAfter": {
            "Get_items_-_cost_center": [
              "Succeeded"
            ]
          },
          "metadata": {
            "operationMetadataId": "f8638595-7998-4bcb-b4fc-43d1729fb718"
          },
          "type": "Foreach"
        },
        "Get_items_-_fluxos": {
          "runAfter": {
            "Apply_to_each_-_cost_center": [
              "Succeeded"
            ]
          },
          "metadata": {
            "operationMetadataId": "cb27610f-3b4b-480d-88f4-c094d99fa928"
          },
          "type": "OpenApiConnection",
          "inputs": {
            "host": {
              "connectionName": "shared_sharepointonline",
              "operationId": "GetItems",
              "apiId": "/providers/Microsoft.PowerApps/apis/shared_sharepointonline"
            },
            "parameters": {
              "dataset": "https://fresenius.sharepoint.com/teams/Team-FK-BR-TI-BusinessApplications",
              "table": "973a19c0-022b-4978-a6c9-5b92522e0aca",
              "$filter": "Title eq 'eSLIPS'"
            },
            "authentication": {
              "type": "Raw",
              "value": "@json(decodeBase64(triggerOutputs().headers['X-MS-APIM-Tokens']))['$ConnectionKey']"
            }
          },
          "runtimeConfiguration": {
            "paginationPolicy": {
              "minimumItemCount": 10000
            }
          }
        },
        "Select_-_unidade": {
          "runAfter": {
            "Get_items_-_fluxos": [
              "Succeeded"
            ]
          },
          "metadata": {
            "operationMetadataId": "e20b48f8-e14d-4db7-af1f-29f202e9f7f6"
          },
          "type": "Select",
          "inputs": {
            "from": "@outputs('Get_items_-_fluxos')?['body/value']",
            "select": "@item()?['Unidade/Value']"
          }
        },
        "Compose_-_union_unidade": {
          "runAfter": {
            "Select_-_unidade": [
              "Succeeded"
            ]
          },
          "metadata": {
            "operationMetadataId": "416ecd14-f7c0-4c5c-b6f3-24cd48d3a9cd"
          },
          "type": "Compose",
          "inputs": "@union(body('Select_-_unidade'), body('Select_-_unidade'))"
        },
        "Apply_to_each_-_unidade": {
          "foreach": "@outputs('Compose_-_union_unidade')",
          "actions": {
            "Get_items_-_descricao": {
              "runAfter": {},
              "metadata": {
                "operationMetadataId": "4e414a93-7933-4a3b-be9e-a999ef8b2605"
              },
              "type": "OpenApiConnection",
              "inputs": {
                "host": {
                  "connectionName": "shared_sharepointonline",
                  "operationId": "GetItems",
                  "apiId": "/providers/Microsoft.PowerApps/apis/shared_sharepointonline"
                },
                "parameters": {
                  "dataset": "https://fresenius.sharepoint.com/teams/Team-FK-BR-TI-BusinessApplications",
                  "table": "973a19c0-022b-4978-a6c9-5b92522e0aca",
                  "$filter": "Title eq 'eSLIPS' and Unidade eq '@{items('Apply_to_each_-_unidade')}'"
                },
                "authentication": {
                  "type": "Raw",
                  "value": "@json(decodeBase64(triggerOutputs().headers['X-MS-APIM-Tokens']))['$ConnectionKey']"
                }
              },
              "runtimeConfiguration": {
                "paginationPolicy": {
                  "minimumItemCount": 10000
                }
              }
            },
            "Select_-_descricao": {
              "runAfter": {
                "Get_items_-_descricao": [
                  "Succeeded"
                ]
              },
              "metadata": {
                "operationMetadataId": "008a612d-e693-4997-89a8-125b7389b49a"
              },
              "type": "Select",
              "inputs": {
                "from": "@outputs('Get_items_-_descricao')?['body/value']",
                "select": "@item()?['Descricao']"
              }
            },
            "Compose_-_descricao": {
              "runAfter": {
                "Select_-_descricao": [
                  "Succeeded"
                ]
              },
              "metadata": {
                "operationMetadataId": "a16ebf05-50e5-4ed4-a55c-47c5c3f77c31"
              },
              "type": "Compose",
              "inputs": "@union(body('Select_-_descricao'),body('Select_-_descricao'))"
            },
            "Select_-_departamento": {
              "runAfter": {
                "Compose_-_descricao": [
                  "Succeeded"
                ]
              },
              "metadata": {
                "operationMetadataId": "03eea2ee-8d91-4328-b768-1d10ee0b06e9"
              },
              "type": "Select",
              "inputs": {
                "from": "@outputs('Get_items_-_descricao')?['body/value']",
                "select": "@item()?['SegundoNivel']"
              }
            },
            "Compose_-_departamento": {
              "runAfter": {
                "Select_-_departamento": [
                  "Succeeded"
                ]
              },
              "metadata": {
                "operationMetadataId": "5616575a-c8c0-474c-b777-dcfd4d51cf5f"
              },
              "type": "Compose",
              "inputs": "@union(body('Select_-_departamento'),body('Select_-_departamento'))"
            },
            "Apply_to_each_-_departamento": {
              "foreach": "@outputs('Compose_-_departamento')",
              "actions": {
                "Compose_-_current_departamento": {
                  "runAfter": {},
                  "metadata": {
                    "operationMetadataId": "ca4b50e9-8235-40e3-9db6-fe754b2e3170"
                  },
                  "type": "Compose",
                  "inputs": "@items('Apply_to_each_-_departamento')"
                },
                "Apply_to_each_-_descricao": {
                  "foreach": "@outputs('Compose_-_descricao')",
                  "actions": {
                    "Get_items": {
                      "runAfter": {},
                      "metadata": {
                        "operationMetadataId": "7d04eda5-227b-407d-8b84-c37e6538b64b"
                      },
                      "type": "OpenApiConnection",
                      "inputs": {
                        "host": {
                          "connectionName": "shared_sharepointonline",
                          "operationId": "GetItems",
                          "apiId": "/providers/Microsoft.PowerApps/apis/shared_sharepointonline"
                        },
                        "parameters": {
                          "dataset": "https://fresenius.sharepoint.com/teams/Team-FK-BR-TI-BusinessApplications",
                          "table": "973a19c0-022b-4978-a6c9-5b92522e0aca",
                          "$filter": "Title eq 'eSLIPS' and Unidade eq '@{items('Apply_to_each_-_unidade')}' and SegundoNivel eq '@{outputs('Compose_-_current_departamento')}' and Descricao eq '@{items('Apply_to_each_-_descricao')}'"
                        },
                        "authentication": {
                          "type": "Raw",
                          "value": "@json(decodeBase64(triggerOutputs().headers['X-MS-APIM-Tokens']))['$ConnectionKey']"
                        }
                      },
                      "runtimeConfiguration": {
                        "paginationPolicy": {
                          "minimumItemCount": 10000
                        }
                      }
                    },
                    "Condition": {
                      "actions": {
                        "Create_item": {
                          "runAfter": {},
                          "metadata": {
                            "operationMetadataId": "140b31f7-844f-464a-b94b-69ebc886b470"
                          },
                          "type": "OpenApiConnection",
                          "inputs": {
                            "host": {
                              "connectionName": "shared_sharepointonline",
                              "operationId": "PostItem",
                              "apiId": "/providers/Microsoft.PowerApps/apis/shared_sharepointonline"
                            },
                            "parameters": {
                              "dataset": "https://fresenius.sharepoint.com/teams/Team-FK-BR-TI-BusinessApplications",
                              "table": "0cd807c2-3b34-495e-9784-373ca538266a",
                              "item/Title": "@outputs('Compose_-_current_departamento')",
                              "item/Description": "@items('Apply_to_each_-_descricao')",
                              "item/Empresa": "@items('Apply_to_each_-_unidade')"
                            },
                            "authentication": {
                              "type": "Raw",
                              "value": "@json(decodeBase64(triggerOutputs().headers['X-MS-APIM-Tokens']))['$ConnectionKey']"
                            }
                          }
                        }
                      },
                      "runAfter": {
                        "Get_items": [
                          "Succeeded"
                        ]
                      },
                      "expression": {
                        "greater": [
                          "@length(outputs('Get_items')?['body/value'])",
                          0
                        ]
                      },
                      "metadata": {
                        "operationMetadataId": "b6fe883f-bba0-49f4-9e5f-9b2f2caab030"
                      },
                      "type": "If"
                    }
                  },
                  "runAfter": {
                    "Compose_-_current_departamento": [
                      "Succeeded"
                    ]
                  },
                  "metadata": {
                    "operationMetadataId": "ad60d132-2554-4076-963e-811f08311714"
                  },
                  "type": "Foreach"
                }
              },
              "runAfter": {
                "Compose_-_departamento": [
                  "Succeeded"
                ]
              },
              "metadata": {
                "operationMetadataId": "1eccb362-8f38-4154-9e1a-d884fc60b941"
              },
              "type": "Foreach"
            }
          },
          "runAfter": {
            "Compose_-_union_unidade": [
              "Succeeded"
            ]
          },
          "metadata": {
            "operationMetadataId": "a20d4ced-6c5d-45a9-9ab7-90d71d134839"
          },
          "type": "Foreach"
        }
      }
    },
    "templateName": ""
  },
  "schemaVersion": "1.0.0.0"
}