{
  "properties": {
    "connectionReferences": {
      "shared_sharepointonline_1": {
        "runtimeSource": "invoker",
        "connection": {
          "connectionReferenceLogicalName": "kabi_007_sharepoint"
        },
        "api": {
          "name": "shared_sharepointonline"
        }
      }
    },
    "definition": {
      "$schema": "https://schema.management.azure.com/providers/Microsoft.Logic/schemas/2016-06-01/workflowdefinition.json#",
      "contentVersion": "1.0.0.0",
      "parameters": {
        "$connections": {
          "defaultValue": {},
          "type": "Object"
        },
        "$authentication": {
          "defaultValue": {},
          "type": "SecureObject"
        },
        "007_eslips (kabi_007_eslips)": {
          "defaultValue": "96935aeb-7118-445d-9999-56b4a174d04f",
          "type": "String",
          "metadata": {
            "schemaName": "kabi_007_eslips"
          }
        },
        "007_site_app (kabi_007_site_app)": {
          "defaultValue": "https://fresenius.sharepoint.com/teams/Team-FK-Business-Application-BR-Dev",
          "type": "String",
          "metadata": {
            "schemaName": "kabi_007_site_app"
          }
        },
        "007_log (kabi_007_log)": {
          "defaultValue": "b23d228a-320f-431c-a6b4-b74ef8daa482",
          "type": "String",
          "metadata": {
            "schemaName": "kabi_007_log"
          }
        },
        "007_process (kabi_007_process)": {
          "defaultValue": "eSLIPS",
          "type": "String",
          "metadata": {
            "schemaName": "kabi_007_process"
          }
        }
      },
      "triggers": {
        "manual": {
          "metadata": {
            "operationMetadataId": "e75f6706-e6f3-49d8-803c-4240a1496571"
          },
          "type": "Request",
          "kind": "PowerAppV2",
          "inputs": {
            "schema": {
              "type": "object",
              "properties": {
                "number": {
                  "title": "ID",
                  "type": "number",
                  "x-ms-dynamically-added": true,
                  "description": "Please enter a number",
                  "x-ms-content-hint": "NUMBER"
                },
                "email": {
                  "title": "User",
                  "type": "string",
                  "format": "email",
                  "x-ms-dynamically-added": true,
                  "description": "Please enter an e-mail address",
                  "x-ms-content-hint": "EMAIL"
                }
              },
              "required": [
                "number",
                "email"
              ]
            }
          }
        }
      },
      "actions": {
        "Create_item": {
          "runAfter": {
            "Current_time": [
              "Succeeded"
            ]
          },
          "metadata": {
            "operationMetadataId": "3918b2d0-4d52-45d9-baae-66a859eedcaf"
          },
          "type": "OpenApiConnection",
          "inputs": {
            "host": {
              "connectionName": "shared_sharepointonline_1",
              "operationId": "PostItem",
              "apiId": "/providers/Microsoft.PowerApps/apis/shared_sharepointonline"
            },
            "parameters": {
              "dataset": "@parameters('007_site_app (kabi_007_site_app)')",
              "table": "@parameters('007_log (kabi_007_log)')",
              "item/Title": "@parameters('007_process (kabi_007_process)')",
              "item/Item_ID": "@triggerBody()['number']",
              "item/Date": "@body('Current_time')",
              "item/Action": "Excluir",
              "item/Agent": [
                {
                  "Claims": "@triggerBody()['email']"
                }
              ]
            },
            "authentication": "@parameters('$authentication')"
          }
        },
        "Get_item": {
          "runAfter": {},
          "metadata": {
            "operationMetadataId": "840e62a5-f63d-4a6c-bc8d-c53bf0676615"
          },
          "type": "OpenApiConnection",
          "inputs": {
            "host": {
              "connectionName": "shared_sharepointonline_1",
              "operationId": "GetItem",
              "apiId": "/providers/Microsoft.PowerApps/apis/shared_sharepointonline"
            },
            "parameters": {
              "dataset": "@parameters('007_site_app (kabi_007_site_app)')",
              "table": "@parameters('007_eslips (kabi_007_eslips)')",
              "id": "@triggerBody()['number']"
            },
            "authentication": "@parameters('$authentication')"
          }
        },
        "Current_time": {
          "runAfter": {
            "Get_item": [
              "Succeeded"
            ]
          },
          "metadata": {
            "operationMetadataId": "17ee94ea-b2b9-4147-a97c-d130faeeeb5e"
          },
          "type": "Expression",
          "kind": "CurrentTime",
          "inputs": {}
        },
        "Delete_item": {
          "runAfter": {
            "Create_item": [
              "Succeeded"
            ]
          },
          "metadata": {
            "operationMetadataId": "6a73729c-c6e3-468a-8acd-bd7be2f1210e"
          },
          "type": "OpenApiConnection",
          "inputs": {
            "host": {
              "connectionName": "shared_sharepointonline_1",
              "operationId": "DeleteItem",
              "apiId": "/providers/Microsoft.PowerApps/apis/shared_sharepointonline"
            },
            "parameters": {
              "dataset": "@parameters('007_site_app (kabi_007_site_app)')",
              "table": "@parameters('007_eslips (kabi_007_eslips)')",
              "id": "@triggerBody()['number']"
            },
            "authentication": "@parameters('$authentication')"
          }
        }
      }
    },
    "templateName": ""
  },
  "schemaVersion": "1.0.0.0"
}