{
  "properties": {
    "connectionReferences": {
      "shared_sharepointonline_1": {
        "runtimeSource": "embedded",
        "connection": {
          "connectionReferenceLogicalName": "kabi_007_sharepoint"
        },
        "api": {
          "name": "shared_sharepointonline"
        }
      },
      "shared_onedriveforbusiness_1": {
        "runtimeSource": "embedded",
        "connection": {
          "connectionReferenceLogicalName": "kabi_007_onedrive"
        },
        "api": {
          "name": "shared_onedriveforbusiness"
        }
      },
      "shared_wordonlinebusiness": {
        "runtimeSource": "embedded",
        "connection": {
          "connectionReferenceLogicalName": "kabi_sharedwordonlinebusiness_164e8"
        },
        "api": {
          "name": "shared_wordonlinebusiness"
        }
      },
      "shared_uiflow": {
        "runtimeSource": "embedded",
        "connection": {
          "connectionReferenceLogicalName": "kabi_shareduiflow_9d3b3"
        },
        "api": {
          "name": "shared_uiflow"
        }
      }
    },
    "definition": {
      "$schema": "https://schema.management.azure.com/providers/Microsoft.Logic/schemas/2016-06-01/workflowdefinition.json#",
      "contentVersion": "1.0.0.0",
      "parameters": {
        "$connections": {
          "defaultValue": {},
          "type": "Object"
        },
        "$authentication": {
          "defaultValue": {},
          "type": "SecureObject"
        },
        "007_eslips (kabi_007_eslips)": {
          "defaultValue": "96935aeb-7118-445d-9999-56b4a174d04f",
          "type": "String",
          "metadata": {
            "schemaName": "kabi_007_eslips"
          }
        },
        "007_eslips_library (kabi_007_eslips_library)": {
          "defaultValue": "669d651c-7c9e-40bf-a2a2-f2436ce2e356",
          "type": "String",
          "metadata": {
            "schemaName": "kabi_007_eslips_library"
          }
        },
        "007_approval_item (kabi_007_approval_item)": {
          "defaultValue": "a9a2ee67-2d24-4a4e-b4ae-5f6391a65912",
          "type": "String",
          "metadata": {
            "schemaName": "kabi_007_approval_item"
          }
        },
        "007_process (kabi_007_process)": {
          "defaultValue": "eSLIPS",
          "type": "String",
          "metadata": {
            "schemaName": "kabi_007_process"
          }
        },
        "007_site_app (kabi_007_site_app)": {
          "defaultValue": "https://fresenius.sharepoint.com/teams/Team-FK-Business-Application-BR-Dev",
          "type": "String",
          "metadata": {
            "schemaName": "kabi_007_site_app"
          }
        },
        "007_approval_requests (kabi_007_approval_requests)": {
          "defaultValue": "d53b66fc-fdaa-4f00-8964-3e12c8a6de5d",
          "type": "String",
          "metadata": {
            "schemaName": "kabi_007_approval_requests"
          }
        },
        "007_approval_responses (kabi_007_approval_responses)": {
          "defaultValue": "bc3435b0-7334-4ca4-90dc-646468e6e608",
          "type": "String",
          "metadata": {
            "schemaName": "kabi_007_approval_responses"
          }
        },
        "007_eslips_all (kabi_007_eslips_all)": {
          "defaultValue": "3d049d89-b7b9-42dd-b15f-a3e687ca0563",
          "type": "String",
          "metadata": {
            "schemaName": "kabi_007_eslips_all"
          }
        }
      },
      "triggers": {
        "manual": {
          "metadata": {
            "operationMetadataId": "1ad48b44-59e3-4ac0-88f7-7e90f0879b0f"
          },
          "type": "Request",
          "kind": "PowerAppV2",
          "inputs": {
            "schema": {
              "type": "object",
              "properties": {
                "number": {
                  "title": "ID",
                  "type": "number",
                  "x-ms-dynamically-added": true,
                  "description": "Please enter a number",
                  "x-ms-content-hint": "NUMBER"
                }
              },
              "required": [
                "number"
              ]
            }
          }
        }
      },
      "actions": {
        "Initialize_variable_-_process": {
          "runAfter": {
            "Initialize_variable_-_count": [
              "Succeeded"
            ]
          },
          "metadata": {
            "operationMetadataId": "d4652003-e0e0-4bab-b0a3-034b8c9b9faa"
          },
          "type": "InitializeVariable",
          "inputs": {
            "variables": [
              {
                "name": "process",
                "type": "string",
                "value": "@parameters('007_process (kabi_007_process)')"
              }
            ]
          }
        },
        "Initialize_variable_-_items": {
          "runAfter": {
            "Initialize_variable_-_process": [
              "Succeeded"
            ]
          },
          "metadata": {
            "operationMetadataId": "3714ca96-45c7-4ed3-9146-563b442c3f1f"
          },
          "type": "InitializeVariable",
          "inputs": {
            "variables": [
              {
                "name": "items",
                "type": "array"
              }
            ]
          }
        },
        "Initialize_variable_-_id_approval_item": {
          "runAfter": {
            "Initialize_variable_-_start_date": [
              "Succeeded"
            ]
          },
          "metadata": {
            "operationMetadataId": "8ca4a846-77d8-405c-a29c-5165b2a3e442"
          },
          "type": "InitializeVariable",
          "inputs": {
            "variables": [
              {
                "name": "id_approval_item",
                "type": "integer"
              }
            ]
          }
        },
        "Initialize_variable_-_count": {
          "runAfter": {
            "Initialize_variable_-_filecont": [
              "Succeeded"
            ]
          },
          "metadata": {
            "operationMetadataId": "94ac6351-1beb-4aca-8b1a-17e59082a453"
          },
          "type": "InitializeVariable",
          "inputs": {
            "variables": [
              {
                "name": "count",
                "type": "integer",
                "value": 0
              }
            ]
          }
        },
        "Initialize_variable_-_out_of_time": {
          "runAfter": {
            "Initialize_variable_-_id_approval_item": [
              "Succeeded"
            ]
          },
          "metadata": {
            "operationMetadataId": "3b99d56a-1093-487a-a4c8-1f24aee1ce33"
          },
          "type": "InitializeVariable",
          "inputs": {
            "variables": [
              {
                "name": "out_of_time",
                "type": "object"
              }
            ]
          }
        },
        "Initialize_variable_-_approvals": {
          "runAfter": {
            "Initialize_variable_-_out_of_time": [
              "Succeeded"
            ]
          },
          "metadata": {
            "operationMetadataId": "66c5f42d-8f51-43a3-979b-627da0ef0671"
          },
          "type": "InitializeVariable",
          "inputs": {
            "variables": [
              {
                "name": "approvals",
                "type": "array"
              }
            ]
          }
        },
        "Initialize_variable_-_start_date": {
          "runAfter": {
            "Initialize_variable_-_items": [
              "Succeeded"
            ]
          },
          "metadata": {
            "operationMetadataId": "636c9dd3-4c65-4c80-825d-937f191f13f1"
          },
          "type": "InitializeVariable",
          "inputs": {
            "variables": [
              {
                "name": "start_date",
                "type": "string"
              }
            ]
          }
        },
        "Initialize_variable_-_files": {
          "runAfter": {
            "Initialize_variable_-_approvals": [
              "Succeeded"
            ]
          },
          "metadata": {
            "operationMetadataId": "a076ba14-a9ba-4836-bfc7-50d13bf467f6"
          },
          "type": "InitializeVariable",
          "inputs": {
            "variables": [
              {
                "name": "files",
                "type": "array"
              }
            ]
          }
        },
        "Get_item_-_eSLIP": {
          "runAfter": {
            "Initialize_variable_-_files": [
              "Succeeded"
            ]
          },
          "metadata": {
            "operationMetadataId": "467ecdc3-6492-461f-99b2-789705b7cd6d"
          },
          "type": "OpenApiConnection",
          "inputs": {
            "host": {
              "apiId": "/providers/Microsoft.PowerApps/apis/shared_sharepointonline",
              "connectionName": "shared_sharepointonline_1",
              "operationId": "GetItem"
            },
            "parameters": {
              "dataset": "@parameters('007_site_app (kabi_007_site_app)')",
              "table": "@parameters('007_eslips (kabi_007_eslips)')",
              "id": "@triggerBody()['number']"
            },
            "authentication": "@parameters('$authentication')"
          }
        },
        "Get_items_-_approval_item": {
          "runAfter": {
            "Get_item_-_eSLIP": [
              "Succeeded"
            ]
          },
          "metadata": {
            "operationMetadataId": "e33e2259-d638-4a9e-a2ad-a0a5493c9d50"
          },
          "type": "OpenApiConnection",
          "inputs": {
            "host": {
              "apiId": "/providers/Microsoft.PowerApps/apis/shared_sharepointonline",
              "connectionName": "shared_sharepointonline_1",
              "operationId": "GetItems"
            },
            "parameters": {
              "dataset": "@parameters('007_site_app (kabi_007_site_app)')",
              "table": "@parameters('007_approval_item (kabi_007_approval_item)')",
              "$filter": "Project eq '@{variables('process')}' and Item_ID eq '@{outputs('Get_item_-_eSLIP')?['body/ID']}' and Status eq 'Approved'",
              "$orderby": "ID desc",
              "$top": 1
            },
            "authentication": "@parameters('$authentication')"
          }
        },
        "Set_id_approval_item": {
          "foreach": "@outputs('Get_items_-_approval_item')?['body/value']",
          "actions": {
            "Set_variable_-_id_approval_item": {
              "runAfter": {},
              "metadata": {
                "operationMetadataId": "b76dcb8c-3899-43a5-8be6-e9cdac2a2b27"
              },
              "type": "SetVariable",
              "inputs": {
                "name": "id_approval_item",
                "value": "@items('Set_id_approval_item')?['ID']"
              }
            },
            "Set_variable_-_start_date": {
              "runAfter": {
                "Set_variable_-_id_approval_item": [
                  "Succeeded"
                ]
              },
              "metadata": {
                "operationMetadataId": "7a0854ac-67c5-4593-8f49-bd04e604d94f"
              },
              "type": "SetVariable",
              "inputs": {
                "name": "start_date",
                "value": "@{formatdatetime(items('Set_id_approval_item')?['Start_date'], 'dd/MM/yyyy HH:mm tt')}"
              }
            }
          },
          "runAfter": {
            "Get_items_-_approval_item": [
              "Succeeded"
            ]
          },
          "metadata": {
            "operationMetadataId": "1e204a73-6a51-4953-968b-5a425f153e97"
          },
          "type": "Foreach"
        },
        "Get_items_-_approvals_requests": {
          "runAfter": {
            "Set_id_approval_item": [
              "Succeeded"
            ]
          },
          "metadata": {
            "operationMetadataId": "6beef227-2aa7-492f-ba0e-65c9f763ef8b"
          },
          "type": "OpenApiConnection",
          "inputs": {
            "host": {
              "apiId": "/providers/Microsoft.PowerApps/apis/shared_sharepointonline",
              "connectionName": "shared_sharepointonline_1",
              "operationId": "GetItems"
            },
            "parameters": {
              "dataset": "@parameters('007_site_app (kabi_007_site_app)')",
              "table": "@parameters('007_approval_requests (kabi_007_approval_requests)')",
              "$filter": "Project eq '@{variables('process')}' and Approval_item_ID eq '@{variables('id_approval_item')}'"
            },
            "authentication": "@parameters('$authentication')"
          }
        },
        "Set_variable_-_count": {
          "runAfter": {
            "Get_items_-_approvals_requests": [
              "Succeeded"
            ]
          },
          "metadata": {
            "operationMetadataId": "b12bdfc7-7e22-4d7d-b2f9-3a7dd4113dc9"
          },
          "type": "SetVariable",
          "inputs": {
            "name": "count",
            "value": 0
          }
        },
        "Set_variable_-_out_of_time_to_blank": {
          "runAfter": {
            "Set_variable_-_count": [
              "Succeeded"
            ]
          },
          "metadata": {
            "operationMetadataId": "e08be90b-44a1-4522-978d-c9b25dc8cc45"
          },
          "type": "SetVariable",
          "inputs": {
            "name": "out_of_time",
            "value": "@null"
          }
        },
        "Set_variable_-_approvals_to_blank": {
          "runAfter": {
            "Set_variable_-_out_of_time_to_blank": [
              "Succeeded"
            ]
          },
          "metadata": {
            "operationMetadataId": "1de230d6-c530-4506-9462-8f78323c810d"
          },
          "type": "SetVariable",
          "inputs": {
            "name": "approvals",
            "value": "@null"
          }
        },
        "Create_file": {
          "runAfter": {
            "Populate_a_Microsoft_Word_template": [
              "Succeeded"
            ]
          },
          "metadata": {
            "operationMetadataId": "71c5cdbb-7996-4c6b-8890-6c40c3d765cf"
          },
          "type": "OpenApiConnection",
          "inputs": {
            "host": {
              "apiId": "/providers/Microsoft.PowerApps/apis/shared_onedriveforbusiness",
              "connectionName": "shared_onedriveforbusiness_1",
              "operationId": "CreateFile"
            },
            "parameters": {
              "folderPath": "/eSlips/capas",
              "name": "eSLIP_@{outputs('Get_item_-_eSLIP')?['body/ID']}.docx",
              "body": "@body('Populate_a_Microsoft_Word_template')"
            },
            "authentication": "@parameters('$authentication')"
          },
          "runtimeConfiguration": {
            "contentTransfer": {
              "transferMode": "Chunked"
            }
          }
        },
        "Convert_file": {
          "runAfter": {
            "Create_file": [
              "Succeeded"
            ]
          },
          "metadata": {
            "operationMetadataId": "7ea3a91c-d563-40be-a228-a6d35ac3c2d9"
          },
          "type": "OpenApiConnection",
          "inputs": {
            "host": {
              "apiId": "/providers/Microsoft.PowerApps/apis/shared_onedriveforbusiness",
              "connectionName": "shared_onedriveforbusiness_1",
              "operationId": "ConvertFile"
            },
            "parameters": {
              "id": "@outputs('Create_file')?['body/Id']",
              "type": "PDF"
            },
            "authentication": "@parameters('$authentication')"
          }
        },
        "Get_attachments": {
          "runAfter": {
            "Convert_file": [
              "Succeeded"
            ]
          },
          "metadata": {
            "operationMetadataId": "2883e9c0-cc1e-4fd1-b2b9-672380d6d367"
          },
          "type": "OpenApiConnection",
          "inputs": {
            "host": {
              "apiId": "/providers/Microsoft.PowerApps/apis/shared_sharepointonline",
              "connectionName": "shared_sharepointonline_1",
              "operationId": "GetItemAttachments"
            },
            "parameters": {
              "dataset": "@parameters('007_site_app (kabi_007_site_app)')",
              "table": "@parameters('007_eslips (kabi_007_eslips)')",
              "itemId": "@outputs('Get_item_-_eSLIP')?['body/ID']"
            },
            "authentication": "@parameters('$authentication')"
          }
        },
        "Set_variable_-_files_to_blank": {
          "runAfter": {
            "Get_attachments": [
              "Succeeded"
            ]
          },
          "metadata": {
            "operationMetadataId": "8b71093d-8492-4dc4-99b5-eadc05b3bb03"
          },
          "type": "SetVariable",
          "inputs": {
            "name": "files",
            "value": "@null"
          }
        },
        "Apply_to_each_-_files": {
          "foreach": "@body('Get_attachments')",
          "actions": {
            "Condition": {
              "actions": {
                "Append_to_array_variable_-_files": {
                  "runAfter": {},
                  "metadata": {
                    "operationMetadataId": "51889da8-26f5-4fac-adee-9e08560018f0"
                  },
                  "type": "AppendToArrayVariable",
                  "inputs": {
                    "name": "files",
                    "value": {
                      "Name": "@{variables('filecont')}_@{items('Apply_to_each_-_files')?['DisplayName']}",
                      "ContentBytes": "@body('Get_file_content')"
                    }
                  }
                }
              },
              "runAfter": {
                "Get_file_content": [
                  "Succeeded"
                ]
              },
              "expression": {
                "equals": [
                  "@toLower(last(split(item()?['DisplayName'], '.')))",
                  "pdf"
                ]
              },
              "metadata": {
                "operationMetadataId": "7e269165-c0ec-48e6-94f5-fdf37b56fb8b"
              },
              "type": "If"
            },
            "Increment_variable": {
              "runAfter": {},
              "metadata": {
                "operationMetadataId": "43d991a1-b5f7-4f96-b905-5cd1d529c524"
              },
              "type": "IncrementVariable",
              "inputs": {
                "name": "filecont",
                "value": 1
              }
            },
            "Get_file_content": {
              "runAfter": {
                "Increment_variable": [
                  "Succeeded"
                ]
              },
              "metadata": {
                "operationMetadataId": "0149df1b-a976-43d3-a754-2332711d501c"
              },
              "type": "OpenApiConnection",
              "inputs": {
                "host": {
                  "apiId": "/providers/Microsoft.PowerApps/apis/shared_sharepointonline",
                  "connectionName": "shared_sharepointonline_1",
                  "operationId": "GetFileContent"
                },
                "parameters": {
                  "dataset": "@parameters('007_site_app (kabi_007_site_app)')",
                  "id": "@item()?['Id']",
                  "inferContentType": true
                },
                "authentication": "@parameters('$authentication')"
              }
            }
          },
          "runAfter": {
            "Set_variable_-_files_to_blank": [
              "Succeeded"
            ]
          },
          "metadata": {
            "operationMetadataId": "4044bfb4-a2e7-43d4-b525-10f4ac8f719f"
          },
          "type": "Foreach"
        },
        "Append_to_array_variable_-_files_2": {
          "runAfter": {
            "Increment_variable_2": [
              "Succeeded"
            ]
          },
          "metadata": {
            "operationMetadataId": "19fa3b25-1ece-49c8-b534-95d7d1b133a2"
          },
          "type": "AppendToArrayVariable",
          "inputs": {
            "name": "files",
            "value": {
              "Name": "@{variables('filecont')}_eSLIP_@{outputs('Get_item_-_eSLIP')?['body/ID']}.pdf",
              "ContentBytes": "@body('Convert_file')"
            }
          }
        },
        "Create_new_folder": {
          "runAfter": {
            "Append_to_array_variable_-_files_2": [
              "Succeeded"
            ]
          },
          "metadata": {
            "operationMetadataId": "e692d912-eaed-4a34-854a-6ae1711c5ef9"
          },
          "type": "OpenApiConnection",
          "inputs": {
            "host": {
              "apiId": "/providers/Microsoft.PowerApps/apis/shared_sharepointonline",
              "connectionName": "shared_sharepointonline_1",
              "operationId": "CreateNewFolder"
            },
            "parameters": {
              "dataset": "@parameters('007_site_app (kabi_007_site_app)')",
              "table": "@parameters('007_eslips_library (kabi_007_eslips_library)')",
              "parameters/path": "@outputs('Get_item_-_eSLIP')?['body/ID']"
            },
            "authentication": "@parameters('$authentication')"
          }
        },
        "Create_new_folder_2": {
          "runAfter": {
            "Create_new_folder": [
              "Succeeded"
            ]
          },
          "metadata": {
            "operationMetadataId": "ecdf2d97-3671-4ef7-be5f-0e3688c97b2b"
          },
          "type": "OpenApiConnection",
          "inputs": {
            "host": {
              "apiId": "/providers/Microsoft.PowerApps/apis/shared_sharepointonline",
              "connectionName": "shared_sharepointonline_1",
              "operationId": "CreateNewFolder"
            },
            "parameters": {
              "dataset": "@parameters('007_site_app (kabi_007_site_app)')",
              "table": "@parameters('007_eslips_library (kabi_007_eslips_library)')",
              "parameters/path": "@{outputs('Get_item_-_eSLIP')?['body/ID']}/docs"
            },
            "authentication": "@parameters('$authentication')"
          }
        },
        "Apply_to_each": {
          "foreach": "@variables('files')",
          "actions": {
            "Create_file_2": {
              "runAfter": {},
              "metadata": {
                "operationMetadataId": "38ccf796-43d8-4e0b-b644-c5f44249df81"
              },
              "type": "OpenApiConnection",
              "inputs": {
                "host": {
                  "apiId": "/providers/Microsoft.PowerApps/apis/shared_sharepointonline",
                  "connectionName": "shared_sharepointonline_1",
                  "operationId": "CreateFile"
                },
                "parameters": {
                  "dataset": "@parameters('007_site_app (kabi_007_site_app)')",
                  "folderPath": "/eSLIPS_library/@{outputs('Get_item_-_eSLIP')?['body/ID']}/docs/",
                  "name": "@item()['Name']",
                  "body": "@item()?['ContentBytes']"
                },
                "authentication": "@parameters('$authentication')"
              },
              "runtimeConfiguration": {
                "contentTransfer": {
                  "transferMode": "Chunked"
                }
              }
            }
          },
          "runAfter": {
            "Create_new_folder_2": [
              "Succeeded"
            ]
          },
          "metadata": {
            "operationMetadataId": "5409cbc7-6ab8-4b2f-b0dd-fd477c8220ff"
          },
          "type": "Foreach"
        },
        "Initialize_variable_-_filecont": {
          "runAfter": {},
          "metadata": {
            "operationMetadataId": "66f49730-0352-4c9d-a2dd-829da04b6bac"
          },
          "type": "InitializeVariable",
          "inputs": {
            "variables": [
              {
                "name": "filecont",
                "type": "integer",
                "value": 0
              }
            ]
          }
        },
        "Increment_variable_2": {
          "runAfter": {
            "Apply_to_each_-_files": [
              "Succeeded"
            ]
          },
          "metadata": {
            "operationMetadataId": "3971588f-56fe-4440-b2ec-862d0ab1d3b9"
          },
          "type": "IncrementVariable",
          "inputs": {
            "name": "filecont",
            "value": 1
          }
        },
        "Create_sharing_link_for_a_file_or_folder": {
          "runAfter": {
            "Run_a_flow_built_with_Power_Automate_for_desktop_2": [
              "Succeeded"
            ]
          },
          "metadata": {
            "operationMetadataId": "10a3b6bc-cf8d-4589-bd8a-f4defdac69dc"
          },
          "type": "OpenApiConnection",
          "inputs": {
            "host": {
              "apiId": "/providers/Microsoft.PowerApps/apis/shared_sharepointonline",
              "connectionName": "shared_sharepointonline_1",
              "operationId": "CreateSharingLink"
            },
            "parameters": {
              "dataset": "@parameters('007_site_app (kabi_007_site_app)')",
              "table": "@parameters('007_eslips_library (kabi_007_eslips_library)')",
              "id": "@outputs('Run_a_flow_built_with_Power_Automate_for_desktop_2')?['body/varIdFile']",
              "permission/type": "view",
              "permission/scope": "organization"
            },
            "authentication": "@parameters('$authentication')"
          }
        },
        "Update_item": {
          "runAfter": {
            "Update_item_2": [
              "Succeeded"
            ]
          },
          "metadata": {
            "operationMetadataId": "388e8915-3d92-4e94-b8e4-6d09d9db7c37"
          },
          "type": "OpenApiConnection",
          "inputs": {
            "host": {
              "apiId": "/providers/Microsoft.PowerApps/apis/shared_sharepointonline",
              "connectionName": "shared_sharepointonline_1",
              "operationId": "PatchItem"
            },
            "parameters": {
              "dataset": "@parameters('007_site_app (kabi_007_site_app)')",
              "table": "@parameters('007_eslips (kabi_007_eslips)')",
              "id": "@outputs('Get_item_-_eSLIP')?['body/ID']",
              "item/PDF": "@outputs('Create_sharing_link_for_a_file_or_folder')?['body/link/webUrl']"
            },
            "authentication": "@parameters('$authentication')"
          }
        },
        "Condition_2": {
          "actions": {
            "First_request": {
              "runAfter": {},
              "metadata": {
                "operationMetadataId": "2f7b4c8d-db7b-42d6-8a1a-eb223e15928b"
              },
              "type": "Compose",
              "inputs": "@outputs('Get_items_-_approvals_requests')?['body/value'][0]?['ID']"
            },
            "Apply_to_each_-_approvals_requests": {
              "foreach": "@outputs('Get_items_-_approvals_requests')?['body/value']",
              "actions": {
                "Condition_-_out_of_time": {
                  "actions": {
                    "Apply_to_each_2": {
                      "foreach": "@outputs('Get_items_-_approvals_responses')?['body/value']",
                      "actions": {
                        "Set_variable_-_out_of_time": {
                          "runAfter": {},
                          "metadata": {
                            "operationMetadataId": "4b64bbd9-3299-428f-9737-f507f32e8e5a"
                          },
                          "type": "SetVariable",
                          "inputs": {
                            "name": "out_of_time",
                            "value": {
                              "Nome": "@{items('Apply_to_each_2')?['Approver/DisplayName']}",
                              "Comentários": "@{items('Apply_to_each_2')?['Comments']}",
                              "Data": "@{formatdatetime(items('Apply_to_each_2')?['Start_date'], 'dd/MM/yyyy HH:mm tt')} - @{\r\nformatdatetime(items('Apply_to_each_2')?['Completion_date'], 'dd/MM/yyyy HH:mm tt')}"
                            }
                          }
                        }
                      },
                      "runAfter": {},
                      "metadata": {
                        "operationMetadataId": "18a88a32-a099-46c7-a41e-5ff8b9aff5af"
                      },
                      "type": "Foreach"
                    }
                  },
                  "runAfter": {
                    "Get_items_-_approvals_responses": [
                      "Succeeded"
                    ]
                  },
                  "else": {
                    "actions": {
                      "Apply_to_each_3": {
                        "foreach": "@outputs('Get_items_-_approvals_responses')?['body/value']",
                        "actions": {
                          "Append_to_array_variable_-_approvals": {
                            "runAfter": {},
                            "metadata": {
                              "operationMetadataId": "9d12c268-1c4e-43c9-bf36-a2891fe683ee"
                            },
                            "type": "AppendToArrayVariable",
                            "inputs": {
                              "name": "approvals",
                              "value": {
                                "Nome": "@{items('Apply_to_each_3')?['Approver/DisplayName']}",
                                "Comentários": "@{items('Apply_to_each_3')?['Comments']}",
                                "Data": "@{formatdatetime(items('Apply_to_each_3')?['Start_date'], 'dd/MM/yyyy HH:mm tt')} - @{formatdatetime(items('Apply_to_each_3')?['Completion_date'], 'dd/MM/yyyy HH:mm tt')}"
                              }
                            }
                          }
                        },
                        "runAfter": {},
                        "metadata": {
                          "operationMetadataId": "f3c2174c-43b1-4461-b54c-3b263c56323e"
                        },
                        "type": "Foreach"
                      },
                      "Increment_variable_-_count": {
                        "runAfter": {
                          "Apply_to_each_3": [
                            "Succeeded"
                          ]
                        },
                        "metadata": {
                          "operationMetadataId": "50680fe8-7233-46ac-9c13-ed87df0d344e"
                        },
                        "type": "IncrementVariable",
                        "inputs": {
                          "name": "count",
                          "value": 1
                        }
                      }
                    }
                  },
                  "expression": {
                    "and": [
                      {
                        "equals": [
                          "@outputs('Get_item_-_eSLIP')?['body/fora_x0020_do_x0020_prazo']",
                          "TRUE"
                        ]
                      },
                      {
                        "equals": [
                          "@outputs('First_request')",
                          "@items('Apply_to_each_-_approvals_requests')?['ID']"
                        ]
                      }
                    ]
                  },
                  "metadata": {
                    "operationMetadataId": "fcd3eccd-7765-4ec5-b4cb-f34da91b49eb"
                  },
                  "type": "If"
                },
                "Get_items_-_approvals_responses": {
                  "runAfter": {},
                  "metadata": {
                    "operationMetadataId": "9ba84de6-3b6b-4f12-9f9c-f36e5480b8aa"
                  },
                  "type": "OpenApiConnection",
                  "inputs": {
                    "host": {
                      "apiId": "/providers/Microsoft.PowerApps/apis/shared_sharepointonline",
                      "connectionName": "shared_sharepointonline_1",
                      "operationId": "GetItems"
                    },
                    "parameters": {
                      "dataset": "@parameters('007_site_app (kabi_007_site_app)')",
                      "table": "@parameters('007_approval_responses (kabi_007_approval_responses)')",
                      "$filter": "Approval_request_ID eq '@{items('Apply_to_each_-_approvals_requests')?['ID']}'"
                    },
                    "authentication": "@parameters('$authentication')"
                  }
                }
              },
              "runAfter": {
                "First_request": [
                  "Succeeded"
                ]
              },
              "metadata": {
                "operationMetadataId": "9a118629-5b67-4a9c-acfe-af85e797e5bf"
              },
              "type": "Foreach"
            }
          },
          "runAfter": {
            "Set_variable_-_approvals_to_blank": [
              "Succeeded"
            ]
          },
          "expression": {
            "or": [
              {
                "not": {
                  "equals": [
                    "@outputs('Get_item_-_eSLIP')?['body/Tipo/Value']",
                    "Pagamento com pedido"
                  ]
                }
              },
              {
                "equals": [
                  "@outputs('Get_item_-_eSLIP')?['body/fora_x0020_do_x0020_prazo']",
                  "TRUE"
                ]
              }
            ]
          },
          "metadata": {
            "operationMetadataId": "6716f100-e402-412b-b225-cfe404051090"
          },
          "type": "If"
        },
        "Populate_a_Microsoft_Word_template": {
          "runAfter": {
            "Condition_2": [
              "Succeeded"
            ]
          },
          "metadata": {
            "01AAMKK26KDC6GPVYRPRB2QN3TEBE2Q3K6": "/eSlips/Modelos/Modelo slip.docx",
            "operationMetadataId": "3df67c15-b538-4c84-be5e-44436edd8fc1",
            "01ZJMVEQAWEI4RM3JMVRAJERZAJ5TXWKQO": "/Models/Modelo slip.docx"
          },
          "type": "OpenApiConnection",
          "inputs": {
            "host": {
              "apiId": "/providers/Microsoft.PowerApps/apis/shared_wordonlinebusiness",
              "connectionName": "shared_wordonlinebusiness",
              "operationId": "CreateFileItem"
            },
            "parameters": {
              "source": "sites/fresenius.sharepoint.com,dea24680-2abc-458f-9ac1-75d5f15e0ae8,3b9d8ec9-1a27-435b-9565-35269a7d6dd2",
              "drive": "b!gEai3rwqj0WawXXV8V4K6MmOnTsnGltDlWU1Jpp9bdJXoZMQB4BoR4hA0nPsg_gu",
              "file": "01ZJMVEQAWEI4RM3JMVRAJERZAJ5TXWKQO",
              "dynamicFileSchema/124512714": "@formatDateTime(outputs('Get_item_-_eSLIP')?['body/Vencimento'], 'dd/MM/yyyy')",
              "dynamicFileSchema/138775751": "@if(greaterOrEquals(variables('count'),1),variables('approvals')[0]?['Data'],'')",
              "dynamicFileSchema/264274074": "@if(greaterOrEquals(variables('count'),1),variables('approvals')[0]?['Comentários'],'')",
              "dynamicFileSchema/556661279": "@outputs('Get_item_-_eSLIP')?['body/CentrodeCusto']",
              "dynamicFileSchema/694191299": "@variables('out_of_time')?['Comentários']",
              "dynamicFileSchema/861096011": "@outputs('Get_item_-_eSLIP')?['body/N_x00b0_deLan_x00e7_amento']",
              "dynamicFileSchema/1082954366": "@outputs('Get_item_-_eSLIP')?['body/Local/Value']",
              "dynamicFileSchema/1129362200": "@outputs('Get_item_-_eSLIP')?['body/Tipo/Value']",
              "dynamicFileSchema/1364021283": "@if(greaterOrEquals(variables('count'),2),variables('approvals')[1]?['Nome'],'')",
              "dynamicFileSchema/1370415200": "@if(greaterOrEquals(variables('count'),2),variables('approvals')[1]?['Comentários'],'')",
              "dynamicFileSchema/1628659642": "@outputs('Get_item_-_eSLIP')?['body/Lancado_por/DisplayName']",
              "dynamicFileSchema/1743916336": "@if(greaterOrEquals(variables('count'),1),variables('approvals')[0]?['Nome'],'')",
              "dynamicFileSchema/1795560340": "@variables('out_of_time')?['Data']",
              "dynamicFileSchema/1801802426": "@outputs('Get_item_-_eSLIP')?['body/Detalhes']",
              "dynamicFileSchema/1846055184": "@outputs('Get_item_-_eSLIP')?['body/Author/DisplayName']",
              "dynamicFileSchema/-2125995786": "@outputs('Get_item_-_eSLIP')?['body/Fornecedor']",
              "dynamicFileSchema/-113527444": "@outputs('Get_item_-_eSLIP')?['body/ID']",
              "dynamicFileSchema/-1820495675": "@{formatNumber(float(outputs('Get_item_-_eSLIP')?['body/Valor']), '$#,##0.00')} - (@{outputs('Get_item_-_eSLIP')?['body/Moeda/Value']})",
              "dynamicFileSchema/-1711803033": "@variables('start_date')",
              "dynamicFileSchema/-1773071758": "@if(greaterOrEquals(variables('count'),2),variables('approvals')[1]?['Data'],'')",
              "dynamicFileSchema/-1288957710": "@if(greaterOrEquals(variables('count'),3),variables('approvals')[2]?['Nome'],'')",
              "dynamicFileSchema/-507598963": "@if(greaterOrEquals(variables('count'),3),variables('approvals')[2]?['Comentários'],'')",
              "dynamicFileSchema/-1846774031": "@if(greaterOrEquals(variables('count'),3),variables('approvals')[2]?['Data'],'')",
              "dynamicFileSchema/-1487385702": "@variables('out_of_time')?['Nome']"
            },
            "authentication": "@parameters('$authentication')"
          }
        },
        "Respond_to_a_PowerApp_or_flow": {
          "runAfter": {
            "Update_item": [
              "Succeeded"
            ]
          },
          "metadata": {
            "operationMetadataId": "a3a41fe7-391b-435f-87dc-593b0b180a09"
          },
          "type": "Response",
          "kind": "PowerApp",
          "inputs": {
            "statusCode": 200,
            "body": {},
            "schema": {
              "type": "object",
              "properties": {}
            }
          }
        },
        "Run_a_flow_built_with_Power_Automate_for_desktop_2": {
          "runAfter": {
            "Apply_to_each": [
              "Succeeded"
            ]
          },
          "metadata": {
            "operationMetadataId": "081a234b-22c9-4ecf-95b9-c1b8f5630e1f"
          },
          "type": "OpenApiConnection",
          "inputs": {
            "host": {
              "apiId": "/providers/Microsoft.PowerApps/apis/shared_uiflow",
              "connectionName": "shared_uiflow",
              "operationId": "RunUIFlow_V2"
            },
            "parameters": {
              "uiFlowId": "7d6c537c-ee29-4a32-ad95-b72dc86773d7",
              "runMode": "attended",
              "runPriority": "high",
              "item/varEslip": "@triggerBody()['number']",
              "item/varSiteApp": "@parameters('007_site_app (kabi_007_site_app)')",
              "x-ms-flow-trusted-access": true
            },
            "authentication": {
              "value": "@json(decodeBase64(triggerOutputs().headers['X-MS-APIM-Tokens']))['$ConnectionKey']",
              "type": "Raw"
            }
          }
        },
        "Copy_file": {
          "runAfter": {
            "Create_sharing_link_for_a_file_or_folder": [
              "Succeeded"
            ]
          },
          "metadata": {
            "operationMetadataId": "0beca67e-bfd8-4700-b74a-d77661dfc8d2"
          },
          "type": "OpenApiConnection",
          "inputs": {
            "host": {
              "apiId": "/providers/Microsoft.PowerApps/apis/shared_sharepointonline",
              "connectionName": "shared_sharepointonline_1",
              "operationId": "CopyFileAsync"
            },
            "parameters": {
              "dataset": "@parameters('007_site_app (kabi_007_site_app)')",
              "parameters/sourceFileId": "/eSLIPS_library/@{triggerBody()['number']}/eSLIP_@{triggerBody()['number']}.pdf",
              "parameters/destinationDataset": "@parameters('007_site_app (kabi_007_site_app)')",
              "parameters/destinationFolderPath": "/eSLIPS_all",
              "parameters/nameConflictBehavior": 1
            },
            "authentication": "@parameters('$authentication')"
          }
        },
        "Update_item_2": {
          "runAfter": {
            "Copy_file": [
              "Succeeded"
            ]
          },
          "metadata": {
            "operationMetadataId": "f086963c-8508-4b77-9ebe-de008c231cc5"
          },
          "type": "OpenApiConnection",
          "inputs": {
            "host": {
              "apiId": "/providers/Microsoft.PowerApps/apis/shared_sharepointonline",
              "connectionName": "shared_sharepointonline_1",
              "operationId": "PatchItem"
            },
            "parameters": {
              "dataset": "@parameters('007_site_app (kabi_007_site_app)')",
              "table": "@parameters('007_eslips_all (kabi_007_eslips_all)')",
              "id": "@outputs('Copy_file')?['body/ItemId']",
              "item/eSLIP_ID": "@triggerBody()['number']",
              "item/Empresa": "@outputs('Get_item_-_eSLIP')?['body/Local/Value']",
              "item/Unidade": "@outputs('Get_item_-_eSLIP')?['body/Unidade/Value']",
              "item/Status": "@outputs('Get_item_-_eSLIP')?['body/Status/Value']"
            },
            "authentication": "@parameters('$authentication')"
          }
        }
      }
    },
    "templateName": null
  },
  "schemaVersion": "1.0.0.0"
}