{
  "properties": {
    "connectionReferences": {
      "shared_sharepointonline": {
        "runtimeSource": "invoker",
        "connection": {
          "connectionReferenceLogicalName": "kabi_007_sharepoint"
        },
        "api": {
          "name": "shared_sharepointonline"
        }
      },
      "shared_office365": {
        "runtimeSource": "invoker",
        "connection": {
          "connectionReferenceLogicalName": "kabi_007_outlook365"
        },
        "api": {
          "name": "shared_office365"
        }
      }
    },
    "definition": {
      "$schema": "https://schema.management.azure.com/providers/Microsoft.Logic/schemas/2016-06-01/workflowdefinition.json#",
      "contentVersion": "1.0.0.0",
      "parameters": {
        "$connections": {
          "defaultValue": {},
          "type": "Object"
        },
        "$authentication": {
          "defaultValue": {},
          "type": "SecureObject"
        },
        "007_approval_item (kabi_007_approval_item)": {
          "defaultValue": "a9a2ee67-2d24-4a4e-b4ae-5f6391a65912",
          "type": "String",
          "metadata": {
            "schemaName": "kabi_007_approval_item"
          }
        },
        "007_site_app (kabi_007_site_app)": {
          "defaultValue": "https://fresenius.sharepoint.com/teams/Team-FK-Business-Application-BR-Dev",
          "type": "String",
          "metadata": {
            "schemaName": "kabi_007_site_app"
          }
        }
      },
      "triggers": {
        "manual": {
          "metadata": {
            "operationMetadataId": "be3b0e58-b627-4f06-874a-5eb3fc228685"
          },
          "type": "Request",
          "kind": "Button",
          "inputs": {
            "schema": {
              "type": "object",
              "properties": {
                "text": {
                  "title": "Email",
                  "type": "string",
                  "x-ms-dynamically-added": true,
                  "description": "Please enter your input",
                  "x-ms-content-hint": "TEXT"
                },
                "text_1": {
                  "title": "To",
                  "type": "string",
                  "x-ms-dynamically-added": true,
                  "description": "Please enter your input",
                  "x-ms-content-hint": "TEXT"
                }
              },
              "required": [
                "text",
                "text_1"
              ]
            }
          }
        }
      },
      "actions": {
        "Get_items": {
          "runAfter": {
            "Initialize_variable_-_itens": [
              "Succeeded"
            ]
          },
          "metadata": {
            "operationMetadataId": "91a22fc0-71c2-49f0-9f91-a98a4359d606"
          },
          "type": "OpenApiConnection",
          "inputs": {
            "host": {
              "connectionName": "shared_sharepointonline",
              "operationId": "GetItems",
              "apiId": "/providers/Microsoft.PowerApps/apis/shared_sharepointonline"
            },
            "parameters": {
              "dataset": "@parameters('007_site_app (kabi_007_site_app)')",
              "table": "@parameters('007_approval_item (kabi_007_approval_item)')",
              "$filter": "Status eq 'Pending'"
            },
            "authentication": {
              "type": "Raw",
              "value": "@json(decodeBase64(triggerOutputs().headers['X-MS-APIM-Tokens']))['$ConnectionKey']"
            }
          },
          "runtimeConfiguration": {
            "paginationPolicy": {
              "minimumItemCount": 100000
            }
          }
        },
        "Apply_to_each": {
          "foreach": "@outputs('Get_items')?['body/value']",
          "actions": {
            "Set_variable_-_validate": {
              "runAfter": {},
              "metadata": {
                "operationMetadataId": "5f4667fd-0428-4bbc-a61a-22d3cb10c004"
              },
              "type": "SetVariable",
              "inputs": {
                "name": "validate",
                "value": false
              }
            },
            "Apply_to_each_2": {
              "foreach": "@items('Apply_to_each')?['Approver']",
              "actions": {
                "Condition": {
                  "actions": {
                    "Set_variable_-_validate_2": {
                      "runAfter": {},
                      "metadata": {
                        "operationMetadataId": "61c11dbc-7c85-43a2-95e4-82e3271bc1a8"
                      },
                      "type": "SetVariable",
                      "inputs": {
                        "name": "validate",
                        "value": true
                      }
                    }
                  },
                  "runAfter": {},
                  "expression": {
                    "equals": [
                      "@toLower(items('Apply_to_each_2')?['Email'])",
                      "@toLower(triggerBody()['text'])"
                    ]
                  },
                  "metadata": {
                    "operationMetadataId": "efcde0b4-5b4b-49b6-9d28-eb1c634eea5f"
                  },
                  "type": "If"
                }
              },
              "runAfter": {
                "Set_variable_-_validate": [
                  "Succeeded"
                ]
              },
              "metadata": {
                "operationMetadataId": "71b9d1f0-dca7-496f-bbde-d662e31f1e9a"
              },
              "type": "Foreach"
            },
            "Condition_2": {
              "actions": {
                "Append_to_array_variable_-_itens": {
                  "runAfter": {},
                  "metadata": {
                    "operationMetadataId": "a2c99177-6ca2-4de6-9f44-8b28a58e00be"
                  },
                  "type": "AppendToArrayVariable",
                  "inputs": {
                    "name": "itens",
                    "value": {
                      "eSLIP": "@items('Apply_to_each')?['ID']",
                      "Criado por": "@items('Apply_to_each')?['Author/DisplayName']",
                      "Criado em": "@formatDateTime(items('Apply_to_each')?['Created'],'dd/MM/yyyy')",
                      "Link de resposta": "@items('Apply_to_each')?['Link_to_response']"
                    }
                  }
                }
              },
              "runAfter": {
                "Apply_to_each_2": [
                  "Succeeded"
                ]
              },
              "expression": {
                "equals": [
                  "@variables('validate')",
                  true
                ]
              },
              "metadata": {
                "operationMetadataId": "1b15c7fc-cc57-43ff-9a53-751de83a6c62"
              },
              "type": "If"
            }
          },
          "runAfter": {
            "Get_items": [
              "Succeeded"
            ]
          },
          "metadata": {
            "operationMetadataId": "7d70cfc4-9602-4db4-b2b6-d59211c33967"
          },
          "type": "Foreach"
        },
        "Initialize_variable_-_validate": {
          "runAfter": {},
          "metadata": {
            "operationMetadataId": "80203ecf-a78f-460d-bac0-44ff38d69160"
          },
          "type": "InitializeVariable",
          "inputs": {
            "variables": [
              {
                "name": "validate",
                "type": "boolean"
              }
            ]
          }
        },
        "Initialize_variable_-_itens": {
          "runAfter": {
            "Initialize_variable_-_validate": [
              "Succeeded"
            ]
          },
          "metadata": {
            "operationMetadataId": "93561fc1-5852-4aaf-b079-d8c6cf32abd6"
          },
          "type": "InitializeVariable",
          "inputs": {
            "variables": [
              {
                "name": "itens",
                "type": "array"
              }
            ]
          }
        },
        "Condition_3": {
          "actions": {
            "Create_HTML_table": {
              "runAfter": {},
              "metadata": {
                "operationMetadataId": "5592834a-c9fd-4bb5-b02d-b77460e585f6"
              },
              "type": "Table",
              "inputs": {
                "from": "@variables('itens')",
                "format": "HTML"
              }
            },
            "Send_an_email_(V2)_2": {
              "runAfter": {
                "Compose_-_HTML_table": [
                  "Succeeded"
                ]
              },
              "metadata": {
                "operationMetadataId": "607c366b-7d7e-457d-93e4-e16d892b21e7"
              },
              "type": "OpenApiConnection",
              "inputs": {
                "host": {
                  "connectionName": "shared_office365",
                  "operationId": "SendEmailV2",
                  "apiId": "/providers/Microsoft.PowerApps/apis/shared_office365"
                },
                "parameters": {
                  "emailMessage/To": "@triggerBody()['text_1']",
                  "emailMessage/Subject": "eSLIPS - Relação de itens pendentes (@{triggerBody()['text']})",
                  "emailMessage/Body": "<p>@{outputs('Compose_-_HTML_table')}</p>",
                  "emailMessage/Importance": "Normal"
                },
                "authentication": {
                  "type": "Raw",
                  "value": "@json(decodeBase64(triggerOutputs().headers['X-MS-APIM-Tokens']))['$ConnectionKey']"
                }
              }
            },
            "Compose_-_HTML_table": {
              "runAfter": {
                "Create_HTML_table": [
                  "Succeeded"
                ]
              },
              "metadata": {
                "operationMetadataId": "7a3f846d-1566-4d42-9638-171efe5941e7"
              },
              "type": "Compose",
              "inputs": "<style>\ntable {\n  width: 100%;\n  background-color: #FFFFFF;\n  border-collapse: collapse;\n  border-width: 2px;\n  border-color: #7EA8F8;\n  border-style: solid;\n  color: #000000;\n  text-align: left;\n}\n\ntable td, table th {\n  border-width: 2px;\n  border-color: #7EA8F8;\n  border-style: solid;\n  padding: 5px;\n}\n\ntable thead {\n  background-color: #DEDEDE;\n}\n</style>\n@{body('Create_HTML_table')}"
            }
          },
          "runAfter": {
            "Apply_to_each": [
              "Succeeded"
            ]
          },
          "else": {
            "actions": {
              "Send_an_email_(V2)": {
                "runAfter": {},
                "metadata": {
                  "operationMetadataId": "d25d7131-5dd6-42cc-b263-4517ed479eb8"
                },
                "type": "OpenApiConnection",
                "inputs": {
                  "host": {
                    "connectionName": "shared_office365",
                    "operationId": "SendEmailV2",
                    "apiId": "/providers/Microsoft.PowerApps/apis/shared_office365"
                  },
                  "parameters": {
                    "emailMessage/To": "@triggerBody()['text_1']",
                    "emailMessage/Subject": "eSLIPS - Relação de itens pendentes (@{triggerBody()['text']})",
                    "emailMessage/Body": "<p>O usuário (@{triggerBody()['text']}) não possui itens pendentes.</p>",
                    "emailMessage/Importance": "Normal"
                  },
                  "authentication": {
                    "type": "Raw",
                    "value": "@json(decodeBase64(triggerOutputs().headers['X-MS-APIM-Tokens']))['$ConnectionKey']"
                  }
                }
              }
            }
          },
          "expression": {
            "greater": [
              "@length(variables('itens'))",
              0
            ]
          },
          "metadata": {
            "operationMetadataId": "27ecd64e-d45b-41af-a3e8-67df632a0c2f"
          },
          "type": "If"
        }
      }
    },
    "templateName": ""
  },
  "schemaVersion": "1.0.0.0"
}