<ImportExportXml xmlns:xsi="http://www.w3.org/2001/XMLSchema-instance">
  <Entities></Entities>
  <Roles></Roles>
  <Workflows>
    <Workflow WorkflowId="{102be6e4-da7b-ed11-81ad-000d3aaca0b8}" Name="023 - Cria comentario">
      <JsonFileName>/Workflows/023-Criacomentario-102BE6E4-DA7B-ED11-81AD-000D3AACA0B8.json</JsonFileName>
      <Type>1</Type>
      <Subprocess>0</Subprocess>
      <Category>5</Category>
      <Mode>0</Mode>
      <Scope>4</Scope>
      <OnDemand>0</OnDemand>
      <TriggerOnCreate>0</TriggerOnCreate>
      <TriggerOnDelete>0</TriggerOnDelete>
      <AsyncAutodelete>0</AsyncAutodelete>
      <SyncWorkflowLogOnFailure>0</SyncWorkflowLogOnFailure>
      <StateCode>1</StateCode>
      <StatusCode>2</StatusCode>
      <RunAs>1</RunAs>
      <IsTransacted>1</IsTransacted>
      <IntroducedVersion>1.0.0.0</IntroducedVersion>
      <IsCustomizable>1</IsCustomizable>
      <BusinessProcessType>0</BusinessProcessType>
      <IsCustomProcessingStepAllowedForOtherPublishers>1</IsCustomProcessingStepAllowedForOtherPublishers>
      <PrimaryEntity>none</PrimaryEntity>
      <LocalizedNames>
        <LocalizedName languagecode="1033" description="023 - Cria comentario" />
      </LocalizedNames>
    </Workflow>
    <Workflow WorkflowId="{3194d013-1f90-ed11-aad1-000d3aaca0b8}" Name="023 - Cadastros">
      <JsonFileName>/Workflows/023-Cadastros-3194D013-1F90-ED11-AAD1-000D3AACA0B8.json</JsonFileName>
      <Type>1</Type>
      <Subprocess>0</Subprocess>
      <Category>5</Category>
      <Mode>0</Mode>
      <Scope>4</Scope>
      <OnDemand>0</OnDemand>
      <TriggerOnCreate>0</TriggerOnCreate>
      <TriggerOnDelete>0</TriggerOnDelete>
      <AsyncAutodelete>0</AsyncAutodelete>
      <SyncWorkflowLogOnFailure>0</SyncWorkflowLogOnFailure>
      <StateCode>1</StateCode>
      <StatusCode>2</StatusCode>
      <RunAs>1</RunAs>
      <IsTransacted>1</IsTransacted>
      <IntroducedVersion>1.0.0.2</IntroducedVersion>
      <IsCustomizable>1</IsCustomizable>
      <BusinessProcessType>0</BusinessProcessType>
      <IsCustomProcessingStepAllowedForOtherPublishers>1</IsCustomProcessingStepAllowedForOtherPublishers>
      <PrimaryEntity>none</PrimaryEntity>
      <LocalizedNames>
        <LocalizedName languagecode="1033" description="023 - Cadastros" />
      </LocalizedNames>
    </Workflow>
    <Workflow WorkflowId="{27268d4d-1a78-ed11-81ab-000d3aacacb8}" Name="023 - Notifica unidade">
      <JsonFileName>/Workflows/023-Notificaunidade-27268D4D-1A78-ED11-81AB-000D3AACACB8.json</JsonFileName>
      <Type>1</Type>
      <Subprocess>0</Subprocess>
      <Category>5</Category>
      <Mode>0</Mode>
      <Scope>4</Scope>
      <OnDemand>0</OnDemand>
      <TriggerOnCreate>0</TriggerOnCreate>
      <TriggerOnDelete>0</TriggerOnDelete>
      <AsyncAutodelete>0</AsyncAutodelete>
      <SyncWorkflowLogOnFailure>0</SyncWorkflowLogOnFailure>
      <StateCode>1</StateCode>
      <StatusCode>2</StatusCode>
      <RunAs>1</RunAs>
      <IsTransacted>1</IsTransacted>
      <IntroducedVersion>1.0.0.0</IntroducedVersion>
      <IsCustomizable>1</IsCustomizable>
      <BusinessProcessType>0</BusinessProcessType>
      <IsCustomProcessingStepAllowedForOtherPublishers>1</IsCustomProcessingStepAllowedForOtherPublishers>
      <PrimaryEntity>none</PrimaryEntity>
      <LocalizedNames>
        <LocalizedName languagecode="1033" description="023 - Notifica unidade" />
      </LocalizedNames>
    </Workflow>
    <Workflow WorkflowId="{ba29243a-0f7a-ed11-81ad-000d3aacacb8}" Name="023 - Atribui setor">
      <JsonFileName>/Workflows/023-Atribuisetor-BA29243A-0F7A-ED11-81AD-000D3AACACB8.json</JsonFileName>
      <Type>1</Type>
      <Subprocess>0</Subprocess>
      <Category>5</Category>
      <Mode>0</Mode>
      <Scope>4</Scope>
      <OnDemand>0</OnDemand>
      <TriggerOnCreate>0</TriggerOnCreate>
      <TriggerOnDelete>0</TriggerOnDelete>
      <AsyncAutodelete>0</AsyncAutodelete>
      <SyncWorkflowLogOnFailure>0</SyncWorkflowLogOnFailure>
      <StateCode>1</StateCode>
      <StatusCode>2</StatusCode>
      <RunAs>1</RunAs>
      <IsTransacted>1</IsTransacted>
      <IntroducedVersion>1.0.0.0</IntroducedVersion>
      <IsCustomizable>1</IsCustomizable>
      <BusinessProcessType>0</BusinessProcessType>
      <IsCustomProcessingStepAllowedForOtherPublishers>1</IsCustomProcessingStepAllowedForOtherPublishers>
      <PrimaryEntity>none</PrimaryEntity>
      <LocalizedNames>
        <LocalizedName languagecode="1033" description="023 - Atribui setor" />
      </LocalizedNames>
    </Workflow>
    <Workflow WorkflowId="{69157299-7abe-ed11-83ff-000d3aacacb8}" Name="023 - Remove duplicata nos cadastros">
      <JsonFileName>/Workflows/023-Removeduplicatanoscadastros-69157299-7ABE-ED11-83FF-000D3AACACB8.json</JsonFileName>
      <Type>1</Type>
      <Subprocess>0</Subprocess>
      <Category>5</Category>
      <Mode>0</Mode>
      <Scope>4</Scope>
      <OnDemand>0</OnDemand>
      <TriggerOnCreate>0</TriggerOnCreate>
      <TriggerOnDelete>0</TriggerOnDelete>
      <AsyncAutodelete>0</AsyncAutodelete>
      <SyncWorkflowLogOnFailure>0</SyncWorkflowLogOnFailure>
      <StateCode>1</StateCode>
      <StatusCode>2</StatusCode>
      <RunAs>1</RunAs>
      <IsTransacted>1</IsTransacted>
      <IntroducedVersion>1.0.0.13</IntroducedVersion>
      <IsCustomizable>1</IsCustomizable>
      <BusinessProcessType>0</BusinessProcessType>
      <IsCustomProcessingStepAllowedForOtherPublishers>1</IsCustomProcessingStepAllowedForOtherPublishers>
      <PrimaryEntity>none</PrimaryEntity>
      <LocalizedNames>
        <LocalizedName languagecode="1033" description="023 - Remove duplicata nos cadastros" />
      </LocalizedNames>
    </Workflow>
  </Workflows>
  <FieldSecurityProfiles></FieldSecurityProfiles>
  <Templates />
  <EntityMaps />
  <EntityRelationships />
  <OrganizationSettings />
  <optionsets />
  <CustomControls />
  <EntityDataProviders />
  <CanvasApps>
    <CanvasApp>
      <Name>kabi_sesmt_6258e</Name>
      <AppVersion>2023-03-08T19:23:20Z</AppVersion>
      <Status>Ready</Status>
      <CreatedByClientVersion>3.23023.21.0</CreatedByClientVersion>
      <MinClientVersion>3.23023.21.0</MinClientVersion>
      <Tags>{"primaryDeviceWidth":"1366","primaryDeviceHeight":"768","supportsPortrait":"true","supportsLandscape":"true","primaryFormFactor":"Tablet","publisherVersion":"3.23023.21","minimumRequiredApiVersion":"2.2.0","hasComponent":"true","hasUnlockedComponent":"true","isUnifiedRootApp":"false","sienaVersion":"20230301T183148Z-3.23022.25.0"}</Tags>
      <IsCdsUpgraded>0</IsCdsUpgraded>
      <GalleryItemId xsi:nil="true"></GalleryItemId>
      <BackgroundColor>rgba(0, 18, 107, 1)</BackgroundColor>
      <DisplayName>Sesmt</DisplayName>
      <Description xsi:nil="true"></Description>
      <CommitMessage xsi:nil="true"></CommitMessage>
      <Publisher xsi:nil="true"></Publisher>
      <AuthorizationReferences>[]</AuthorizationReferences>
      <ConnectionReferences>{"da1c05a6-cc02-4d8e-9c89-e118b620c601":{"id":"/providers/microsoft.powerapps/apis/shared_sharepointonline","displayName":"SharePoint","iconUri":"https://connectoricons-prod.azureedge.net/u/laborbol/releases/ase-v3/1.0.1622.3202/sharepointonline/icon.png","dataSources":["023_empresas","023_log","023_adm_sesmt_sequencia","023_adm_sesmt_unidades","023_adm_sesmt_setores","023_adm_sesmt_usuarios","023_processos","023_centro_de_custo"],"dependencies":[],"dependents":["cd6bf8af-56d0-4eb4-97cf-bd818ade8e28"],"parameterHints":{},"parameterHintsV2":{},"isOnPremiseConnection":false,"bypassConsent":false,"dataSets":{"https://fresenius.sharepoint.com/teams/Team-FK-Business-Application-BR-Dev":{"datasetOverride":{"name":"https://fresenius.sharepoint.com/teams/Team-FK-Business-Application-BR-Dev","environmentVariableName":"kabi_023_site_app"},"dataSources":{"023_empresas":{"tableName":"a480ae98-9e41-4d1a-8dfc-c2fc59c29f4e","tableNameOverride":{"name":"a480ae98-9e41-4d1a-8dfc-c2fc59c29f4e","environmentVariableName":"kabi_023_empresas"}},"023_log":{"tableName":"b23d228a-320f-431c-a6b4-b74ef8daa482","tableNameOverride":{"name":"b23d228a-320f-431c-a6b4-b74ef8daa482","environmentVariableName":"kabi_023_log"}},"023_adm_sesmt_sequencia":{"tableName":"a0124867-c449-4b1d-a2ea-0437dd2771c6","tableNameOverride":{"name":"a0124867-c449-4b1d-a2ea-0437dd2771c6","environmentVariableName":"kabi_023_adm_sesmt_sequencia"}},"023_adm_sesmt_unidades":{"tableName":"786fa9f4-486f-45b5-9dc2-4f29ea3d7dd3","tableNameOverride":{"name":"786fa9f4-486f-45b5-9dc2-4f29ea3d7dd3","environmentVariableName":"kabi_023_adm_sesmt_unidades"}},"023_adm_sesmt_setores":{"tableName":"8661feaa-5e04-472b-84d6-bc1125614e65","tableNameOverride":{"name":"8661feaa-5e04-472b-84d6-bc1125614e65","environmentVariableName":"kabi_023_adm_sesmt_setores"}},"023_adm_sesmt_usuarios":{"tableName":"d5f1c25d-350c-485f-9b36-b53b0e37978c","tableNameOverride":{"name":"d5f1c25d-350c-485f-9b36-b53b0e37978c","environmentVariableName":"kabi_023_adm_sesmt_usuarios"}},"023_processos":{"tableName":"38664af3-e5b6-488b-8531-7f83998bd16e","tableNameOverride":{"name":"38664af3-e5b6-488b-8531-7f83998bd16e","environmentVariableName":"kabi_023_processos"}},"023_centro_de_custo":{"tableName":"014e154a-edb1-49a7-944a-c0bc2fd04a94","tableNameOverride":{"name":"014e154a-edb1-49a7-944a-c0bc2fd04a94","environmentVariableName":"kabi_023_centro_de_custo"}}}}},"apiTier":"Standard","actions":["providers/PowerPlatform.Governance/Operations/Read"]},"415883bb-5b31-42ad-b02a-5d39063b3e6b":{"id":"/providers/microsoft.powerapps/apis/shared_logicflows","displayName":"Logic flows","iconUri":"https://connectoricons-prod.azureedge.net/releases/v1.0.1615/1.0.1615.3163/logicflows/icon.png","dataSources":["023-Criacomentario"],"dependencies":["061eb26c-ccda-4089-a1ca-4ebf7207a4dc","3446e480-554b-43f7-8a24-cfb7e18e6832"],"dependents":[],"parameterHints":{"workflowName":{"value":"5871bbf8-d020-445f-87e4-400a7c38c06f"},"workflowEntityId":{"value":"102be6e4-da7b-ed11-81ad-000d3aaca0b8"},"061eb26c-ccda-4089-a1ca-4ebf7207a4dc":{"value":"shared_sharepointonline_1"},"3446e480-554b-43f7-8a24-cfb7e18e6832":{"value":"shared_office365_1"}},"parameterHintsV2":{"workflowName":{"value":"5871bbf8-d020-445f-87e4-400a7c38c06f"},"workflowEntityId":{"value":"102be6e4-da7b-ed11-81ad-000d3aaca0b8"},"shared_sharepointonline_1":{"value":"061eb26c-ccda-4089-a1ca-4ebf7207a4dc"},"shared_office365_1":{"value":"3446e480-554b-43f7-8a24-cfb7e18e6832"}},"isOnPremiseConnection":false,"bypassConsent":false,"dataSets":{},"apiTier":"Standard","actions":["Run"]},"061eb26c-ccda-4089-a1ca-4ebf7207a4dc":{"id":"/providers/microsoft.powerapps/apis/shared_sharepointonline","displayName":"SharePoint","iconUri":"https://connectoricons-prod.azureedge.net/u/laborbol/releases/ase-v3/1.0.1622.3202/sharepointonline/icon.png","dataSources":[],"dependencies":[],"dependents":["415883bb-5b31-42ad-b02a-5d39063b3e6b"],"parameterHints":{},"parameterHintsV2":{},"isOnPremiseConnection":false,"bypassConsent":false,"dataSets":{},"apiTier":"Standard","actions":["providers/PowerPlatform.Governance/Operations/Read"]},"3446e480-554b-43f7-8a24-cfb7e18e6832":{"id":"/providers/microsoft.powerapps/apis/shared_office365","displayName":"Office 365 Outlook","iconUri":"https://connectoricons-prod.azureedge.net/u/laborbol/releases/ase-v3/1.0.1622.3202/office365/icon.png","dataSources":[],"dependencies":[],"dependents":["415883bb-5b31-42ad-b02a-5d39063b3e6b"],"parameterHints":{},"parameterHintsV2":{},"isOnPremiseConnection":false,"bypassConsent":false,"dataSets":{},"apiTier":"Standard"},"265a4bdf-be69-4983-86a3-9ab96baa3b03":{"id":"/providers/microsoft.powerapps/apis/shared_office365users","displayName":"Office 365 Users","iconUri":"https://connectoricons-prod.azureedge.net/u/laborbol/releases/ase-v3/1.0.1622.3202/office365users/icon.png","dataSources":["Office365Users"],"dependencies":[],"dependents":[],"parameterHints":{},"parameterHintsV2":{},"isOnPremiseConnection":false,"bypassConsent":false,"dataSets":{},"apiTier":"Standard","actions":["SearchUserV2","SearchUser"]},"cd6bf8af-56d0-4eb4-97cf-bd818ade8e28":{"id":"/providers/microsoft.powerapps/apis/shared_logicflows","displayName":"Logic flows","iconUri":"https://connectoricons-prod.azureedge.net/releases/v1.0.1615/1.0.1615.3163/logicflows/icon.png","dataSources":["023-Atribuisetor"],"dependencies":["da1c05a6-cc02-4d8e-9c89-e118b620c601"],"dependents":[],"parameterHints":{"workflowName":{"value":"bee658a7-4db4-47de-b782-42119ceeff2a"},"workflowEntityId":{"value":"ba29243a-0f7a-ed11-81ad-000d3aacacb8"},"da1c05a6-cc02-4d8e-9c89-e118b620c601":{"value":"shared_sharepointonline_1"}},"parameterHintsV2":{"workflowName":{"value":"bee658a7-4db4-47de-b782-42119ceeff2a"},"workflowEntityId":{"value":"ba29243a-0f7a-ed11-81ad-000d3aacacb8"},"shared_sharepointonline_1":{"value":"da1c05a6-cc02-4d8e-9c89-e118b620c601"}},"isOnPremiseConnection":false,"bypassConsent":false,"dataSets":{},"apiTier":"Standard","actions":["Run"]}}</ConnectionReferences>
      <DatabaseReferences>{"default.cds":{"databaseDetails":{"referenceType":"Environmental","environmentName":"default.cds","overrideValues":{"status":"NotSpecified"}},"dataSources":{},"components":[{"componentName":"CustomControl","identifier":"cat_PowerCAT.PeoplePicker","identifierType":"LogicalName","capabilities":{"pcfExternalServiceUsageAllowed":false}}]}}</DatabaseReferences>
      <AppComponents>[]</AppComponents>
      <AppComponentDependencies>[{"appComponentName":"389dbf1058914b528d4cca350970a482","appName":"95dd217d-c600-4ac1-b31e-32e38a9a72e6","appComponentLibraryName":"4566112a-8238-4e07-a0f5-6fbb4d911839","appComponentLibraryVersion":"2022-12-29T17:46:19Z","appComponentLibraryLogicalName":"crbb5_appinformations_fcf01","environmentName":"5ff56345-fd52-e122-ac5d-dbecca0e2a54"},{"appComponentName":"2da09d597c024d158eebd4610131a936","appName":"95dd217d-c600-4ac1-b31e-32e38a9a72e6","appComponentLibraryName":"4566112a-8238-4e07-a0f5-6fbb4d911839","appComponentLibraryVersion":"2022-12-29T17:46:19Z","appComponentLibraryLogicalName":"crbb5_appinformations_fcf01","environmentName":"5ff56345-fd52-e122-ac5d-dbecca0e2a54"}]</AppComponentDependencies>
      <CanConsumeAppPass>1</CanConsumeAppPass>
      <CanvasAppType>0</CanvasAppType>
      <BypassConsent>0</BypassConsent>
      <AdminControlBypassConsent>0</AdminControlBypassConsent>
      <EmbeddedApp xsi:nil="true"></EmbeddedApp>
      <IntroducedVersion>1.0</IntroducedVersion>
      <CdsDependencies>{"cdsdependencies":[{"dependencyid":"","logicalname":"cat_PowerCAT.PeoplePicker","componenttype":66,"componenttypeplatformname":"CustomControl"},{"logicalname":"kabi_023_site_app","componenttype":380,"componenttypeplatformname":"EnvironmentVariableDefinition"},{"logicalname":"kabi_023_empresas","componenttype":380,"componenttypeplatformname":"EnvironmentVariableDefinition"},{"logicalname":"kabi_023_log","componenttype":380,"componenttypeplatformname":"EnvironmentVariableDefinition"},{"logicalname":"kabi_023_adm_sesmt_sequencia","componenttype":380,"componenttypeplatformname":"EnvironmentVariableDefinition"},{"logicalname":"kabi_023_adm_sesmt_unidades","componenttype":380,"componenttypeplatformname":"EnvironmentVariableDefinition"},{"logicalname":"kabi_023_adm_sesmt_setores","componenttype":380,"componenttypeplatformname":"EnvironmentVariableDefinition"},{"logicalname":"kabi_023_adm_sesmt_usuarios","componenttype":380,"componenttypeplatformname":"EnvironmentVariableDefinition"},{"logicalname":"kabi_023_processos","componenttype":380,"componenttypeplatformname":"EnvironmentVariableDefinition"},{"logicalname":"kabi_023_centro_de_custo","componenttype":380,"componenttypeplatformname":"EnvironmentVariableDefinition"},{"logicalname":"crbb5_appinformations_fcf01","componenttype":300,"componenttypeplatformname":"CanvasApp"}]}</CdsDependencies>
      <IsCustomizable>1</IsCustomizable>
      <BackgroundImageUri>/CanvasApps/kabi_sesmt_6258e_BackgroundImageUri</BackgroundImageUri>
      <DocumentUri>/CanvasApps/kabi_sesmt_6258e_DocumentUri.msapp</DocumentUri>
    </CanvasApp>
  </CanvasApps>
  <connectionreferences>
    <connectionreference connectionreferencelogicalname="kabi_023_excelonline">
      <connectionreferencedisplayname>023_excelonline</connectionreferencedisplayname>
      <connectorid>/providers/Microsoft.PowerApps/apis/shared_excelonlinebusiness</connectorid>
      <iscustomizable>1</iscustomizable>
      <statecode>0</statecode>
      <statuscode>1</statuscode>
    </connectionreference>
    <connectionreference connectionreferencelogicalname="kabi_023_office365outlook">
      <connectionreferencedisplayname>023_office365outlook</connectionreferencedisplayname>
      <connectorid>/providers/Microsoft.PowerApps/apis/shared_office365</connectorid>
      <iscustomizable>1</iscustomizable>
      <statecode>0</statecode>
      <statuscode>1</statuscode>
    </connectionreference>
    <connectionreference connectionreferencelogicalname="kabi_023_sharepoint">
      <connectionreferencedisplayname>023_sharepoint</connectionreferencedisplayname>
      <connectorid>/providers/Microsoft.PowerApps/apis/shared_sharepointonline</connectorid>
      <iscustomizable>1</iscustomizable>
      <statecode>0</statecode>
      <statuscode>1</statuscode>
    </connectionreference>
  </connectionreferences>
  <Languages>
    <Language>1033</Language>
  </Languages>
</ImportExportXml>