<environmentvariabledefinition schemaname="kabi_005_approvals_site">
  <apiid>/providers/microsoft.powerapps/apis/shared_sharepointonline</apiid>
  <displayname default="005_approvals_site">
    <label description="005_approvals_site" languagecode="1033" />
  </displayname>
  <introducedversion>1.2.0.0</introducedversion>
  <iscustomizable>1</iscustomizable>
  <isrequired>0</isrequired>
  <parameterkey>dataset</parameterkey>
  <secretstore>0</secretstore>
  <type>100000004</type>
</environmentvariabledefinition>