<environmentvariabledefinition schemaname="kabi_008_notifications">
  <apiid>/providers/microsoft.powerapps/apis/shared_sharepointonline</apiid>
  <displayname default="008_notifications">
    <label description="008_notifications" languagecode="1033" />
  </displayname>
  <introducedversion>1.1.0.9</introducedversion>
  <iscustomizable>1</iscustomizable>
  <isrequired>0</isrequired>
  <parameterkey>table</parameterkey>
  <parentdefinitionid>
    <schemaname>kabi_Site_app</schemaname>
  </parentdefinitionid>
  <secretstore>0</secretstore>
  <type>100000004</type>
</environmentvariabledefinition>