<ImportExportXml xmlns:xsi="http://www.w3.org/2001/XMLSchema-instance">
  <Entities></Entities>
  <Roles></Roles>
  <Workflows>
    <Workflow WorkflowId="{f4ae7591-6172-ed11-9561-000d3aaca0b8}" Name="100-15168 - Atualizacao - Procuracoes">
      <JsonFileName>/Workflows/100-15168-Atualizacao-Procuracoes-F4AE7591-6172-ED11-9561-000D3AACA0B8.json</JsonFileName>
      <Type>1</Type>
      <Subprocess>0</Subprocess>
      <Category>5</Category>
      <Mode>0</Mode>
      <Scope>4</Scope>
      <OnDemand>0</OnDemand>
      <TriggerOnCreate>0</TriggerOnCreate>
      <TriggerOnDelete>0</TriggerOnDelete>
      <AsyncAutodelete>0</AsyncAutodelete>
      <SyncWorkflowLogOnFailure>0</SyncWorkflowLogOnFailure>
      <StateCode>1</StateCode>
      <StatusCode>2</StatusCode>
      <RunAs>1</RunAs>
      <IsTransacted>1</IsTransacted>
      <IntroducedVersion>1.0.0.1</IntroducedVersion>
      <IsCustomizable>1</IsCustomizable>
      <BusinessProcessType>0</BusinessProcessType>
      <IsCustomProcessingStepAllowedForOtherPublishers>1</IsCustomProcessingStepAllowedForOtherPublishers>
      <PrimaryEntity>none</PrimaryEntity>
      <LocalizedNames>
        <LocalizedName languagecode="1033" description="100-15168 - Atualizacao - Procuracoes" />
      </LocalizedNames>
    </Workflow>
    <Workflow WorkflowId="{f5ae7591-6172-ed11-9561-000d3aaca0b8}" Name="100-15168 - Atualizacao">
      <JsonFileName>/Workflows/100-15168-Atualizacao-F5AE7591-6172-ED11-9561-000D3AACA0B8.json</JsonFileName>
      <Type>1</Type>
      <Subprocess>0</Subprocess>
      <Category>5</Category>
      <Mode>0</Mode>
      <Scope>4</Scope>
      <OnDemand>0</OnDemand>
      <TriggerOnCreate>0</TriggerOnCreate>
      <TriggerOnDelete>0</TriggerOnDelete>
      <AsyncAutodelete>0</AsyncAutodelete>
      <SyncWorkflowLogOnFailure>0</SyncWorkflowLogOnFailure>
      <StateCode>1</StateCode>
      <StatusCode>2</StatusCode>
      <RunAs>1</RunAs>
      <IsTransacted>1</IsTransacted>
      <IntroducedVersion>1.0.0.1</IntroducedVersion>
      <IsCustomizable>1</IsCustomizable>
      <BusinessProcessType>0</BusinessProcessType>
      <IsCustomProcessingStepAllowedForOtherPublishers>1</IsCustomProcessingStepAllowedForOtherPublishers>
      <PrimaryEntity>none</PrimaryEntity>
      <LocalizedNames>
        <LocalizedName languagecode="1033" description="100-15168 - Atualizacao" />
      </LocalizedNames>
    </Workflow>
    <Workflow WorkflowId="{f6ae7591-6172-ed11-9561-000d3aaca0b8}" Name="100-15168 - Approvals - Procuracoes">
      <JsonFileName>/Workflows/100-15168-Approvals-Procuracoes-F6AE7591-6172-ED11-9561-000D3AACA0B8.json</JsonFileName>
      <Type>1</Type>
      <Subprocess>0</Subprocess>
      <Category>5</Category>
      <Mode>0</Mode>
      <Scope>4</Scope>
      <OnDemand>0</OnDemand>
      <TriggerOnCreate>0</TriggerOnCreate>
      <TriggerOnDelete>0</TriggerOnDelete>
      <AsyncAutodelete>0</AsyncAutodelete>
      <SyncWorkflowLogOnFailure>0</SyncWorkflowLogOnFailure>
      <StateCode>1</StateCode>
      <StatusCode>2</StatusCode>
      <RunAs>1</RunAs>
      <IsTransacted>1</IsTransacted>
      <IntroducedVersion>1.0.0.1</IntroducedVersion>
      <IsCustomizable>1</IsCustomizable>
      <BusinessProcessType>0</BusinessProcessType>
      <IsCustomProcessingStepAllowedForOtherPublishers>1</IsCustomProcessingStepAllowedForOtherPublishers>
      <PrimaryEntity>none</PrimaryEntity>
      <LocalizedNames>
        <LocalizedName languagecode="1033" description="100-15168 - Approvals - Procuracoes" />
      </LocalizedNames>
    </Workflow>
    <Workflow WorkflowId="{a4e6e593-c498-ed11-aad1-000d3aacacb8}" Name="100-15168 - Approvals - Contratos">
      <JsonFileName>/Workflows/100-15168-Approvals-Contratos-A4E6E593-C498-ED11-AAD1-000D3AACACB8.json</JsonFileName>
      <Type>1</Type>
      <Subprocess>0</Subprocess>
      <Category>5</Category>
      <Mode>0</Mode>
      <Scope>4</Scope>
      <OnDemand>0</OnDemand>
      <TriggerOnCreate>0</TriggerOnCreate>
      <TriggerOnDelete>0</TriggerOnDelete>
      <AsyncAutodelete>0</AsyncAutodelete>
      <SyncWorkflowLogOnFailure>0</SyncWorkflowLogOnFailure>
      <StateCode>0</StateCode>
      <StatusCode>1</StatusCode>
      <RunAs>1</RunAs>
      <IsTransacted>1</IsTransacted>
      <IntroducedVersion>1.0.0.2</IntroducedVersion>
      <IsCustomizable>1</IsCustomizable>
      <BusinessProcessType>0</BusinessProcessType>
      <IsCustomProcessingStepAllowedForOtherPublishers>1</IsCustomProcessingStepAllowedForOtherPublishers>
      <PrimaryEntity>none</PrimaryEntity>
      <LocalizedNames>
        <LocalizedName languagecode="1033" description="100-15168 - Approvals - Contratos" />
      </LocalizedNames>
    </Workflow>
    <Workflow WorkflowId="{f8b8156d-6f66-ed11-9561-0022489fdc80}" Name="100-15168 - send notification - Procuracoes">
      <JsonFileName>/Workflows/100-15168-sendnotification-Procuracoes-F8B8156D-6F66-ED11-9561-0022489FDC80.json</JsonFileName>
      <Type>1</Type>
      <Subprocess>0</Subprocess>
      <Category>5</Category>
      <Mode>0</Mode>
      <Scope>4</Scope>
      <OnDemand>0</OnDemand>
      <TriggerOnCreate>0</TriggerOnCreate>
      <TriggerOnDelete>0</TriggerOnDelete>
      <AsyncAutodelete>0</AsyncAutodelete>
      <SyncWorkflowLogOnFailure>0</SyncWorkflowLogOnFailure>
      <StateCode>1</StateCode>
      <StatusCode>2</StatusCode>
      <RunAs>1</RunAs>
      <IsTransacted>1</IsTransacted>
      <IntroducedVersion>1.0.0.0</IntroducedVersion>
      <IsCustomizable>1</IsCustomizable>
      <IsCustomProcessingStepAllowedForOtherPublishers>1</IsCustomProcessingStepAllowedForOtherPublishers>
      <PrimaryEntity>none</PrimaryEntity>
      <LocalizedNames>
        <LocalizedName languagecode="1033" description="100-15168 - send notification - Procuracoes" />
      </LocalizedNames>
    </Workflow>
    <Workflow WorkflowId="{f9b8156d-6f66-ed11-9561-0022489fdc80}" Name="100-15168 - Vigencia - Contratos">
      <JsonFileName>/Workflows/100-15168-Vigencia-Contratos-F9B8156D-6F66-ED11-9561-0022489FDC80.json</JsonFileName>
      <Type>1</Type>
      <Subprocess>0</Subprocess>
      <Category>5</Category>
      <Mode>0</Mode>
      <Scope>4</Scope>
      <OnDemand>0</OnDemand>
      <TriggerOnCreate>0</TriggerOnCreate>
      <TriggerOnDelete>0</TriggerOnDelete>
      <AsyncAutodelete>0</AsyncAutodelete>
      <SyncWorkflowLogOnFailure>0</SyncWorkflowLogOnFailure>
      <StateCode>0</StateCode>
      <StatusCode>1</StatusCode>
      <RunAs>1</RunAs>
      <IsTransacted>1</IsTransacted>
      <IntroducedVersion>1.0.0.0</IntroducedVersion>
      <IsCustomizable>1</IsCustomizable>
      <IsCustomProcessingStepAllowedForOtherPublishers>1</IsCustomProcessingStepAllowedForOtherPublishers>
      <PrimaryEntity>none</PrimaryEntity>
      <LocalizedNames>
        <LocalizedName languagecode="1033" description="100-15168 - Vigencia - Contratos" />
      </LocalizedNames>
    </Workflow>
    <Workflow WorkflowId="{67b9156d-6f66-ed11-9561-0022489fdc80}" Name="100-15168 - send notification">
      <JsonFileName>/Workflows/100-15168-sendnotification-67B9156D-6F66-ED11-9561-0022489FDC80.json</JsonFileName>
      <Type>1</Type>
      <Subprocess>0</Subprocess>
      <Category>5</Category>
      <Mode>0</Mode>
      <Scope>4</Scope>
      <OnDemand>0</OnDemand>
      <TriggerOnCreate>0</TriggerOnCreate>
      <TriggerOnDelete>0</TriggerOnDelete>
      <AsyncAutodelete>0</AsyncAutodelete>
      <SyncWorkflowLogOnFailure>0</SyncWorkflowLogOnFailure>
      <StateCode>1</StateCode>
      <StatusCode>2</StatusCode>
      <RunAs>1</RunAs>
      <IsTransacted>1</IsTransacted>
      <IntroducedVersion>1.0.0.0</IntroducedVersion>
      <IsCustomizable>1</IsCustomizable>
      <IsCustomProcessingStepAllowedForOtherPublishers>1</IsCustomProcessingStepAllowedForOtherPublishers>
      <PrimaryEntity>none</PrimaryEntity>
      <LocalizedNames>
        <LocalizedName languagecode="1033" description="100-15168 - send notification" />
      </LocalizedNames>
    </Workflow>
    <Workflow WorkflowId="{4463b46b-6f66-ed11-9561-0022489fde0d}" Name="100-15168  - Aditivo - Reajuste">
      <JsonFileName>/Workflows/100-15168-Aditivo-Reajuste-4463B46B-6F66-ED11-9561-0022489FDE0D.json</JsonFileName>
      <Type>1</Type>
      <Subprocess>0</Subprocess>
      <Category>5</Category>
      <Mode>0</Mode>
      <Scope>4</Scope>
      <OnDemand>0</OnDemand>
      <TriggerOnCreate>0</TriggerOnCreate>
      <TriggerOnDelete>0</TriggerOnDelete>
      <AsyncAutodelete>0</AsyncAutodelete>
      <SyncWorkflowLogOnFailure>0</SyncWorkflowLogOnFailure>
      <StateCode>0</StateCode>
      <StatusCode>1</StatusCode>
      <RunAs>1</RunAs>
      <IsTransacted>1</IsTransacted>
      <IntroducedVersion>1.0.0.0</IntroducedVersion>
      <IsCustomizable>1</IsCustomizable>
      <IsCustomProcessingStepAllowedForOtherPublishers>1</IsCustomProcessingStepAllowedForOtherPublishers>
      <PrimaryEntity>none</PrimaryEntity>
      <LocalizedNames>
        <LocalizedName languagecode="1033" description="100-15168  - Aditivo - Reajuste" />
      </LocalizedNames>
    </Workflow>
    <Workflow WorkflowId="{4563b46b-6f66-ed11-9561-0022489fde0d}" Name="100-15168 - Minutas">
      <JsonFileName>/Workflows/100-15168-Minutas-4563B46B-6F66-ED11-9561-0022489FDE0D.json</JsonFileName>
      <Type>1</Type>
      <Subprocess>0</Subprocess>
      <Category>5</Category>
      <Mode>0</Mode>
      <Scope>4</Scope>
      <OnDemand>0</OnDemand>
      <TriggerOnCreate>0</TriggerOnCreate>
      <TriggerOnDelete>0</TriggerOnDelete>
      <AsyncAutodelete>0</AsyncAutodelete>
      <SyncWorkflowLogOnFailure>0</SyncWorkflowLogOnFailure>
      <StateCode>1</StateCode>
      <StatusCode>2</StatusCode>
      <RunAs>1</RunAs>
      <IsTransacted>1</IsTransacted>
      <IntroducedVersion>1.0.0.0</IntroducedVersion>
      <IsCustomizable>1</IsCustomizable>
      <IsCustomProcessingStepAllowedForOtherPublishers>1</IsCustomProcessingStepAllowedForOtherPublishers>
      <PrimaryEntity>none</PrimaryEntity>
      <LocalizedNames>
        <LocalizedName languagecode="1033" description="100-15168 - Minutas" />
      </LocalizedNames>
    </Workflow>
  </Workflows>
  <FieldSecurityProfiles></FieldSecurityProfiles>
  <Templates />
  <EntityMaps />
  <EntityRelationships />
  <OrganizationSettings />
  <optionsets />
  <CustomControls />
  <EntityDataProviders />
  <CanvasApps>
    <CanvasApp>
      <Name>kabi_gestodecontratoseprocuraes_23c0b</Name>
      <AppVersion>2023-03-09T17:45:10Z</AppVersion>
      <Status>Ready</Status>
      <CreatedByClientVersion>3.23023.21.0</CreatedByClientVersion>
      <MinClientVersion>3.23023.21.0</MinClientVersion>
      <Tags>{"primaryDeviceWidth":"1366","primaryDeviceHeight":"768","sienaVersion":"20230228T202056Z-3.23022.25.0","deviceCapabilities":"","supportsPortrait":"true","supportsLandscape":"true","primaryFormFactor":"Tablet","publisherVersion":"3.23023.21","minimumRequiredApiVersion":"2.2.0","hasComponent":"true","hasUnlockedComponent":"true","isUnifiedRootApp":"false"}</Tags>
      <IsCdsUpgraded>0</IsCdsUpgraded>
      <GalleryItemId xsi:nil="true"></GalleryItemId>
      <BackgroundColor>rgba(0, 18, 107, 1)</BackgroundColor>
      <DisplayName>Gestão de Contratos e Procurações</DisplayName>
      <Description xsi:nil="true"></Description>
      <CommitMessage xsi:nil="true"></CommitMessage>
      <Publisher></Publisher>
      <AuthorizationReferences>[]</AuthorizationReferences>
      <ConnectionReferences>{"2d9e81f0-93f5-46d4-a418-c223df86e9a9":{"id":"/providers/microsoft.powerapps/apis/shared_office365users","displayName":"Office 365 Users","iconUri":"https://connectoricons-prod.azureedge.net/u/laborbol/releases/ase-v3/1.0.1622.3202/office365users/icon.png","dataSources":["Office365Users"],"dependencies":[],"dependents":[],"parameterHints":{},"parameterHintsV2":{},"isOnPremiseConnection":false,"bypassConsent":false,"dataSets":{},"apiTier":"Standard","actions":["SearchUserV2"]},"9c54164f-85aa-49c8-ba6a-9ccae9fcf8d5":{"id":"/providers/microsoft.powerapps/apis/shared_sharepointonline","displayName":"SharePoint","iconUri":"https://connectoricons-prod.azureedge.net/u/laborbol/releases/ase-v3/1.0.1622.3202/sharepointonline/icon.png","dataSources":["Rescisão","Administradores - Gestão de Contratos","Historico_procuracoes","Societários","Histórico de aprovações","Minutas","Procurações","Visualizacao","100-15168_Societarios","100-15168_Historico_procuracoes","100-15168_Adms","100-15168_Historico_aprovacoes","100-15168_Minutas","100-15168_Filais","100-15168_Contratos","100-15168_Aditivo","100-15168_Rescisao","100-15168_Visualizacao","100-15168_Procuracoes"],"dependencies":[],"dependents":["c2ce0413-ac82-42e9-9686-5c1395df5ff7","15647475-9348-4118-8535-5e055cf4a96f","688b729c-d052-40a4-91ae-51cd4d21bc29","9623f779-fd10-41b0-9161-f10950ccef7e"],"parameterHints":{},"parameterHintsV2":{},"isOnPremiseConnection":false,"bypassConsent":false,"dataSets":{"https://fresenius.sharepoint.com/sites/Team-FK-SASB-BR-IT-DV":{"dataSources":{"Rescisão":{"tableName":"a83132e0-29dd-4a29-acfb-eb1800fe3eca"}}},"https://fresenius.sharepoint.com/teams/Team-FK-BR-Legal":{"datasetOverride":{"name":"https://fresenius.sharepoint.com/teams/Team-FK-Business-Application-BR-Dev","environmentVariableName":"kabi_10015168_site_app"},"dataSources":{"100-15168_Societarios":{"tableName":"e7868f47-de38-45e2-9c6a-c030f9e66270","tableNameOverride":{"name":"dfede43e-f499-4acd-8a04-97de5ad88c70","environmentVariableName":"kabi_10015168_Societarios"}},"100-15168_Historico_procuracoes":{"tableName":"b4b29972-1f6e-4ab5-a77f-2a5400312645","tableNameOverride":{"name":"a525a7d4-8cca-4425-833f-c9cc810f23dd","environmentVariableName":"kabi_10015168_Historico_procuracoes"}},"100-15168_Adms":{"tableName":"67b1e82a-db24-4ca5-ad31-f7de34d35ea7","tableNameOverride":{"name":"edc839a9-cad4-4b14-9eb3-4ef308c8cbf5","environmentVariableName":"kabi_10015168_Adms"}},"100-15168_Historico_aprovacoes":{"tableName":"2127a629-9137-4863-a028-59e4afc15980","tableNameOverride":{"name":"cc750117-3a72-4a26-b4ab-f48ed09e53c4","environmentVariableName":"kabi_10015168_Historico_aprovacoes"}},"100-15168_Minutas":{"tableName":"f77a49f1-2ff0-463a-8753-aae494262986","tableNameOverride":{"name":"7909b92d-7c84-4e48-b025-9af6f735c5b0","environmentVariableName":"kabi_10015168_Minutas"}},"100-15168_Filais":{"tableName":"daca119c-89a7-49a9-a934-29d7374226bc","tableNameOverride":{"name":"0830c66b-d2f8-45f1-a6fc-1c6d765b99d9","environmentVariableName":"kabi_10015168_Filais"}}}},"https://fresenius.sharepoint.com/teams/Team-FK-Business-Application-BR-Dev":{"datasetOverride":{"name":"https://fresenius.sharepoint.com/teams/Team-FK-Business-Application-BR-Dev","environmentVariableName":"kabi_10015168_site_app"},"dataSources":{"100-15168_Contratos":{"tableName":"e2719bbb-23c3-447b-9f79-254c87d9a485","tableNameOverride":{"name":"e2719bbb-23c3-447b-9f79-254c87d9a485","environmentVariableName":"kabi_10015168_Contratos"}},"100-15168_Aditivo":{"tableName":"bce827a8-9fb8-4ff9-841a-8c26ee61692c","tableNameOverride":{"name":"bce827a8-9fb8-4ff9-841a-8c26ee61692c","environmentVariableName":"kabi_10015168_Aditivo"}},"100-15168_Rescisao":{"tableName":"55c2d13f-37f6-4c50-82b1-52797ca14482","tableNameOverride":{"name":"55c2d13f-37f6-4c50-82b1-52797ca14482","environmentVariableName":"kabi_10015168_Rescisao"}},"100-15168_Visualizacao":{"tableName":"e5407bc9-f0c7-4c7a-bd6c-4a07fdd518e7","tableNameOverride":{"name":"e5407bc9-f0c7-4c7a-bd6c-4a07fdd518e7","environmentVariableName":"kabi_10015168_Visualizacao"}},"100-15168_Procuracoes":{"tableName":"56261c60-3e38-4545-b999-3b9ba7e480b7","tableNameOverride":{"name":"56261c60-3e38-4545-b999-3b9ba7e480b7","environmentVariableName":"kabi_10015168_Procuracoes"}}}}},"apiTier":"Standard","actions":["providers/PowerPlatform.Governance/Operations/Read"]},"15647475-9348-4118-8535-5e055cf4a96f":{"id":"/providers/microsoft.powerapps/apis/shared_logicflows","displayName":"Logic flows","iconUri":"https://connectoricons-prod.azureedge.net/releases/v1.0.1615/1.0.1615.3163/logicflows/icon.png","dataSources":["100-15168-Approvals-Contratos"],"dependencies":["9c54164f-85aa-49c8-ba6a-9ccae9fcf8d5","2d43818e-922f-4d24-a20f-c490a5f3b8ab"],"dependents":[],"parameterHints":{"workflowName":{"value":"09137253-6167-4f0b-b3ba-e8dc77ac809b"},"workflowEntityId":{"value":"a4e6e593-c498-ed11-aad1-000d3aacacb8"},"9c54164f-85aa-49c8-ba6a-9ccae9fcf8d5":{"value":"shared_sharepointonline_1"},"2d43818e-922f-4d24-a20f-c490a5f3b8ab":{"value":"shared_approvals"}},"parameterHintsV2":{"workflowName":{"value":"09137253-6167-4f0b-b3ba-e8dc77ac809b"},"workflowEntityId":{"value":"a4e6e593-c498-ed11-aad1-000d3aacacb8"},"shared_sharepointonline_1":{"value":"9c54164f-85aa-49c8-ba6a-9ccae9fcf8d5"},"shared_approvals":{"value":"2d43818e-922f-4d24-a20f-c490a5f3b8ab"}},"isOnPremiseConnection":false,"bypassConsent":false,"dataSets":{},"apiTier":"Standard","actions":["Run"]},"2d43818e-922f-4d24-a20f-c490a5f3b8ab":{"id":"/providers/microsoft.powerapps/apis/shared_approvals","displayName":"Approvals","iconUri":"https://connectoricons-prod.azureedge.net/releases/v1.0.1623/1.0.1623.3209/approvals/icon.png","dataSources":[],"dependencies":[],"dependents":["15647475-9348-4118-8535-5e055cf4a96f","9623f779-fd10-41b0-9161-f10950ccef7e"],"parameterHints":{},"parameterHintsV2":{},"isOnPremiseConnection":false,"bypassConsent":false,"dataSets":{},"apiTier":"Standard"},"c2ce0413-ac82-42e9-9686-5c1395df5ff7":{"id":"/providers/microsoft.powerapps/apis/shared_logicflows","displayName":"Logic flows","iconUri":"https://connectoricons-prod.azureedge.net/releases/v1.0.1615/1.0.1615.3163/logicflows/icon.png","dataSources":["100-15168-Atualizacao"],"dependencies":["9c54164f-85aa-49c8-ba6a-9ccae9fcf8d5"],"dependents":[],"parameterHints":{"workflowName":{"value":"4a63e8fb-5e19-4864-8109-c7004c6c2e4f"},"workflowEntityId":{"value":"f5ae7591-6172-ed11-9561-000d3aaca0b8"},"9c54164f-85aa-49c8-ba6a-9ccae9fcf8d5":{"value":"shared_sharepointonline_2"}},"parameterHintsV2":{"workflowName":{"value":"4a63e8fb-5e19-4864-8109-c7004c6c2e4f"},"workflowEntityId":{"value":"f5ae7591-6172-ed11-9561-000d3aaca0b8"},"shared_sharepointonline_2":{"value":"9c54164f-85aa-49c8-ba6a-9ccae9fcf8d5"}},"isOnPremiseConnection":false,"bypassConsent":false,"dataSets":{},"apiTier":"Standard","actions":["Run"]},"f4707fae-7f88-40a4-89e1-1f2c7cdb2a25":{"id":"/providers/microsoft.powerapps/apis/shared_logicflows","displayName":"Logic flows","iconUri":"https://connectoricons-prod.azureedge.net/releases/v1.0.1615/1.0.1615.3163/logicflows/icon.png","dataSources":["100-15168-Aditivo-Reajuste"],"dependencies":["979a7d4d-c335-4e53-a430-16af0b25649b"],"dependents":[],"parameterHints":{"workflowName":{"value":"abed6549-2035-4912-8315-58e48ac95d70"},"workflowEntityId":{"value":"4463b46b-6f66-ed11-9561-0022489fde0d"},"979a7d4d-c335-4e53-a430-16af0b25649b":{"value":"shared_office365_1"}},"parameterHintsV2":{"workflowName":{"value":"abed6549-2035-4912-8315-58e48ac95d70"},"workflowEntityId":{"value":"4463b46b-6f66-ed11-9561-0022489fde0d"},"shared_office365_1":{"value":"979a7d4d-c335-4e53-a430-16af0b25649b"}},"isOnPremiseConnection":false,"bypassConsent":false,"dataSets":{},"apiTier":"Standard","actions":["Run"]},"979a7d4d-c335-4e53-a430-16af0b25649b":{"id":"/providers/microsoft.powerapps/apis/shared_office365","displayName":"Office 365 Outlook","iconUri":"https://connectoricons-prod.azureedge.net/u/laborbol/releases/ase-v3/1.0.1622.3202/office365/icon.png","dataSources":[],"dependencies":[],"dependents":["f4707fae-7f88-40a4-89e1-1f2c7cdb2a25"],"parameterHints":{},"parameterHintsV2":{},"isOnPremiseConnection":false,"bypassConsent":false,"dataSets":{},"apiTier":"Standard"},"688b729c-d052-40a4-91ae-51cd4d21bc29":{"id":"/providers/microsoft.powerapps/apis/shared_logicflows","displayName":"Logic flows","iconUri":"https://connectoricons-prod.azureedge.net/releases/v1.0.1615/1.0.1615.3163/logicflows/icon.png","dataSources":["100-15168-Atualizacao-Procuracoes"],"dependencies":["9c54164f-85aa-49c8-ba6a-9ccae9fcf8d5"],"dependents":[],"parameterHints":{"workflowName":{"value":"6a22bbfd-bb8b-42f5-8458-ef9f33ad9b1f"},"workflowEntityId":{"value":"f4ae7591-6172-ed11-9561-000d3aaca0b8"},"9c54164f-85aa-49c8-ba6a-9ccae9fcf8d5":{"value":"shared_sharepointonline_1"}},"parameterHintsV2":{"workflowName":{"value":"6a22bbfd-bb8b-42f5-8458-ef9f33ad9b1f"},"workflowEntityId":{"value":"f4ae7591-6172-ed11-9561-000d3aaca0b8"},"shared_sharepointonline_1":{"value":"9c54164f-85aa-49c8-ba6a-9ccae9fcf8d5"}},"isOnPremiseConnection":false,"bypassConsent":false,"dataSets":{},"apiTier":"Standard","actions":["Run"]},"9623f779-fd10-41b0-9161-f10950ccef7e":{"id":"/providers/microsoft.powerapps/apis/shared_logicflows","displayName":"Logic flows","iconUri":"https://connectoricons-prod.azureedge.net/releases/v1.0.1615/1.0.1615.3163/logicflows/icon.png","dataSources":["100-15168-Approvals-Procuracoes"],"dependencies":["2d43818e-922f-4d24-a20f-c490a5f3b8ab","9c54164f-85aa-49c8-ba6a-9ccae9fcf8d5"],"dependents":[],"parameterHints":{"workflowName":{"value":"e2fffb37-056b-4389-bdbf-7118398cbf36"},"workflowEntityId":{"value":"f6ae7591-6172-ed11-9561-000d3aaca0b8"},"2d43818e-922f-4d24-a20f-c490a5f3b8ab":{"value":"shared_approvals_1"},"9c54164f-85aa-49c8-ba6a-9ccae9fcf8d5":{"value":"shared_sharepointonline_1"}},"parameterHintsV2":{"workflowName":{"value":"e2fffb37-056b-4389-bdbf-7118398cbf36"},"workflowEntityId":{"value":"f6ae7591-6172-ed11-9561-000d3aaca0b8"},"shared_approvals_1":{"value":"2d43818e-922f-4d24-a20f-c490a5f3b8ab"},"shared_sharepointonline_1":{"value":"9c54164f-85aa-49c8-ba6a-9ccae9fcf8d5"}},"isOnPremiseConnection":false,"bypassConsent":false,"dataSets":{},"apiTier":"Standard","actions":["Run"]}}</ConnectionReferences>
      <DatabaseReferences>{}</DatabaseReferences>
      <AppComponents>[]</AppComponents>
      <AppComponentDependencies>[{"appComponentName":"2da09d597c024d158eebd4610131a936","appName":"ab48060f-7c57-491b-b353-32c603178120","appComponentLibraryName":"4566112a-8238-4e07-a0f5-6fbb4d911839","appComponentLibraryVersion":"2022-12-29T17:46:19Z","appComponentLibraryLogicalName":"crbb5_appinformations_fcf01","environmentName":"5ff56345-fd52-e122-ac5d-dbecca0e2a54"},{"appComponentName":"389dbf1058914b528d4cca350970a482","appName":"ab48060f-7c57-491b-b353-32c603178120","appComponentLibraryName":"4566112a-8238-4e07-a0f5-6fbb4d911839","appComponentLibraryVersion":"2022-12-29T17:46:19Z","appComponentLibraryLogicalName":"crbb5_appinformations_fcf01","environmentName":"5ff56345-fd52-e122-ac5d-dbecca0e2a54"}]</AppComponentDependencies>
      <CanConsumeAppPass>1</CanConsumeAppPass>
      <CanvasAppType>0</CanvasAppType>
      <BypassConsent>0</BypassConsent>
      <AdminControlBypassConsent>0</AdminControlBypassConsent>
      <EmbeddedApp xsi:nil="true"></EmbeddedApp>
      <IntroducedVersion>1.0</IntroducedVersion>
      <CdsDependencies>{"cdsdependencies":[{"logicalname":"kabi_10015168_site_app","componenttype":380,"componenttypeplatformname":"EnvironmentVariableDefinition"},{"logicalname":"kabi_10015168_Societarios","componenttype":380,"componenttypeplatformname":"EnvironmentVariableDefinition"},{"logicalname":"kabi_10015168_Historico_procuracoes","componenttype":380,"componenttypeplatformname":"EnvironmentVariableDefinition"},{"logicalname":"kabi_10015168_Adms","componenttype":380,"componenttypeplatformname":"EnvironmentVariableDefinition"},{"logicalname":"kabi_10015168_Historico_aprovacoes","componenttype":380,"componenttypeplatformname":"EnvironmentVariableDefinition"},{"logicalname":"kabi_10015168_Minutas","componenttype":380,"componenttypeplatformname":"EnvironmentVariableDefinition"},{"logicalname":"kabi_10015168_Filais","componenttype":380,"componenttypeplatformname":"EnvironmentVariableDefinition"},{"logicalname":"kabi_10015168_Contratos","componenttype":380,"componenttypeplatformname":"EnvironmentVariableDefinition"},{"logicalname":"kabi_10015168_Aditivo","componenttype":380,"componenttypeplatformname":"EnvironmentVariableDefinition"},{"logicalname":"kabi_10015168_Rescisao","componenttype":380,"componenttypeplatformname":"EnvironmentVariableDefinition"},{"logicalname":"kabi_10015168_Visualizacao","componenttype":380,"componenttypeplatformname":"EnvironmentVariableDefinition"},{"logicalname":"kabi_10015168_Procuracoes","componenttype":380,"componenttypeplatformname":"EnvironmentVariableDefinition"},{"logicalname":"crbb5_appinformations_fcf01","componenttype":300,"componenttypeplatformname":"CanvasApp"}]}</CdsDependencies>
      <IsCustomizable>1</IsCustomizable>
      <BackgroundImageUri>/CanvasApps/kabi_gestodecontratoseprocuraes_23c0b_BackgroundImageUri</BackgroundImageUri>
      <DocumentUri>/CanvasApps/kabi_gestodecontratoseprocuraes_23c0b_DocumentUri.msapp</DocumentUri>
    </CanvasApp>
  </CanvasApps>
  <connectionreferences>
    <connectionreference connectionreferencelogicalname="kabi_10015168">
      <connectionreferencedisplayname>100-15168_Sharepoint</connectionreferencedisplayname>
      <connectorid>/providers/Microsoft.PowerApps/apis/shared_sharepointonline</connectorid>
      <iscustomizable>1</iscustomizable>
      <statecode>0</statecode>
      <statuscode>1</statuscode>
    </connectionreference>
    <connectionreference connectionreferencelogicalname="kabi_10015168_approvals">
      <connectionreferencedisplayname>100-15168_approvals</connectionreferencedisplayname>
      <connectorid>/providers/Microsoft.PowerApps/apis/shared_approvals</connectorid>
      <iscustomizable>1</iscustomizable>
      <statecode>0</statecode>
      <statuscode>1</statuscode>
    </connectionreference>
    <connectionreference connectionreferencelogicalname="kabi_10015168_OutlookOffice365">
      <connectionreferencedisplayname> 100-15168_Office365Outlook</connectionreferencedisplayname>
      <connectorid>/providers/Microsoft.PowerApps/apis/shared_office365</connectorid>
      <iscustomizable>1</iscustomizable>
      <statecode>0</statecode>
      <statuscode>1</statuscode>
    </connectionreference>
    <connectionreference connectionreferencelogicalname="kabi_10015168WordOnline">
      <connectionreferencedisplayname>100-15168-WordOnline</connectionreferencedisplayname>
      <connectorid>/providers/Microsoft.PowerApps/apis/shared_wordonlinebusiness</connectorid>
      <iscustomizable>1</iscustomizable>
      <statecode>0</statecode>
      <statuscode>1</statuscode>
    </connectionreference>
    <connectionreference connectionreferencelogicalname="kabi_sharedteams_049e7">
      <connectionreferencedisplayname>Microsoft Teams Contracts_and_Powers_of_Attorney-049e7</connectionreferencedisplayname>
      <connectorid>/providers/Microsoft.PowerApps/apis/shared_teams</connectorid>
      <iscustomizable>1</iscustomizable>
      <statecode>0</statecode>
      <statuscode>1</statuscode>
    </connectionreference>
  </connectionreferences>
  <Languages>
    <Language>1033</Language>
  </Languages>
</ImportExportXml>