<ImportExportXml version="9.2.23021.198" SolutionPackageVersion="9.2" languagecode="1033" generatedBy="CrmLive" xmlns:xsi="http://www.w3.org/2001/XMLSchema-instance">
  <SolutionManifest>
    <UniqueName>Contracts_and_Powers_of_Attorney</UniqueName>
    <LocalizedNames>
      <LocalizedName description="Contracts and Powers of Attorney" languagecode="1033" />
    </LocalizedNames>
    <Descriptions />
    <Version>1.0.0.3</Version>
    <Managed>0</Managed>
    <Publisher>
      <UniqueName>Business_Application_BR</UniqueName>
      <LocalizedNames>
        <LocalizedName description="Business Application BR" languagecode="1033" />
      </LocalizedNames>
      <Descriptions />
      <EMailAddress xsi:nil="true"></EMailAddress>
      <SupportingWebsiteUrl xsi:nil="true"></SupportingWebsiteUrl>
      <CustomizationPrefix>kabi</CustomizationPrefix>
      <CustomizationOptionValuePrefix>58909</CustomizationOptionValuePrefix>
      <Addresses>
        <Address>
          <AddressNumber>1</AddressNumber>
          <AddressTypeCode>1</AddressTypeCode>
          <City xsi:nil="true"></City>
          <County xsi:nil="true"></County>
          <Country xsi:nil="true"></Country>
          <Fax xsi:nil="true"></Fax>
          <FreightTermsCode xsi:nil="true"></FreightTermsCode>
          <ImportSequenceNumber xsi:nil="true"></ImportSequenceNumber>
          <Latitude xsi:nil="true"></Latitude>
          <Line1 xsi:nil="true"></Line1>
          <Line2 xsi:nil="true"></Line2>
          <Line3 xsi:nil="true"></Line3>
          <Longitude xsi:nil="true"></Longitude>
          <Name xsi:nil="true"></Name>
          <PostalCode xsi:nil="true"></PostalCode>
          <PostOfficeBox xsi:nil="true"></PostOfficeBox>
          <PrimaryContactName xsi:nil="true"></PrimaryContactName>
          <ShippingMethodCode>1</ShippingMethodCode>
          <StateOrProvince xsi:nil="true"></StateOrProvince>
          <Telephone1 xsi:nil="true"></Telephone1>
          <Telephone2 xsi:nil="true"></Telephone2>
          <Telephone3 xsi:nil="true"></Telephone3>
          <TimeZoneRuleVersionNumber xsi:nil="true"></TimeZoneRuleVersionNumber>
          <UPSZone xsi:nil="true"></UPSZone>
          <UTCOffset xsi:nil="true"></UTCOffset>
          <UTCConversionTimeZoneCode xsi:nil="true"></UTCConversionTimeZoneCode>
        </Address>
        <Address>
          <AddressNumber>2</AddressNumber>
          <AddressTypeCode>1</AddressTypeCode>
          <City xsi:nil="true"></City>
          <County xsi:nil="true"></County>
          <Country xsi:nil="true"></Country>
          <Fax xsi:nil="true"></Fax>
          <FreightTermsCode xsi:nil="true"></FreightTermsCode>
          <ImportSequenceNumber xsi:nil="true"></ImportSequenceNumber>
          <Latitude xsi:nil="true"></Latitude>
          <Line1 xsi:nil="true"></Line1>
          <Line2 xsi:nil="true"></Line2>
          <Line3 xsi:nil="true"></Line3>
          <Longitude xsi:nil="true"></Longitude>
          <Name xsi:nil="true"></Name>
          <PostalCode xsi:nil="true"></PostalCode>
          <PostOfficeBox xsi:nil="true"></PostOfficeBox>
          <PrimaryContactName xsi:nil="true"></PrimaryContactName>
          <ShippingMethodCode>1</ShippingMethodCode>
          <StateOrProvince xsi:nil="true"></StateOrProvince>
          <Telephone1 xsi:nil="true"></Telephone1>
          <Telephone2 xsi:nil="true"></Telephone2>
          <Telephone3 xsi:nil="true"></Telephone3>
          <TimeZoneRuleVersionNumber xsi:nil="true"></TimeZoneRuleVersionNumber>
          <UPSZone xsi:nil="true"></UPSZone>
          <UTCOffset xsi:nil="true"></UTCOffset>
          <UTCConversionTimeZoneCode xsi:nil="true"></UTCConversionTimeZoneCode>
        </Address>
      </Addresses>
    </Publisher>
    <RootComponents>
      <RootComponent type="29" id="{4463b46b-6f66-ed11-9561-0022489fde0d}" behavior="0" />
      <RootComponent type="29" id="{4563b46b-6f66-ed11-9561-0022489fde0d}" behavior="0" />
      <RootComponent type="29" id="{67b9156d-6f66-ed11-9561-0022489fdc80}" behavior="0" />
      <RootComponent type="29" id="{a4e6e593-c498-ed11-aad1-000d3aacacb8}" behavior="0" />
      <RootComponent type="29" id="{f4ae7591-6172-ed11-9561-000d3aaca0b8}" behavior="0" />
      <RootComponent type="29" id="{f5ae7591-6172-ed11-9561-000d3aaca0b8}" behavior="0" />
      <RootComponent type="29" id="{f6ae7591-6172-ed11-9561-000d3aaca0b8}" behavior="0" />
      <RootComponent type="29" id="{f8b8156d-6f66-ed11-9561-0022489fdc80}" behavior="0" />
      <RootComponent type="29" id="{f9b8156d-6f66-ed11-9561-0022489fdc80}" behavior="0" />
      <RootComponent type="300" schemaName="kabi_gestodecontratoseprocuraes_23c0b" behavior="0" />
    </RootComponents>
    <MissingDependencies>
      <MissingDependency>
        <Required type="300" schemaName="crbb5_appinformations_fcf01" displayName="App_informations" solution="Active" />
        <Dependent type="300" schemaName="kabi_gestodecontratoseprocuraes_23c0b" displayName="Gestão de Contratos e Procurações" />
      </MissingDependency>
      <MissingDependency>
        <Required type="connectionreference" displayName="kabi_Teste_sharepoint" solution="Active" id.connectionreferencelogicalname="kabi_Teste_sharepoint" />
        <Dependent type="29" displayName="100-15168  - Aditivo - Reajuste" id="{4463b46b-6f66-ed11-9561-0022489fde0d}" />
      </MissingDependency>
    </MissingDependencies>
  </SolutionManifest>
</ImportExportXml>