<ImportExportXml xmlns:xsi="http://www.w3.org/2001/XMLSchema-instance">
  <Entities></Entities>
  <Roles></Roles>
  <Workflows>
    <Workflow WorkflowId="{0a2b7b60-e2a7-ed11-aad1-000d3aacacb8}" Name="002 - Sync extensions">
      <JsonFileName>/Workflows/002-Syncextensions-0A2B7B60-E2A7-ED11-AAD1-000D3AACACB8.json</JsonFileName>
      <Type>1</Type>
      <Subprocess>0</Subprocess>
      <Category>5</Category>
      <Mode>0</Mode>
      <Scope>4</Scope>
      <OnDemand>0</OnDemand>
      <TriggerOnCreate>0</TriggerOnCreate>
      <TriggerOnDelete>0</TriggerOnDelete>
      <AsyncAutodelete>0</AsyncAutodelete>
      <SyncWorkflowLogOnFailure>0</SyncWorkflowLogOnFailure>
      <StateCode>1</StateCode>
      <StatusCode>2</StatusCode>
      <RunAs>1</RunAs>
      <IsTransacted>1</IsTransacted>
      <IntroducedVersion>1.0.0.0</IntroducedVersion>
      <IsCustomizable>1</IsCustomizable>
      <BusinessProcessType>0</BusinessProcessType>
      <IsCustomProcessingStepAllowedForOtherPublishers>1</IsCustomProcessingStepAllowedForOtherPublishers>
      <PrimaryEntity>none</PrimaryEntity>
      <LocalizedNames>
        <LocalizedName languagecode="1033" description="002 - Sync extensions" />
      </LocalizedNames>
    </Workflow>
    <Workflow WorkflowId="{1ee6cfe3-daa7-ed11-aad1-0022489fdc80}" Name="002 - Disponibilizar ramal">
      <JsonFileName>/Workflows/002-Disponibilizarramal-1EE6CFE3-DAA7-ED11-AAD1-0022489FDC80.json</JsonFileName>
      <Type>1</Type>
      <Subprocess>0</Subprocess>
      <Category>5</Category>
      <Mode>0</Mode>
      <Scope>4</Scope>
      <OnDemand>0</OnDemand>
      <TriggerOnCreate>0</TriggerOnCreate>
      <TriggerOnDelete>0</TriggerOnDelete>
      <AsyncAutodelete>0</AsyncAutodelete>
      <SyncWorkflowLogOnFailure>0</SyncWorkflowLogOnFailure>
      <StateCode>1</StateCode>
      <StatusCode>2</StatusCode>
      <RunAs>1</RunAs>
      <IsTransacted>1</IsTransacted>
      <IntroducedVersion>1.0.0.0</IntroducedVersion>
      <IsCustomizable>1</IsCustomizable>
      <IsCustomProcessingStepAllowedForOtherPublishers>1</IsCustomProcessingStepAllowedForOtherPublishers>
      <PrimaryEntity>none</PrimaryEntity>
      <LocalizedNames>
        <LocalizedName languagecode="1033" description="002 - Disponibilizar ramal" />
      </LocalizedNames>
    </Workflow>
    <Workflow WorkflowId="{19183c7f-dca7-ed11-aad1-0022489fde0d}" Name="002 - update_Extensions_br">
      <JsonFileName>/Workflows/002-update_Extensions_br-19183C7F-DCA7-ED11-AAD1-0022489FDE0D.json</JsonFileName>
      <Type>1</Type>
      <Subprocess>0</Subprocess>
      <Category>5</Category>
      <Mode>0</Mode>
      <Scope>4</Scope>
      <OnDemand>0</OnDemand>
      <TriggerOnCreate>0</TriggerOnCreate>
      <TriggerOnDelete>0</TriggerOnDelete>
      <AsyncAutodelete>0</AsyncAutodelete>
      <SyncWorkflowLogOnFailure>0</SyncWorkflowLogOnFailure>
      <StateCode>1</StateCode>
      <StatusCode>2</StatusCode>
      <RunAs>1</RunAs>
      <IsTransacted>1</IsTransacted>
      <IntroducedVersion>1.0.0.0</IntroducedVersion>
      <IsCustomizable>1</IsCustomizable>
      <IsCustomProcessingStepAllowedForOtherPublishers>1</IsCustomProcessingStepAllowedForOtherPublishers>
      <PrimaryEntity>none</PrimaryEntity>
      <LocalizedNames>
        <LocalizedName languagecode="1033" description="002 - update_Extensions_br" />
      </LocalizedNames>
    </Workflow>
    <Workflow WorkflowId="{0dde128a-dda7-ed11-aad1-0022489fde0d}" Name="002 - create extension">
      <JsonFileName>/Workflows/002-createextension-0DDE128A-DDA7-ED11-AAD1-0022489FDE0D.json</JsonFileName>
      <Type>1</Type>
      <Subprocess>0</Subprocess>
      <Category>5</Category>
      <Mode>0</Mode>
      <Scope>4</Scope>
      <OnDemand>0</OnDemand>
      <TriggerOnCreate>0</TriggerOnCreate>
      <TriggerOnDelete>0</TriggerOnDelete>
      <AsyncAutodelete>0</AsyncAutodelete>
      <SyncWorkflowLogOnFailure>0</SyncWorkflowLogOnFailure>
      <StateCode>1</StateCode>
      <StatusCode>2</StatusCode>
      <RunAs>1</RunAs>
      <IsTransacted>1</IsTransacted>
      <IntroducedVersion>1.0.0.0</IntroducedVersion>
      <IsCustomizable>1</IsCustomizable>
      <IsCustomProcessingStepAllowedForOtherPublishers>1</IsCustomProcessingStepAllowedForOtherPublishers>
      <PrimaryEntity>none</PrimaryEntity>
      <LocalizedNames>
        <LocalizedName languagecode="1033" description="002 - create extension" />
      </LocalizedNames>
    </Workflow>
  </Workflows>
  <FieldSecurityProfiles></FieldSecurityProfiles>
  <Templates />
  <EntityMaps />
  <EntityRelationships />
  <OrganizationSettings />
  <optionsets />
  <CustomControls />
  <EntityDataProviders />
  <CanvasApps>
    <CanvasApp>
      <Name>kabi_contatos_5ba4a</Name>
      <AppVersion>2023-02-09T12:43:20Z</AppVersion>
      <Status>Ready</Status>
      <CreatedByClientVersion>3.23015.14.0</CreatedByClientVersion>
      <MinClientVersion>3.23015.14.0</MinClientVersion>
      <Tags>{"primaryDeviceWidth":"1366","primaryDeviceHeight":"768","sienaVersion":"20230208T185448Z-3.23014.14.0","deviceCapabilities":"","supportsPortrait":"true","supportsLandscape":"true","primaryFormFactor":"Tablet","publisherVersion":"3.23015.14","minimumRequiredApiVersion":"2.2.0","hasComponent":"true","hasUnlockedComponent":"true","isUnifiedRootApp":"false"}</Tags>
      <IsCdsUpgraded>0</IsCdsUpgraded>
      <GalleryItemId xsi:nil="true"></GalleryItemId>
      <BackgroundColor>rgba(0, 18, 107, 1)</BackgroundColor>
      <DisplayName>Contatos</DisplayName>
      <Description xsi:nil="true"></Description>
      <CommitMessage xsi:nil="true"></CommitMessage>
      <Publisher></Publisher>
      <AuthorizationReferences>[]</AuthorizationReferences>
      <ConnectionReferences>{"1dde8a42-5284-4728-820a-2d5cb105db05":{"id":"/providers/microsoft.powerapps/apis/shared_office365users","displayName":"Office 365 Users","iconUri":"https://connectoricons-prod.azureedge.net/releases/v1.0.1611/1.0.1611.3104/office365users/icon.png","dataSources":["Office365Users"],"dependencies":[],"dependents":[],"parameterHints":{},"parameterHintsV2":{},"isOnPremiseConnection":false,"bypassConsent":false,"dataSets":{},"apiTier":"Standard","actions":["SearchUserV2"]},"b04a65d7-d7e9-476b-9b27-c72010f000eb":{"id":"/providers/microsoft.powerapps/apis/shared_sharepointonline","displayName":"SharePoint","iconUri":"https://connectoricons-prod.azureedge.net/u/juanq/gateway/greyhound/3000.150.11/1.0.1613.3116/sharepointonline/icon.png","dataSources":["002_extensions_br"],"dependencies":[],"dependents":["d68902cd-3d65-4ef7-9da1-1a4e09be1c81"],"parameterHints":{},"parameterHintsV2":{},"isOnPremiseConnection":false,"bypassConsent":false,"dataSets":{"https://fresenius.sharepoint.com/teams/Team-FK-BR-TI":{"datasetOverride":{"name":"https://fresenius.sharepoint.com/teams/Team-FK-Business-Application-BR-Dev","environmentVariableName":"kabi_002_site_app"},"dataSources":{"002_extensions_br":{"tableName":"ae9b07f6-2f29-480e-8241-94a84d89dee4","tableNameOverride":{"name":"d75e238e-5a81-4bcf-b956-60110f79f6f2","environmentVariableName":"kabi_002_extensions_br"}}}}},"apiTier":"Standard","actions":["providers/PowerPlatform.Governance/Operations/Read","providers/PowerPlatform.Governance/Operations/Write"]},"d68902cd-3d65-4ef7-9da1-1a4e09be1c81":{"id":"/providers/microsoft.powerapps/apis/shared_logicflows","displayName":"Logic flows","iconUri":"https://connectoricons-prod.azureedge.net/releases/v1.0.1615/1.0.1615.3163/logicflows/icon.png","dataSources":["002-Disponibilizarramal"],"dependencies":["b04a65d7-d7e9-476b-9b27-c72010f000eb"],"dependents":[],"parameterHints":{"workflowName":{"value":"88a0c7fe-e9cb-49fb-8ac3-dfb46c2bed7d"},"workflowEntityId":{"value":"1ee6cfe3-daa7-ed11-aad1-0022489fdc80"},"b04a65d7-d7e9-476b-9b27-c72010f000eb":{"value":"shared_sharepointonline_1"}},"parameterHintsV2":{"workflowName":{"value":"88a0c7fe-e9cb-49fb-8ac3-dfb46c2bed7d"},"workflowEntityId":{"value":"1ee6cfe3-daa7-ed11-aad1-0022489fdc80"},"shared_sharepointonline_1":{"value":"b04a65d7-d7e9-476b-9b27-c72010f000eb"}},"isOnPremiseConnection":false,"bypassConsent":false,"dataSets":{},"apiTier":"Standard","actions":["Run"]}}</ConnectionReferences>
      <DatabaseReferences>{}</DatabaseReferences>
      <AppComponents>[]</AppComponents>
      <AppComponentDependencies>[{"appComponentName":"389dbf1058914b528d4cca350970a482","appName":"f5d78e06-38ad-4ee6-b1a8-9591f21b94df","appComponentLibraryName":"4566112a-8238-4e07-a0f5-6fbb4d911839","appComponentLibraryVersion":"2022-12-29T17:46:19Z","appComponentLibraryLogicalName":"crbb5_appinformations_fcf01","environmentName":"5ff56345-fd52-e122-ac5d-dbecca0e2a54"}]</AppComponentDependencies>
      <CanConsumeAppPass>1</CanConsumeAppPass>
      <CanvasAppType>0</CanvasAppType>
      <BypassConsent>0</BypassConsent>
      <AdminControlBypassConsent>0</AdminControlBypassConsent>
      <EmbeddedApp xsi:nil="true"></EmbeddedApp>
      <IntroducedVersion>1.0</IntroducedVersion>
      <CdsDependencies>{"cdsdependencies":[{"logicalname":"kabi_002_site_app","componenttype":380,"componenttypeplatformname":"EnvironmentVariableDefinition"},{"logicalname":"kabi_002_extensions_br","componenttype":380,"componenttypeplatformname":"EnvironmentVariableDefinition"},{"logicalname":"crbb5_appinformations_fcf01","componenttype":300,"componenttypeplatformname":"CanvasApp"}]}</CdsDependencies>
      <IsCustomizable>1</IsCustomizable>
      <BackgroundImageUri>/CanvasApps/kabi_contatos_5ba4a_BackgroundImageUri</BackgroundImageUri>
      <DocumentUri>/CanvasApps/kabi_contatos_5ba4a_DocumentUri.msapp</DocumentUri>
    </CanvasApp>
  </CanvasApps>
  <connectionreferences>
    <connectionreference connectionreferencelogicalname="kabi_002_office365users">
      <connectionreferencedisplayname>002_office365users</connectionreferencedisplayname>
      <connectorid>/providers/Microsoft.PowerApps/apis/shared_office365users</connectorid>
      <iscustomizable>1</iscustomizable>
      <statecode>0</statecode>
      <statuscode>1</statuscode>
    </connectionreference>
    <connectionreference connectionreferencelogicalname="kabi_002_sharepoint">
      <connectionreferencedisplayname>002_sharepoint</connectionreferencedisplayname>
      <connectorid>/providers/Microsoft.PowerApps/apis/shared_sharepointonline</connectorid>
      <iscustomizable>1</iscustomizable>
      <statecode>0</statecode>
      <statuscode>1</statuscode>
    </connectionreference>
    <connectionreference connectionreferencelogicalname="kabi_002_teams">
      <connectionreferencedisplayname>002_teams</connectionreferencedisplayname>
      <connectorid>/providers/Microsoft.PowerApps/apis/shared_teams</connectorid>
      <iscustomizable>1</iscustomizable>
      <statecode>0</statecode>
      <statuscode>1</statuscode>
    </connectionreference>
  </connectionreferences>
  <Languages>
    <Language>1033</Language>
  </Languages>
</ImportExportXml>