{
  "properties": {
    "connectionReferences": {
      "shared_sharepointonline_1": {
        "runtimeSource": "invoker",
        "connection": {
          "connectionReferenceLogicalName": "kabi_008_sharepoint"
        },
        "api": {
          "name": "shared_sharepointonline"
        }
      },
      "shared_office365": {
        "runtimeSource": "invoker",
        "connection": {
          "connectionReferenceLogicalName": "kabi_008_office365outlook"
        },
        "api": {
          "name": "shared_office365"
        }
      }
    },
    "definition": {
      "$schema": "https://schema.management.azure.com/providers/Microsoft.Logic/schemas/2016-06-01/workflowdefinition.json#",
      "contentVersion": "1.0.0.0",
      "parameters": {
        "$connections": {
          "defaultValue": {},
          "type": "Object"
        },
        "$authentication": {
          "defaultValue": {},
          "type": "SecureObject"
        },
        "005_approvals_site (kabi_005_approvals_site)": {
          "defaultValue": "https://fresenius.sharepoint.com/teams/Team-FK-Business-Application-BR-Dev",
          "type": "String",
          "metadata": {
            "schemaName": "kabi_005_approvals_site"
          }
        },
        "005_approval_item_list (kabi_005_approval_item_list)": {
          "defaultValue": "a9a2ee67-2d24-4a4e-b4ae-5f6391a65912",
          "type": "String",
          "metadata": {
            "schemaName": "kabi_005_approval_item_list"
          }
        },
        "005_approval_request_list (kabi_005_approval_request_list)": {
          "defaultValue": "d53b66fc-fdaa-4f00-8964-3e12c8a6de5d",
          "type": "String",
          "metadata": {
            "schemaName": "kabi_005_approval_request_list"
          }
        },
        "008_site_app (kabi_Site_app)": {
          "defaultValue": "https://fresenius.sharepoint.com/teams/Team-FK-Business-Application-BR-Dev",
          "type": "String",
          "metadata": {
            "schemaName": "kabi_Site_app"
          }
        },
        "008_cadastro_clientes (kabi_Cadastro_clientes)": {
          "defaultValue": "7d93dafe-1ccd-4e26-b0de-76c650b43508",
          "type": "String",
          "metadata": {
            "schemaName": "kabi_Cadastro_clientes"
          }
        },
        "008_app_link (kabi_app_link)": {
          "defaultValue": " https://apps.powerapps.com/play/3ee05486-026b-40af-ae55-db04a7ac98d0?tenantId=c98df534-5e36-459a-ac3f-8c2e449863bd",
          "type": "String",
          "metadata": {
            "schemaName": "kabi_app_link"
          }
        },
        "008_analise_Inicial (kabi_shared_sharepointonline_3c833d58b8924b98b203a9383fab2b82)": {
          "defaultValue": "f501b90b-62e7-46de-b6d6-cfac2817b05e",
          "type": "String",
          "metadata": {
            "schemaName": "kabi_shared_sharepointonline_3c833d58b8924b98b203a9383fab2b82"
          }
        },
        "008_gerentes_nacionais (kabi_shared_sharepointonline_58f99c87984f44cba72c413430e8c589)": {
          "defaultValue": "8bf40f78-5980-4d38-8ddb-64d783be34a9",
          "type": "String",
          "metadata": {
            "schemaName": "kabi_shared_sharepointonline_58f99c87984f44cba72c413430e8c589"
          }
        },
        "008_tipo cliente - flx apr (kabi_Tipoclienteflxapr)": {
          "defaultValue": "5a45eb0b-ac0d-44c7-90f0-eb776aa36f29",
          "type": "String",
          "metadata": {
            "schemaName": "kabi_Tipoclienteflxapr"
          }
        },
        "008_log_cadastro_cliente (kabi_Log_cadastro_cliente)": {
          "defaultValue": "eda37c8c-4a18-444e-812c-a5f9bd3f6be3",
          "type": "String",
          "metadata": {
            "schemaName": "kabi_Log_cadastro_cliente"
          }
        }
      },
      "triggers": {
        "manual": {
          "metadata": {
            "operationMetadataId": "c147ef67-ecf0-4997-be3f-84f55d8915d5"
          },
          "type": "Request",
          "kind": "PowerAppV2",
          "inputs": {
            "schema": {
              "type": "object",
              "properties": {
                "number": {
                  "title": "ID",
                  "type": "number",
                  "x-ms-dynamically-added": true,
                  "description": "Please enter a number",
                  "x-ms-content-hint": "NUMBER"
                }
              },
              "required": [
                "number"
              ]
            }
          }
        }
      },
      "actions": {
        "Scope_-_flx_comum": {
          "actions": {
            "Get_items_-_type-client-_flx_apr": {
              "runAfter": {},
              "metadata": {
                "operationMetadataId": "720b21ef-c40b-407e-9315-8704ba8211a7"
              },
              "type": "OpenApiConnection",
              "inputs": {
                "host": {
                  "connectionName": "shared_sharepointonline_1",
                  "operationId": "GetItems",
                  "apiId": "/providers/Microsoft.PowerApps/apis/shared_sharepointonline"
                },
                "parameters": {
                  "dataset": "@parameters('008_site_app (kabi_Site_app)')",
                  "table": "@parameters('008_tipo cliente - flx apr (kabi_Tipoclienteflxapr)')",
                  "$filter": "Aprovador ne ''",
                  "$orderby": "Sequencia asc"
                },
                "authentication": "@parameters('$authentication')"
              }
            },
            "Filter_array": {
              "runAfter": {
                "Get_items_-_type-client-_flx_apr": [
                  "Succeeded"
                ]
              },
              "metadata": {
                "operationMetadataId": "d922d8cb-5fb4-45e6-909a-55cbcb26e579"
              },
              "type": "Query",
              "inputs": {
                "from": "@outputs('Get_items_-_type-client-_flx_apr')?['body/value']",
                "where": "@equals(item()?['Type_client/Value'], outputs('Get_item')?['body/Tipo_x0020_de_x0020_Cliente/Value'])"
              }
            },
            "Apply_to_each_-_filter_array": {
              "foreach": "@body('Filter_array')",
              "actions": {
                "Get_item_-_approval_line": {
                  "runAfter": {},
                  "metadata": {
                    "operationMetadataId": "3e655979-ea85-4435-90ad-4afb862f093a"
                  },
                  "type": "OpenApiConnection",
                  "inputs": {
                    "host": {
                      "connectionName": "shared_sharepointonline_1",
                      "operationId": "GetItem",
                      "apiId": "/providers/Microsoft.PowerApps/apis/shared_sharepointonline"
                    },
                    "parameters": {
                      "dataset": "@parameters('008_site_app (kabi_Site_app)')",
                      "table": "@parameters('008_tipo cliente - flx apr (kabi_Tipoclienteflxapr)')",
                      "id": "@item()?['ID']"
                    },
                    "authentication": "@parameters('$authentication')"
                  }
                },
                "Apply_to_each_-_flx_line": {
                  "foreach": "@outputs('Get_item_-_approval_line')?['body/Aprovador']",
                  "actions": {
                    "Append_to_array_variable_-_approvers": {
                      "runAfter": {},
                      "metadata": {
                        "operationMetadataId": "d5b23764-14b1-4d18-aa03-f4b5c302e3b7"
                      },
                      "type": "AppendToArrayVariable",
                      "inputs": {
                        "name": "approvers",
                        "value": {
                          "Claims": "@items('Apply_to_each_-_flx_line')?['Email']"
                        }
                      }
                    }
                  },
                  "runAfter": {
                    "Set_variable_-_approvers_to_blank": [
                      "Succeeded"
                    ]
                  },
                  "metadata": {
                    "operationMetadataId": "da74af60-a6f3-4ac8-b66f-fcce7307398c"
                  },
                  "type": "Foreach"
                },
                "Create_approval_request_common": {
                  "runAfter": {
                    "Apply_to_each_-_flx_line": [
                      "Succeeded"
                    ]
                  },
                  "metadata": {
                    "operationMetadataId": "55216282-9504-43fe-b4a9-85301ff1a668"
                  },
                  "type": "OpenApiConnection",
                  "inputs": {
                    "host": {
                      "connectionName": "shared_sharepointonline_1",
                      "operationId": "PostItem",
                      "apiId": "/providers/Microsoft.PowerApps/apis/shared_sharepointonline"
                    },
                    "parameters": {
                      "dataset": "@parameters('005_approvals_site (kabi_005_approvals_site)')",
                      "table": "@parameters('005_approval_request_list (kabi_005_approval_request_list)')",
                      "item/Title": "@{outputs('Get_item_-_approval_line')?['body/Title']} / @{outputs('Create_approval_item')?['body/Title']}",
                      "item/Project": "@variables('project')",
                      "item/Approval_item_ID": "@outputs('Create_approval_item')?['body/ID']",
                      "item/Owner/Claims": "@outputs('Create_approval_item')?['body/Owner/Email']",
                      "item/Sequence": "@variables('cont')",
                      "item/Approvers": "@variables('approvers')",
                      "item/Approval_type/Value": "@if(equals(outputs('Get_item_-_approval_line')?['body/TipodeAprova_x00e7__x00e3_o/Value'],'Comum'),'basic','basicawaitall')",
                      "item/State/Value": "Not started"
                    },
                    "authentication": "@parameters('$authentication')"
                  }
                },
                "Set_variable_-_approvers_to_blank": {
                  "runAfter": {
                    "Get_item_-_approval_line": [
                      "Succeeded"
                    ]
                  },
                  "metadata": {
                    "operationMetadataId": "edd420f1-80c1-4709-b033-9c1901db919a"
                  },
                  "type": "SetVariable",
                  "inputs": {
                    "name": "approvers",
                    "value": "@null"
                  }
                },
                "Increment_variable_3": {
                  "runAfter": {
                    "Create_approval_request_common": [
                      "Succeeded"
                    ]
                  },
                  "metadata": {
                    "operationMetadataId": "c8824be7-d48f-4bc6-a0fb-7467790623aa"
                  },
                  "type": "IncrementVariable",
                  "inputs": {
                    "name": "cont",
                    "value": 1
                  }
                }
              },
              "runAfter": {
                "Filter_array": [
                  "Succeeded"
                ]
              },
              "metadata": {
                "operationMetadataId": "c47aca15-c998-449c-969d-ec1b968fe854"
              },
              "type": "Foreach"
            }
          },
          "runAfter": {
            "Scope_-_flx_gerente_nacional": [
              "Succeeded"
            ]
          },
          "metadata": {
            "operationMetadataId": "12016edc-e01f-4307-a34d-426297c13a18"
          },
          "type": "Scope"
        },
        "Scope_-_flx_gerente_nacional": {
          "actions": {
            "Condition_11": {
              "actions": {
                "Apply_to_each": {
                  "foreach": "@outputs('Get_item')?['body/Grupodemateriais']",
                  "actions": {
                    "Get_items_-_national_manager": {
                      "runAfter": {},
                      "metadata": {
                        "operationMetadataId": "89720fb4-70c1-4433-a94f-579fd3e26a17"
                      },
                      "type": "OpenApiConnection",
                      "inputs": {
                        "host": {
                          "connectionName": "shared_sharepointonline_1",
                          "operationId": "GetItems",
                          "apiId": "/providers/Microsoft.PowerApps/apis/shared_sharepointonline"
                        },
                        "parameters": {
                          "dataset": "@parameters('008_site_app (kabi_Site_app)')",
                          "table": "@parameters('008_gerentes_nacionais (kabi_shared_sharepointonline_58f99c87984f44cba72c413430e8c589)')",
                          "$filter": "Title eq '@{items('Apply_to_each')?['Value']}'"
                        },
                        "authentication": "@parameters('$authentication')"
                      }
                    },
                    "Apply_to_each_2": {
                      "foreach": "@outputs('Get_items_-_national_manager')?['body/value']",
                      "actions": {
                        "Append_to_array_variable_-_national_managers": {
                          "runAfter": {},
                          "metadata": {
                            "operationMetadataId": "4b7bf03a-5961-45d8-b8cf-b527c7aacf15"
                          },
                          "type": "AppendToArrayVariable",
                          "inputs": {
                            "name": "national_managers",
                            "value": {
                              "Claims": "@items('Apply_to_each_2')?['Gerente/Email']"
                            }
                          }
                        }
                      },
                      "runAfter": {
                        "Get_items_-_national_manager": [
                          "Succeeded"
                        ]
                      },
                      "metadata": {
                        "operationMetadataId": "4f29be86-226f-4821-8c2b-8d85e5f1beec"
                      },
                      "type": "Foreach"
                    }
                  },
                  "runAfter": {},
                  "metadata": {
                    "operationMetadataId": "0f6f31f6-075c-4463-b58e-1ca2a471c479"
                  },
                  "type": "Foreach"
                },
                "Create_approval_request_national_manager": {
                  "runAfter": {
                    "Apply_to_each": [
                      "Succeeded"
                    ]
                  },
                  "metadata": {
                    "operationMetadataId": "8c73ba42-b56f-4dc7-a241-4ebb7ff90825"
                  },
                  "type": "OpenApiConnection",
                  "inputs": {
                    "host": {
                      "connectionName": "shared_sharepointonline_1",
                      "operationId": "PostItem",
                      "apiId": "/providers/Microsoft.PowerApps/apis/shared_sharepointonline"
                    },
                    "parameters": {
                      "dataset": "@parameters('005_approvals_site (kabi_005_approvals_site)')",
                      "table": "@parameters('005_approval_request_list (kabi_005_approval_request_list)')",
                      "item/Title": "Gerente nacional / @{outputs('Create_approval_item')?['body/Title']}",
                      "item/Project": "@variables('project')",
                      "item/Approval_item_ID": "@outputs('Create_approval_item')?['body/ID']",
                      "item/Owner/Claims": "@outputs('Create_approval_item')?['body/Owner/Email']",
                      "item/Sequence": "@variables('cont')",
                      "item/Approvers": "@variables('national_managers')",
                      "item/Approval_type/Value": "basicawaitall",
                      "item/State/Value": "Not started"
                    },
                    "authentication": "@parameters('$authentication')"
                  }
                },
                "Increment_variable_2": {
                  "runAfter": {
                    "Create_approval_request_national_manager": [
                      "Succeeded"
                    ]
                  },
                  "metadata": {
                    "operationMetadataId": "64721797-5a26-44e2-ad32-146b3e2a8040"
                  },
                  "type": "IncrementVariable",
                  "inputs": {
                    "name": "cont",
                    "value": 1
                  }
                }
              },
              "runAfter": {},
              "expression": {
                "equals": [
                  "@outputs('Get_item')?['body/Tipo_x0020_de_x0020_Cliente/Value']",
                  "Distribuidor"
                ]
              },
              "metadata": {
                "operationMetadataId": "a0046204-74ec-4491-8efd-8985bf133ffb"
              },
              "type": "If"
            }
          },
          "runAfter": {
            "Scope_-_initial_analysis": [
              "Succeeded"
            ]
          },
          "metadata": {
            "operationMetadataId": "3037df54-a296-42c2-8c42-2d01a2a2a996"
          },
          "type": "Scope"
        },
        "Initialize_variable_-_initial_analysis": {
          "runAfter": {
            "Initialize_variable_-_project": [
              "Succeeded"
            ]
          },
          "metadata": {
            "operationMetadataId": "b2e86d68-d915-4c94-8aed-ca13da70c05c"
          },
          "type": "InitializeVariable",
          "inputs": {
            "variables": [
              {
                "name": "initial analysis",
                "type": "array"
              }
            ]
          }
        },
        "Scope_-_initial_analysis": {
          "actions": {
            "Get_items_-_emails_analise_inicial": {
              "runAfter": {},
              "metadata": {
                "operationMetadataId": "18d8395f-bf3b-4ee5-9af7-80c93b5f36e4"
              },
              "type": "OpenApiConnection",
              "inputs": {
                "host": {
                  "connectionName": "shared_sharepointonline_1",
                  "operationId": "GetItems",
                  "apiId": "/providers/Microsoft.PowerApps/apis/shared_sharepointonline"
                },
                "parameters": {
                  "dataset": "@parameters('008_site_app (kabi_Site_app)')",
                  "table": "@parameters('008_analise_Inicial (kabi_shared_sharepointonline_3c833d58b8924b98b203a9383fab2b82)')",
                  "$filter": "Pessoas ne ''"
                },
                "authentication": "@parameters('$authentication')"
              }
            },
            "Apply_to_each_-_initial_analysis": {
              "foreach": "@outputs('Get_items_-_emails_analise_inicial')?['body/value']",
              "actions": {
                "Append_to_array_variable_-_initial_analysis": {
                  "runAfter": {},
                  "metadata": {
                    "operationMetadataId": "5f42f08a-2ad6-4fb3-b7ba-c77d8f06aa33"
                  },
                  "type": "AppendToArrayVariable",
                  "inputs": {
                    "name": "initial analysis",
                    "value": {
                      "Claims": "@items('Apply_to_each_-_initial_analysis')?['Pessoas/Email']"
                    }
                  }
                }
              },
              "runAfter": {
                "Get_items_-_emails_analise_inicial": [
                  "Succeeded"
                ]
              },
              "metadata": {
                "operationMetadataId": "20beddd7-a4dd-4c06-a902-e68b9161442c"
              },
              "type": "Foreach"
            },
            "Create_approval_request_initial_analysis": {
              "runAfter": {
                "Apply_to_each_-_initial_analysis": [
                  "Succeeded"
                ]
              },
              "metadata": {
                "operationMetadataId": "9305a788-d98f-4471-919a-33423d03efe0"
              },
              "type": "OpenApiConnection",
              "inputs": {
                "host": {
                  "connectionName": "shared_sharepointonline_1",
                  "operationId": "PostItem",
                  "apiId": "/providers/Microsoft.PowerApps/apis/shared_sharepointonline"
                },
                "parameters": {
                  "dataset": "@parameters('005_approvals_site (kabi_005_approvals_site)')",
                  "table": "@parameters('005_approval_request_list (kabi_005_approval_request_list)')",
                  "item/Title": "Análise inicial / @{outputs('Create_approval_item')?['body/Title']}",
                  "item/Project": "@variables('project')",
                  "item/Approval_item_ID": "@outputs('Create_approval_item')?['body/ID']",
                  "item/Owner/Claims": "@outputs('Create_approval_item')?['body/Owner/Email']",
                  "item/Sequence": "@variables('cont')",
                  "item/Approvers": "@variables('initial analysis')",
                  "item/Approval_type/Value": "basic",
                  "item/State/Value": "Not started"
                },
                "authentication": "@parameters('$authentication')"
              }
            },
            "Increment_variable": {
              "runAfter": {
                "Create_approval_request_initial_analysis": [
                  "Succeeded"
                ]
              },
              "metadata": {
                "operationMetadataId": "ed24290e-a1be-45a9-9506-250679d5c20b"
              },
              "type": "IncrementVariable",
              "inputs": {
                "name": "cont",
                "value": 1
              }
            }
          },
          "runAfter": {
            "Create_approval_item": [
              "Succeeded"
            ]
          },
          "metadata": {
            "operationMetadataId": "3cc2d1bc-d0b1-4130-af46-58131df34d64"
          },
          "type": "Scope"
        },
        "Initialize_variable_-_national_managers": {
          "runAfter": {
            "Initialize_variable_-_initial_analysis": [
              "Succeeded"
            ]
          },
          "metadata": {
            "operationMetadataId": "36553f87-e1f0-4f5e-9059-56bd28275311"
          },
          "type": "InitializeVariable",
          "inputs": {
            "variables": [
              {
                "name": "national_managers",
                "type": "array"
              }
            ]
          }
        },
        "Create_approval_item": {
          "runAfter": {
            "Get_item": [
              "Succeeded"
            ]
          },
          "metadata": {
            "operationMetadataId": "c9a8e8d5-e76d-4698-9a0f-3a1885f7292a"
          },
          "type": "OpenApiConnection",
          "inputs": {
            "host": {
              "connectionName": "shared_sharepointonline_1",
              "operationId": "PostItem",
              "apiId": "/providers/Microsoft.PowerApps/apis/shared_sharepointonline"
            },
            "parameters": {
              "dataset": "@parameters('005_approvals_site (kabi_005_approvals_site)')",
              "table": "@parameters('005_approval_item_list (kabi_005_approval_item_list)')",
              "item/Title": "Cadastro de Cliente: @{outputs('Get_item')?['body/Raz_x00e3_o_x0020_Social']} - @{outputs('Get_item')?['body/C_x00f3_digo_x0020_do_x0020_Clie']} - ID: @{outputs('Get_item')?['body/ID']}",
              "item/Project": "@variables('project')",
              "item/Item_ID": "@variables('id')",
              "item/Description": "Razão Social: @{outputs('Get_item')?['body/Raz_x00e3_o_x0020_Social']} - \n@{outputs('Get_item')?['body/Tipo_x0020_de_x0020_Cliente/Value']}\n\nUnidade: @{outputs('Get_item')?['body/Unidade/Value']}\nTipo de cliente: @{outputs('Get_item')?['body/Tipo_x0020_de_x0020_Cliente/Value']}\nRazão social: @{outputs('Get_item')?['body/Raz_x00e3_o_x0020_Social']}\nE-mail financeiro: @{outputs('Get_item')?['body/E_x002d_mail_x0020_Financeiro']}\nCód. Executivo: @{outputs('Get_item')?['body/Cod_executivo']}\nSetor de atividade: @{outputs('Get_item')?['body/SetordeAtividade/Value']}",
              "item/Status/Value": "New",
              "item/Owner/Claims": "@outputs('Get_item')?['body/Author/Email']",
              "item/Link_to_item": "@{parameters('008_app_link (kabi_app_link)')}?Item_ID=@{variables('id')}"
            },
            "authentication": "@parameters('$authentication')"
          }
        },
        "Initialize_variable_-_project": {
          "runAfter": {
            "Initialize_variable_-_id": [
              "Succeeded"
            ]
          },
          "metadata": {
            "operationMetadataId": "1b5f094f-1e10-438d-b8dc-789c1c849a32"
          },
          "type": "InitializeVariable",
          "inputs": {
            "variables": [
              {
                "name": "project",
                "type": "string",
                "value": "Cadastro de Cliente"
              }
            ]
          }
        },
        "Initialize_variable_-_approvers": {
          "runAfter": {
            "Initialize_variable_-_national_managers": [
              "Succeeded"
            ]
          },
          "metadata": {
            "operationMetadataId": "a1cdf0e3-d779-430b-bec6-9f0431e7528c"
          },
          "type": "InitializeVariable",
          "inputs": {
            "variables": [
              {
                "name": "approvers",
                "type": "array"
              }
            ]
          }
        },
        "Initialize_variable_-_cont": {
          "runAfter": {
            "Initialize_variable_-_approvers": [
              "Succeeded"
            ]
          },
          "metadata": {
            "operationMetadataId": "fe83ff4d-6fca-41e1-ac38-cd123fae6c59"
          },
          "type": "InitializeVariable",
          "inputs": {
            "variables": [
              {
                "name": "cont",
                "type": "integer",
                "value": 1
              }
            ]
          }
        },
        "Get_items_-_requests": {
          "runAfter": {
            "Scope_-_flx_comum": [
              "Succeeded"
            ]
          },
          "metadata": {
            "operationMetadataId": "05ae98a7-7485-422d-b5d7-06aa70909735"
          },
          "type": "OpenApiConnection",
          "inputs": {
            "host": {
              "connectionName": "shared_sharepointonline_1",
              "operationId": "GetItems",
              "apiId": "/providers/Microsoft.PowerApps/apis/shared_sharepointonline"
            },
            "parameters": {
              "dataset": "@parameters('005_approvals_site (kabi_005_approvals_site)')",
              "table": "@parameters('005_approval_request_list (kabi_005_approval_request_list)')",
              "$filter": "Approval_item_ID eq @{outputs('Create_approval_item')?['body/ID']} and Approvers eq null"
            },
            "authentication": "@parameters('$authentication')"
          }
        },
        "Condition": {
          "actions": {
            "Update_item_-_approval_item": {
              "runAfter": {},
              "metadata": {
                "operationMetadataId": "f4721231-ba2c-4418-865b-2a1acf751cab"
              },
              "type": "OpenApiConnection",
              "inputs": {
                "host": {
                  "connectionName": "shared_sharepointonline_1",
                  "operationId": "PatchItem",
                  "apiId": "/providers/Microsoft.PowerApps/apis/shared_sharepointonline"
                },
                "parameters": {
                  "dataset": "@parameters('005_approvals_site (kabi_005_approvals_site)')",
                  "table": "@parameters('005_approval_item_list (kabi_005_approval_item_list)')",
                  "id": "@outputs('Create_approval_item')?['body/ID']",
                  "item/Status/Value": "Error"
                },
                "authentication": "@parameters('$authentication')"
              }
            },
            "Update_item_-_cadastro": {
              "runAfter": {
                "Update_item_-_approval_item": [
                  "Succeeded"
                ]
              },
              "metadata": {
                "operationMetadataId": "4e0a3d32-2ca9-42d2-bccd-143962944345"
              },
              "type": "OpenApiConnection",
              "inputs": {
                "host": {
                  "connectionName": "shared_sharepointonline_1",
                  "operationId": "PatchItem",
                  "apiId": "/providers/Microsoft.PowerApps/apis/shared_sharepointonline"
                },
                "parameters": {
                  "dataset": "@parameters('008_site_app (kabi_Site_app)')",
                  "table": "@parameters('008_cadastro_clientes (kabi_Cadastro_clientes)')",
                  "id": "@variables('id')",
                  "item/Status": "Erro"
                },
                "authentication": "@parameters('$authentication')"
              }
            },
            "Send_an_email_(V2)": {
              "runAfter": {
                "Update_item_-_cadastro": [
                  "Succeeded"
                ]
              },
              "metadata": {
                "operationMetadataId": "624b3b12-0636-4ae9-8e28-42be0edd962a"
              },
              "type": "OpenApiConnection",
              "inputs": {
                "host": {
                  "connectionName": "shared_office365",
                  "operationId": "SendEmailV2",
                  "apiId": "/providers/Microsoft.PowerApps/apis/shared_office365"
                },
                "parameters": {
                  "emailMessage/To": "@outputs('Create_approval_item')?['body/Owner/Email']",
                  "emailMessage/Subject": "Cadastro de Cliente - Fluxo de aprovação com erro - @{variables('id')}",
                  "emailMessage/Body": "<p>A ficha ID: @{variables('id')} está com algum aprovador faltando.<br>\n<br>\nRazão Social: @{outputs('Get_item')?['body/Raz_x00e3_o_x0020_Social']}</p>",
                  "emailMessage/Importance": "Normal"
                },
                "authentication": "@parameters('$authentication')"
              }
            },
            "Create_item_-_log_error": {
              "runAfter": {
                "Send_an_email_(V2)": [
                  "Succeeded"
                ]
              },
              "metadata": {
                "operationMetadataId": "59f2324c-b7f1-4b30-816f-ceb41e4f7322"
              },
              "type": "OpenApiConnection",
              "inputs": {
                "host": {
                  "connectionName": "shared_sharepointonline_1",
                  "operationId": "PostItem",
                  "apiId": "/providers/Microsoft.PowerApps/apis/shared_sharepointonline"
                },
                "parameters": {
                  "dataset": "@parameters('008_site_app (kabi_Site_app)')",
                  "table": "@parameters('008_log_cadastro_cliente (kabi_Log_cadastro_cliente)')",
                  "item/ApprovalID": "@variables('id')",
                  "item/Criadopor/Claims": "@outputs('Create_approval_item')?['body/Owner/Email']",
                  "item/Data": "@utcNow()",
                  "item/Agente": [
                    {
                      "Claims": "@outputs('Create_approval_item')?['body/Owner/Email']"
                    }
                  ],
                  "item/Coment_x00e1_rios": "A ficha ID: @{variables('id')} está com algum aprovador faltando.",
                  "item/A_x00e7__x00e3_o": "Erro"
                },
                "authentication": "@parameters('$authentication')"
              }
            }
          },
          "runAfter": {
            "Get_items_-_requests": [
              "Succeeded"
            ]
          },
          "else": {
            "actions": {
              "Update_item": {
                "runAfter": {},
                "metadata": {
                  "operationMetadataId": "5367e341-9c9d-4488-b596-595008192688"
                },
                "type": "OpenApiConnection",
                "inputs": {
                  "host": {
                    "connectionName": "shared_sharepointonline_1",
                    "operationId": "PatchItem",
                    "apiId": "/providers/Microsoft.PowerApps/apis/shared_sharepointonline"
                  },
                  "parameters": {
                    "dataset": "@parameters('008_site_app (kabi_Site_app)')",
                    "table": "@parameters('008_cadastro_clientes (kabi_Cadastro_clientes)')",
                    "id": "@variables('id')",
                    "item/Status": "Em aprovação"
                  },
                  "authentication": "@parameters('$authentication')"
                }
              },
              "Run_a_Child_Flow": {
                "runAfter": {
                  "Update_item": [
                    "Succeeded"
                  ]
                },
                "metadata": {
                  "operationMetadataId": "7dbf6eca-266f-45db-89ec-ce1e6291a027"
                },
                "type": "Workflow",
                "inputs": {
                  "host": {
                    "workflowReferenceName": "8c7b3757-f019-ed11-b83e-0022488181b3"
                  },
                  "body": {
                    "number": "@outputs('Create_approval_item')?['body/ID']"
                  }
                }
              }
            }
          },
          "expression": {
            "greaterOrEquals": [
              "@length(outputs('Get_items_-_requests')?['body/value'])",
              1
            ]
          },
          "metadata": {
            "operationMetadataId": "1a20951b-ff9d-4e42-a005-9a38de18137d"
          },
          "type": "If"
        },
        "Get_item": {
          "runAfter": {
            "Initialize_variable_-_cont": [
              "Succeeded"
            ]
          },
          "metadata": {
            "operationMetadataId": "bac7fa0e-fdce-4a55-9587-8c4ebe9064ac"
          },
          "type": "OpenApiConnection",
          "inputs": {
            "host": {
              "connectionName": "shared_sharepointonline_1",
              "operationId": "GetItem",
              "apiId": "/providers/Microsoft.PowerApps/apis/shared_sharepointonline"
            },
            "parameters": {
              "dataset": "@parameters('008_site_app (kabi_Site_app)')",
              "table": "@parameters('008_cadastro_clientes (kabi_Cadastro_clientes)')",
              "id": "@variables('id')"
            },
            "authentication": "@parameters('$authentication')"
          }
        },
        "Initialize_variable_-_id": {
          "runAfter": {},
          "metadata": {
            "operationMetadataId": "bc5d4805-8a9b-4870-97a0-0559302669a1"
          },
          "type": "InitializeVariable",
          "inputs": {
            "variables": [
              {
                "name": "id",
                "type": "integer",
                "value": "@triggerBody()['number']"
              }
            ]
          }
        }
      }
    },
    "templateName": ""
  },
  "schemaVersion": "1.0.0.0"
}