{
  "properties": {
    "connectionReferences": {
      "shared_sharepointonline": {
        "runtimeSource": "embedded",
        "connection": {
          "connectionReferenceLogicalName": "kabi_008_sharepoint"
        },
        "api": {
          "name": "shared_sharepointonline"
        }
      }
    },
    "definition": {
      "$schema": "https://schema.management.azure.com/providers/Microsoft.Logic/schemas/2016-06-01/workflowdefinition.json#",
      "contentVersion": "1.0.0.0",
      "parameters": {
        "$connections": {
          "defaultValue": {},
          "type": "Object"
        },
        "$authentication": {
          "defaultValue": {},
          "type": "SecureObject"
        },
        "005_approvals_site (kabi_005_approvals_site)": {
          "defaultValue": "https://fresenius.sharepoint.com/teams/Team-FK-Business-Application-BR-Dev",
          "type": "String",
          "metadata": {
            "schemaName": "kabi_005_approvals_site"
          }
        },
        "005_approval_item_list (kabi_005_approval_item_list)": {
          "defaultValue": "a9a2ee67-2d24-4a4e-b4ae-5f6391a65912",
          "type": "String",
          "metadata": {
            "schemaName": "kabi_005_approval_item_list"
          }
        },
        "005_approval_request_list (kabi_005_approval_request_list)": {
          "defaultValue": "d53b66fc-fdaa-4f00-8964-3e12c8a6de5d",
          "type": "String",
          "metadata": {
            "schemaName": "kabi_005_approval_request_list"
          }
        },
        "008_site_app (kabi_Site_app)": {
          "defaultValue": "https://fresenius.sharepoint.com/teams/Team-FK-Business-Application-BR-Dev",
          "type": "String",
          "metadata": {
            "schemaName": "kabi_Site_app"
          }
        },
        "008_cadastro_clientes (kabi_Cadastro_clientes)": {
          "defaultValue": "7d93dafe-1ccd-4e26-b0de-76c650b43508",
          "type": "String",
          "metadata": {
            "schemaName": "kabi_Cadastro_clientes"
          }
        }
      },
      "triggers": {
        "manual": {
          "metadata": {
            "operationMetadataId": "4158119c-084a-4985-89ee-15f9659451c9"
          },
          "type": "Request",
          "kind": "Button",
          "inputs": {
            "schema": {
              "type": "object",
              "properties": {
                "number": {
                  "title": "Approval item ID",
                  "type": "number",
                  "x-ms-dynamically-added": true,
                  "description": "Please enter a number",
                  "x-ms-content-hint": "NUMBER"
                }
              },
              "required": [
                "number"
              ]
            }
          }
        }
      },
      "actions": {
        "Get_item_-_approval_item": {
          "runAfter": {
            "Initialize_variable_-_status": [
              "Succeeded"
            ]
          },
          "metadata": {
            "operationMetadataId": "4e5a3c7f-f140-42da-ac0b-ae70aa674beb"
          },
          "type": "OpenApiConnection",
          "inputs": {
            "host": {
              "connectionName": "shared_sharepointonline",
              "operationId": "GetItem",
              "apiId": "/providers/Microsoft.PowerApps/apis/shared_sharepointonline"
            },
            "parameters": {
              "dataset": "@parameters('005_approvals_site (kabi_005_approvals_site)')",
              "table": "@parameters('005_approval_item_list (kabi_005_approval_item_list)')",
              "id": "@triggerBody()['number']"
            },
            "authentication": {
              "type": "Raw",
              "value": "@json(decodeBase64(triggerOutputs().headers['X-MS-APIM-Tokens']))['$ConnectionKey']"
            }
          }
        },
        "Get_items_-_approvals_request": {
          "runAfter": {
            "Get_item_-_approval_item": [
              "Succeeded"
            ]
          },
          "metadata": {
            "operationMetadataId": "a7fcd24e-a25e-4030-bee3-af8ab48c2a38"
          },
          "type": "OpenApiConnection",
          "inputs": {
            "host": {
              "connectionName": "shared_sharepointonline",
              "operationId": "GetItems",
              "apiId": "/providers/Microsoft.PowerApps/apis/shared_sharepointonline"
            },
            "parameters": {
              "dataset": "@parameters('005_approvals_site (kabi_005_approvals_site)')",
              "table": "@parameters('005_approval_request_list (kabi_005_approval_request_list)')",
              "$filter": "Approval_item_ID eq '@{triggerBody()['number']}'",
              "$orderby": "Sequence asc"
            },
            "authentication": {
              "type": "Raw",
              "value": "@json(decodeBase64(triggerOutputs().headers['X-MS-APIM-Tokens']))['$ConnectionKey']"
            }
          },
          "runtimeConfiguration": {
            "paginationPolicy": {
              "minimumItemCount": 100000
            }
          }
        },
        "Condition_-_requests": {
          "actions": {},
          "runAfter": {
            "Get_items_-_approvals_request": [
              "Succeeded"
            ]
          },
          "else": {
            "actions": {
              "Terminate": {
                "runAfter": {},
                "metadata": {
                  "operationMetadataId": "8396a81f-db75-4679-a4a9-b865738852a3"
                },
                "type": "Terminate",
                "inputs": {
                  "runStatus": "Failed",
                  "runError": {
                    "code": "404",
                    "message": "Requests does not exist"
                  }
                }
              }
            }
          },
          "expression": {
            "not": {
              "equals": [
                "@length(outputs('Get_items_-_approvals_request')?['body/value'])",
                0
              ]
            }
          },
          "metadata": {
            "operationMetadataId": "1894f7cf-d31c-41d4-937f-a249988fa528"
          },
          "type": "If"
        },
        "Initialize_variable_-_status": {
          "runAfter": {
            "Current_time": [
              "Succeeded"
            ]
          },
          "metadata": {
            "operationMetadataId": "6f05000c-c6b9-4790-8770-75c94de8762f"
          },
          "type": "InitializeVariable",
          "inputs": {
            "variables": [
              {
                "name": "status",
                "type": "string"
              }
            ]
          }
        },
        "filter": {
          "runAfter": {
            "Condition_-_requests": [
              "Succeeded"
            ]
          },
          "metadata": {
            "operationMetadataId": "765e648b-4765-47c2-bcba-24a92f7ba2f5"
          },
          "type": "Query",
          "inputs": {
            "from": "@outputs('Get_items_-_approvals_request')?['body/value']",
            "where": "@equals(item()?['State/Value'], 'Not started')"
          }
        },
        "Condition_-_not_started": {
          "actions": {},
          "runAfter": {
            "Apply_to_each": [
              "Succeeded"
            ]
          },
          "else": {
            "actions": {
              "Terminate_2": {
                "runAfter": {
                  "Run_a_Child_Flow": [
                    "Succeeded"
                  ]
                },
                "metadata": {
                  "operationMetadataId": "63448037-b524-4b2d-bc6e-53e18f378fe0"
                },
                "type": "Terminate",
                "inputs": {
                  "runStatus": "Succeeded"
                }
              },
              "Compose_-_first_not_started": {
                "runAfter": {},
                "metadata": {
                  "operationMetadataId": "451bb8c6-792a-42ec-b099-f0a2652d5f89"
                },
                "type": "Compose",
                "inputs": "@body('filter')[0]?['Id']"
              },
              "Run_a_Child_Flow": {
                "runAfter": {
                  "Compose_-_first_not_started": [
                    "Succeeded"
                  ]
                },
                "metadata": {
                  "operationMetadataId": "0ac0eba2-a0b5-43fb-81a6-5e0a331d9f5c"
                },
                "type": "Workflow",
                "inputs": {
                  "host": {
                    "workflowReferenceName": "a268e3bc-e218-ed11-b83e-0022488181b3"
                  },
                  "body": {
                    "number": "@outputs('Compose_-_first_not_started')",
                    "text": "@outputs('Get_item_-_approval_item')?['body/Project']"
                  }
                }
              }
            }
          },
          "expression": {
            "or": [
              {
                "equals": [
                  "@length(body('filter'))",
                  0
                ]
              },
              {
                "equals": [
                  "@variables('status')",
                  "Rejected"
                ]
              },
              {
                "equals": [
                  "@variables('status')",
                  "Canceled"
                ]
              }
            ]
          },
          "metadata": {
            "operationMetadataId": "68ec111d-3068-406e-9fb8-e775455525aa"
          },
          "type": "If"
        },
        "Update_item_-_approval_item": {
          "runAfter": {
            "Condition_-_not_started": [
              "Succeeded"
            ]
          },
          "metadata": {
            "operationMetadataId": "9dcec4fa-b0e0-413c-9209-4385a4fa74e3"
          },
          "type": "OpenApiConnection",
          "inputs": {
            "host": {
              "connectionName": "shared_sharepointonline",
              "operationId": "PatchItem",
              "apiId": "/providers/Microsoft.PowerApps/apis/shared_sharepointonline"
            },
            "parameters": {
              "dataset": "@parameters('005_approvals_site (kabi_005_approvals_site)')",
              "table": "@parameters('005_approval_item_list (kabi_005_approval_item_list)')",
              "id": "@triggerBody()['number']",
              "item/Status/Value": "@variables('status')",
              "item/Approver": [
                {
                  "Claims": "@null"
                }
              ],
              "item/Sequence": "@null",
              "item/Completion_date": "@body('Current_time')"
            },
            "authentication": {
              "type": "Raw",
              "value": "@json(decodeBase64(triggerOutputs().headers['X-MS-APIM-Tokens']))['$ConnectionKey']"
            }
          }
        },
        "Current_time": {
          "runAfter": {
            "Respond_to_a_PowerApp_or_flow": [
              "Succeeded"
            ]
          },
          "metadata": {
            "operationMetadataId": "0af5973b-46b5-4981-9518-f616b9f80221"
          },
          "type": "Expression",
          "kind": "CurrentTime",
          "inputs": {}
        },
        "Update_item_-_cadastro": {
          "runAfter": {
            "Update_item_-_approval_item": [
              "Succeeded"
            ]
          },
          "metadata": {
            "operationMetadataId": "9b6ddf1c-6ee0-4598-8d12-6ab575bbd7f2"
          },
          "type": "OpenApiConnection",
          "inputs": {
            "host": {
              "connectionName": "shared_sharepointonline",
              "operationId": "PatchItem",
              "apiId": "/providers/Microsoft.PowerApps/apis/shared_sharepointonline"
            },
            "parameters": {
              "dataset": "@parameters('008_site_app (kabi_Site_app)')",
              "table": "@parameters('008_cadastro_clientes (kabi_Cadastro_clientes)')",
              "id": "@outputs('Get_item_-_approval_item')?['body/Item_ID']",
              "item/Status": "@if(equals(variables('status'),'Approved'),'Aprovado',if(equals(variables('status'),'Rejected'),'Rejeitado','Cancelado'))"
            },
            "authentication": {
              "type": "Raw",
              "value": "@json(decodeBase64(triggerOutputs().headers['X-MS-APIM-Tokens']))['$ConnectionKey']"
            }
          }
        },
        "Respond_to_a_PowerApp_or_flow": {
          "runAfter": {},
          "metadata": {
            "operationMetadataId": "de0f58f2-d0ab-4cd9-a780-1f9b07c22ca8"
          },
          "type": "Response",
          "kind": "PowerApp",
          "inputs": {
            "statusCode": 200,
            "body": {},
            "schema": {
              "type": "object",
              "properties": {}
            }
          }
        },
        "Apply_to_each": {
          "foreach": "@outputs('Get_items_-_approvals_request')?['body/value']",
          "actions": {
            "Condition_-_if_rejected": {
              "actions": {
                "Set_variable_-_status": {
                  "runAfter": {},
                  "metadata": {
                    "operationMetadataId": "62b14f9e-5058-4099-a8e5-7d14e5351456"
                  },
                  "type": "SetVariable",
                  "inputs": {
                    "name": "status",
                    "value": "@items('Apply_to_each')?['Status/Value']"
                  }
                }
              },
              "runAfter": {},
              "expression": {
                "and": [
                  {
                    "not": {
                      "equals": [
                        "@variables('status')",
                        "Rejected"
                      ]
                    }
                  },
                  {
                    "not": {
                      "equals": [
                        "@variables('status')",
                        "Canceled"
                      ]
                    }
                  }
                ]
              },
              "metadata": {
                "operationMetadataId": "3f44c277-4359-45b6-8a28-426ab42ab7bf"
              },
              "type": "If"
            }
          },
          "runAfter": {
            "filter": [
              "Succeeded"
            ]
          },
          "metadata": {
            "operationMetadataId": "6f986c65-f5c4-4c69-a929-709acba9af81"
          },
          "type": "Foreach"
        },
        "Run_a_Child_Flow_2": {
          "runAfter": {
            "Update_item_-_cadastro": [
              "Succeeded"
            ]
          },
          "metadata": {
            "operationMetadataId": "952c2bbf-15c5-4544-97ca-1b02d9112027"
          },
          "type": "Workflow",
          "inputs": {
            "host": {
              "workflowReferenceName": "4b65bfbb-ca28-ed11-9db1-000d3a47372f"
            },
            "body": {
              "number": "@outputs('Get_item_-_approval_item')?['body/Item_ID']"
            },
            "retryPolicy": {
              "type": "none"
            }
          }
        }
      }
    },
    "templateName": ""
  },
  "schemaVersion": "1.0.0.0"
}