{
  "properties": {
    "connectionReferences": {
      "shared_sharepointonline_1": {
        "runtimeSource": "invoker",
        "connection": {
          "connectionReferenceLogicalName": "kabi_008_sharepoint"
        },
        "api": {
          "name": "shared_sharepointonline"
        }
      },
      "shared_office365": {
        "runtimeSource": "invoker",
        "connection": {
          "connectionReferenceLogicalName": "kabi_008_office365outlook"
        },
        "api": {
          "name": "shared_office365"
        }
      }
    },
    "definition": {
      "$schema": "https://schema.management.azure.com/providers/Microsoft.Logic/schemas/2016-06-01/workflowdefinition.json#",
      "contentVersion": "1.0.0.0",
      "parameters": {
        "$connections": {
          "defaultValue": {},
          "type": "Object"
        },
        "$authentication": {
          "defaultValue": {},
          "type": "SecureObject"
        },
        "008_site_app (kabi_Site_app)": {
          "defaultValue": "https://fresenius.sharepoint.com/teams/Team-FK-BR-Cadastros-CadastrodeClientes",
          "type": "String",
          "metadata": {
            "schemaName": "kabi_Site_app"
          }
        },
        "008_cadastro_clientes (kabi_Cadastro_clientes)": {
          "defaultValue": "cb05c1bf-bb42-4fda-8056-e2b97356010d",
          "type": "String",
          "metadata": {
            "schemaName": "kabi_Cadastro_clientes"
          }
        },
        "008_log_cadastro_cliente (kabi_Log_cadastro_cliente)": {
          "defaultValue": "336a87f6-15ac-4df6-bd5e-21ebee0f4806",
          "type": "String",
          "metadata": {
            "schemaName": "kabi_Log_cadastro_cliente"
          }
        }
      },
      "triggers": {
        "manual": {
          "metadata": {
            "operationMetadataId": "71fe9f86-e7be-4010-82d4-c554c8670602"
          },
          "type": "Request",
          "kind": "PowerAppV2",
          "inputs": {
            "schema": {
              "type": "object",
              "properties": {
                "text": {
                  "title": "Item",
                  "type": "string",
                  "x-ms-dynamically-added": true,
                  "description": "Please enter your input",
                  "x-ms-content-hint": "TEXT"
                }
              },
              "required": [
                "text"
              ]
            }
          }
        }
      },
      "actions": {
        "Compose_-_item": {
          "runAfter": {},
          "metadata": {
            "operationMetadataId": "9c195490-d11d-41d9-acc3-d566ca203cef"
          },
          "type": "Compose",
          "inputs": "@triggerBody()['text']"
        },
        "Parse_JSON_-_item": {
          "runAfter": {
            "Compose_-_item": [
              "Succeeded"
            ]
          },
          "metadata": {
            "operationMetadataId": "690ad81f-6912-4108-85da-76d6a1c88042"
          },
          "type": "ParseJson",
          "inputs": {
            "content": "@outputs('Compose_-_item')",
            "schema": {
              "type": "object",
              "properties": {
                "Anexos": {
                  "type": "array",
                  "items": {
                    "type": "object",
                    "properties": {
                      "Name": {
                        "type": "string"
                      },
                      "Base64": {
                        "type": "string"
                      }
                    },
                    "required": [
                      "Name",
                      "Base64"
                    ]
                  }
                },
                "Ação": {
                  "type": "string"
                },
                "Comentários": {
                  "type": "string"
                },
                "Criado_por": {
                  "type": "string"
                },
                "Data": {
                  "type": "string"
                },
                "Ficha_ID": {
                  "type": "integer"
                },
                "Para": {
                  "type": [
                    "array",
                    "null"
                  ],
                  "items": {
                    "type": "object",
                    "properties": {
                      "Mail": {
                        "type": "string"
                      }
                    },
                    "required": [
                      "Mail"
                    ]
                  }
                }
              }
            }
          }
        },
        "Scope_-_create_comment": {
          "actions": {
            "Create_item_-_comment": {
              "runAfter": {},
              "metadata": {
                "operationMetadataId": "5210919b-b846-49a9-bf92-2f3d75b5de79"
              },
              "type": "OpenApiConnection",
              "inputs": {
                "host": {
                  "connectionName": "shared_sharepointonline_1",
                  "operationId": "PostItem",
                  "apiId": "/providers/Microsoft.PowerApps/apis/shared_sharepointonline"
                },
                "parameters": {
                  "dataset": "@parameters('008_site_app (kabi_Site_app)')",
                  "table": "@parameters('008_log_cadastro_cliente (kabi_Log_cadastro_cliente)')",
                  "item/ApprovalID": "@body('Parse_JSON_-_item')?['Ficha_ID']",
                  "item/Criadopor/Claims": "@body('Parse_JSON_-_item')?['Criado_por']",
                  "item/Data": "@body('Parse_JSON_-_item')?['Data']",
                  "item/Agente": [
                    {
                      "Claims": "@body('Parse_JSON_-_item')?['Criado_por']"
                    }
                  ],
                  "item/Coment_x00e1_rios": "@body('Parse_JSON_-_item')?['Comentários']",
                  "item/A_x00e7__x00e3_o": "@body('Parse_JSON_-_item')?['Ação']",
                  "item/Para": "@variables('para')"
                },
                "authentication": "@parameters('$authentication')"
              }
            },
            "Apply_to_each": {
              "foreach": "@body('Parse_JSON_-_item')?['Anexos']",
              "actions": {
                "Add_attachment": {
                  "runAfter": {},
                  "metadata": {
                    "operationMetadataId": "8a4e61fb-77c4-4593-b5d0-38b31046bb6a"
                  },
                  "type": "OpenApiConnection",
                  "inputs": {
                    "host": {
                      "connectionName": "shared_sharepointonline_1",
                      "operationId": "CreateAttachment",
                      "apiId": "/providers/Microsoft.PowerApps/apis/shared_sharepointonline"
                    },
                    "parameters": {
                      "dataset": "@parameters('008_site_app (kabi_Site_app)')",
                      "table": "@parameters('008_log_cadastro_cliente (kabi_Log_cadastro_cliente)')",
                      "itemId": "@outputs('Create_item_-_comment')?['body/ID']",
                      "displayName": "@item()?['Name']",
                      "body": "@base64ToBinary(item()?['Base64'])"
                    },
                    "authentication": "@parameters('$authentication')"
                  }
                }
              },
              "runAfter": {
                "Create_item_-_comment": [
                  "Succeeded"
                ]
              },
              "metadata": {
                "operationMetadataId": "655172b4-972a-4cba-bb3f-3c9031a60c54"
              },
              "type": "Foreach"
            }
          },
          "runAfter": {
            "Set_variable_-_item_link": [
              "Succeeded"
            ]
          },
          "metadata": {
            "operationMetadataId": "055b741b-3c44-44a9-a676-260ab9ae8d35"
          },
          "type": "Scope"
        },
        "Get_item_-_Ficha": {
          "runAfter": {
            "Para_not_equal_to_null": [
              "Succeeded"
            ]
          },
          "metadata": {
            "operationMetadataId": "5116b873-f3d3-4fc1-9e96-dd3fc94aa833"
          },
          "type": "OpenApiConnection",
          "inputs": {
            "host": {
              "connectionName": "shared_sharepointonline_1",
              "operationId": "GetItem",
              "apiId": "/providers/Microsoft.PowerApps/apis/shared_sharepointonline"
            },
            "parameters": {
              "dataset": "@parameters('008_site_app (kabi_Site_app)')",
              "table": "@parameters('008_cadastro_clientes (kabi_Cadastro_clientes)')",
              "id": "@body('Parse_JSON_-_item')?['Ficha_ID']"
            },
            "authentication": "@parameters('$authentication')"
          }
        },
        "Initialize_variable_-_para": {
          "runAfter": {
            "Parse_JSON_-_item": [
              "Succeeded"
            ]
          },
          "metadata": {
            "operationMetadataId": "8f2869c1-c0d4-4aaf-a240-1f33dbd8bba3"
          },
          "type": "InitializeVariable",
          "inputs": {
            "variables": [
              {
                "name": "para",
                "type": "array"
              }
            ]
          }
        },
        "Scope_-_notifications": {
          "actions": {
            "Send_an_email_(V2)_2": {
              "runAfter": {
                "if_mention_true": [
                  "Succeeded"
                ]
              },
              "metadata": {
                "operationMetadataId": "69249bc1-58a6-4468-b88f-857224f65a2d"
              },
              "type": "OpenApiConnection",
              "inputs": {
                "host": {
                  "connectionName": "shared_office365",
                  "operationId": "SendEmailV2",
                  "apiId": "/providers/Microsoft.PowerApps/apis/shared_office365"
                },
                "parameters": {
                  "emailMessage/To": "@outputs('Get_item_-_Ficha')?['body/Author/Email']",
                  "emailMessage/Subject": "Cadastro de Cliente - Comentário adicionado na ficha: @{body('Parse_JSON_-_item')?['Ficha_ID']}",
                  "emailMessage/Body": "<p>Um comentário foi adicionado a ficha: @{outputs('Get_item_-_Ficha')?['body/ID']};<br>\n<br>\n@{outputs('Create_item_-_comment')?['body/Criadopor/DisplayName']}:<br>\n<br>\n\"@{outputs('Create_item_-_comment')?['body/Coment_x00e1_rios']}\".<br>\n<br>\n@{variables('item_link')}<br>\n<br>\n@{body('Convert_time_zone')}</p>",
                  "emailMessage/Importance": "Normal"
                },
                "authentication": "@parameters('$authentication')"
              }
            },
            "Convert_time_zone": {
              "runAfter": {},
              "metadata": {
                "operationMetadataId": "e87cf18c-7f30-49bb-acf8-ec60cdfc5006"
              },
              "type": "Expression",
              "kind": "ConvertTimeZone",
              "inputs": {
                "baseTime": "@outputs('Create_item_-_comment')?['body/Created']",
                "formatString": "dd/MM/yyyy HH:mm",
                "sourceTimeZone": "Dateline Standard Time",
                "destinationTimeZone": "E. South America Standard Time"
              }
            },
            "if_mention_true": {
              "actions": {
                "Apply_to_each_3": {
                  "foreach": "@variables('para')",
                  "actions": {
                    "Append_to_string_variable_-_notifications": {
                      "runAfter": {},
                      "metadata": {
                        "operationMetadataId": "72d99c01-8091-400e-aa10-e25444cf7c1e"
                      },
                      "type": "AppendToStringVariable",
                      "inputs": {
                        "name": "notifications",
                        "value": "@{Item()?['Claims']};"
                      }
                    }
                  },
                  "runAfter": {},
                  "metadata": {
                    "operationMetadataId": "56108fec-cd14-4e34-a3d6-98e46605ebdf"
                  },
                  "type": "Foreach"
                },
                "Send_an_email_(V2)": {
                  "runAfter": {
                    "Apply_to_each_3": [
                      "Succeeded"
                    ]
                  },
                  "metadata": {
                    "operationMetadataId": "0b9ba2d7-7aa3-4bcc-a0fd-15a2a7f44a47"
                  },
                  "type": "OpenApiConnection",
                  "inputs": {
                    "host": {
                      "connectionName": "shared_office365",
                      "operationId": "SendEmailV2",
                      "apiId": "/providers/Microsoft.PowerApps/apis/shared_office365"
                    },
                    "parameters": {
                      "emailMessage/To": "@variables('notifications')",
                      "emailMessage/Subject": "@{outputs('Create_item_-_comment')?['body/Criadopor/DisplayName']} mencionou você na ficha: @{body('Parse_JSON_-_item')?['Ficha_ID']}",
                      "emailMessage/Body": "<p>Um comentário foi adicionado a ficha: @{outputs('Create_item_-_comment')?['body/ApprovalID']};<br>\n<br>\n@{outputs('Create_item_-_comment')?['body/Criadopor/DisplayName']}:<br>\n<br>\n\"@{outputs('Create_item_-_comment')?['body/Coment_x00e1_rios']}\".<br>\n<br>\n@{variables('item_link')}<br>\n<br>\n@{body('Convert_time_zone')}</p>",
                      "emailMessage/Importance": "Normal"
                    },
                    "authentication": "@parameters('$authentication')"
                  }
                }
              },
              "runAfter": {
                "Convert_time_zone": [
                  "Succeeded"
                ]
              },
              "expression": {
                "greater": [
                  "@length(variables('para'))",
                  0
                ]
              },
              "metadata": {
                "operationMetadataId": "bbe47828-cf7c-41d8-85bb-a6db109b96f8"
              },
              "type": "If"
            }
          },
          "runAfter": {
            "Scope_-_create_comment": [
              "Succeeded"
            ]
          },
          "metadata": {
            "operationMetadataId": "37e13815-7c44-4059-9390-370445f352f5"
          },
          "type": "Scope"
        },
        "Initialize_variable_-_notifications": {
          "runAfter": {
            "Initialize_variable_-_para": [
              "Succeeded"
            ]
          },
          "metadata": {
            "operationMetadataId": "a4b31743-900b-453d-9b77-fd68dc942d33"
          },
          "type": "InitializeVariable",
          "inputs": {
            "variables": [
              {
                "name": "notifications",
                "type": "string"
              }
            ]
          }
        },
        "Initialize_variable_-_item_link": {
          "runAfter": {
            "Initialize_variable_-_notifications": [
              "Succeeded"
            ]
          },
          "metadata": {
            "operationMetadataId": "aeadd523-38eb-4576-aea7-1ed6720fa8af"
          },
          "type": "InitializeVariable",
          "inputs": {
            "variables": [
              {
                "name": "item_link",
                "type": "string"
              }
            ]
          }
        },
        "Set_variable_-_item_link": {
          "runAfter": {
            "Get_item_-_Ficha": [
              "Succeeded"
            ]
          },
          "metadata": {
            "operationMetadataId": "63c16965-ec7d-4194-af20-f9bdafda8cd4"
          },
          "type": "SetVariable",
          "inputs": {
            "name": "item_link",
            "value": "<a href=\"https://apps.powerapps.com/play/3ee05486-026b-40af-ae55-db04a7ac98d0?tenantId=c98df534-5e36-459a-ac3f-8c2e449863bd?Item_ID=@{outputs('Get_item_-_Ficha')?['body/ID']}\">Clique aqui para visualizar a ficha</a>"
          }
        },
        "Para_not_equal_to_null": {
          "actions": {
            "Apply_to_each_2": {
              "foreach": "@body('Parse_JSON_-_item')?['Para']",
              "actions": {
                "Append_to_array_variable_-_para": {
                  "runAfter": {},
                  "metadata": {
                    "operationMetadataId": "93e63f8e-5305-41d3-a8f1-b73043a63022"
                  },
                  "type": "AppendToArrayVariable",
                  "inputs": {
                    "name": "para",
                    "value": {
                      "Claims": "@item()?['Mail']"
                    }
                  }
                }
              },
              "runAfter": {},
              "metadata": {
                "operationMetadataId": "53e8a8d6-39af-4076-b5f7-0255fda38945"
              },
              "type": "Foreach"
            }
          },
          "runAfter": {
            "Initialize_variable_-_item_link": [
              "Succeeded"
            ]
          },
          "expression": {
            "not": {
              "equals": [
                "@body('Parse_JSON_-_item')?['Para']",
                "@null"
              ]
            }
          },
          "metadata": {
            "operationMetadataId": "db08adc3-03c7-4cea-8a06-ba9d9be83e99"
          },
          "type": "If"
        }
      }
    },
    "templateName": ""
  },
  "schemaVersion": "1.0.0.0"
}