{
  "properties": {
    "connectionReferences": {
      "shared_sharepointonline_1": {
        "runtimeSource": "invoker",
        "connection": {
          "connectionReferenceLogicalName": "kabi_008_sharepoint"
        },
        "api": {
          "name": "shared_sharepointonline"
        }
      }
    },
    "definition": {
      "$schema": "https://schema.management.azure.com/providers/Microsoft.Logic/schemas/2016-06-01/workflowdefinition.json#",
      "contentVersion": "1.0.0.0",
      "parameters": {
        "$connections": {
          "defaultValue": {},
          "type": "Object"
        },
        "$authentication": {
          "defaultValue": {},
          "type": "SecureObject"
        },
        "008_site_app (kabi_Site_app)": {
          "defaultValue": "https://fresenius.sharepoint.com/teams/Team-FK-BR-Cadastros-CadastrodeClientes",
          "type": "String",
          "metadata": {
            "schemaName": "kabi_Site_app"
          }
        },
        "008_cadastro_clientes (kabi_Cadastro_clientes)": {
          "defaultValue": "cb05c1bf-bb42-4fda-8056-e2b97356010d",
          "type": "String",
          "metadata": {
            "schemaName": "kabi_Cadastro_clientes"
          }
        },
        "008_log_cadastro_cliente (kabi_Log_cadastro_cliente)": {
          "defaultValue": "336a87f6-15ac-4df6-bd5e-21ebee0f4806",
          "type": "String",
          "metadata": {
            "schemaName": "kabi_Log_cadastro_cliente"
          }
        }
      },
      "triggers": {
        "manual": {
          "metadata": {
            "operationMetadataId": "8c0c4ac4-d392-43e2-8d41-a50f4287e5b4"
          },
          "type": "Request",
          "kind": "PowerAppV2",
          "inputs": {
            "schema": {
              "type": "object",
              "properties": {
                "text": {
                  "title": "object",
                  "type": "string",
                  "x-ms-dynamically-added": true,
                  "description": "Please enter your input",
                  "x-ms-content-hint": "TEXT"
                }
              },
              "required": [
                "text"
              ]
            }
          }
        }
      },
      "actions": {
        "Update_item": {
          "runAfter": {
            "Parse_JSON": [
              "Succeeded"
            ]
          },
          "metadata": {
            "operationMetadataId": "59de3dd2-40a6-46c8-ad5c-86bd916e92ae"
          },
          "type": "OpenApiConnection",
          "inputs": {
            "host": {
              "connectionName": "shared_sharepointonline_1",
              "operationId": "PatchItem",
              "apiId": "/providers/Microsoft.PowerApps/apis/shared_sharepointonline"
            },
            "parameters": {
              "dataset": "@parameters('008_site_app (kabi_Site_app)')",
              "table": "@parameters('008_cadastro_clientes (kabi_Cadastro_clientes)')",
              "id": "@body('Parse_JSON')?['ID']",
              "item/Status": "Novo"
            },
            "authentication": "@parameters('$authentication')"
          }
        },
        "Create_item": {
          "runAfter": {
            "Update_item": [
              "Succeeded"
            ]
          },
          "metadata": {
            "operationMetadataId": "3aca998e-f370-4f66-84c7-2b244720ead5"
          },
          "type": "OpenApiConnection",
          "inputs": {
            "host": {
              "connectionName": "shared_sharepointonline_1",
              "operationId": "PostItem",
              "apiId": "/providers/Microsoft.PowerApps/apis/shared_sharepointonline"
            },
            "parameters": {
              "dataset": "@parameters('008_site_app (kabi_Site_app)')",
              "table": "@parameters('008_log_cadastro_cliente (kabi_Log_cadastro_cliente)')",
              "item/ApprovalID": "@outputs('Update_item')?['body/ID']",
              "item/Criadopor/Claims": "@body('Parse_JSON')?['Criado por']",
              "item/Data": "@utcNow()",
              "item/Agente": [
                {
                  "Claims": "@body('Parse_JSON')?['Criado por']"
                }
              ],
              "item/Coment_x00e1_rios": "Indisponivel",
              "item/A_x00e7__x00e3_o": "Recuperação"
            },
            "authentication": "@parameters('$authentication')"
          }
        },
        "Parse_JSON": {
          "runAfter": {
            "Compose": [
              "Succeeded"
            ]
          },
          "metadata": {
            "operationMetadataId": "22f9c8a9-f7d2-4acc-ae51-ff868a34f94a"
          },
          "type": "ParseJson",
          "inputs": {
            "content": "@outputs('Compose')",
            "schema": {
              "type": "object",
              "properties": {
                "ID": {
                  "type": "integer"
                },
                "Criado por": {
                  "type": "string"
                }
              }
            }
          }
        },
        "Compose": {
          "runAfter": {},
          "metadata": {
            "operationMetadataId": "05d06344-4951-47b9-9eed-8e7687855036"
          },
          "type": "Compose",
          "inputs": "@triggerBody()['text']"
        }
      }
    },
    "templateName": ""
  },
  "schemaVersion": "1.0.0.0"
}