{
  "properties": {
    "connectionReferences": {
      "shared_sharepointonline": {
        "runtimeSource": "embedded",
        "connection": {
          "connectionReferenceLogicalName": "kabi_008_sharepoint"
        },
        "api": {
          "name": "shared_sharepointonline"
        }
      },
      "shared_approvals_1": {
        "runtimeSource": "embedded",
        "connection": {
          "connectionReferenceLogicalName": "kabi_008_approvals"
        },
        "api": {
          "name": "shared_approvals"
        }
      },
      "shared_office365_1": {
        "runtimeSource": "embedded",
        "connection": {
          "connectionReferenceLogicalName": "kabi_008_office365outlook"
        },
        "api": {
          "name": "shared_office365"
        }
      }
    },
    "definition": {
      "$schema": "https://schema.management.azure.com/providers/Microsoft.Logic/schemas/2016-06-01/workflowdefinition.json#",
      "contentVersion": "1.0.0.0",
      "parameters": {
        "$connections": {
          "defaultValue": {},
          "type": "Object"
        },
        "$authentication": {
          "defaultValue": {},
          "type": "SecureObject"
        },
        "005_approvals_site (kabi_005_approvals_site)": {
          "defaultValue": "https://fresenius.sharepoint.com/teams/Team-FK-Business-Application-BR-Dev",
          "type": "String",
          "metadata": {
            "schemaName": "kabi_005_approvals_site"
          }
        },
        "005_approval_item_list (kabi_005_approval_item_list)": {
          "defaultValue": "a9a2ee67-2d24-4a4e-b4ae-5f6391a65912",
          "type": "String",
          "metadata": {
            "schemaName": "kabi_005_approval_item_list"
          }
        },
        "005_approval_request_list (kabi_005_approval_request_list)": {
          "defaultValue": "d53b66fc-fdaa-4f00-8964-3e12c8a6de5d",
          "type": "String",
          "metadata": {
            "schemaName": "kabi_005_approval_request_list"
          }
        },
        "005_approval_response_list (kabi_005_approval_response_list)": {
          "defaultValue": "bc3435b0-7334-4ca4-90dc-646468e6e608",
          "type": "String",
          "metadata": {
            "schemaName": "kabi_005_approval_response_list"
          }
        },
        "008_site_app (kabi_Site_app)": {
          "defaultValue": "https://fresenius.sharepoint.com/teams/Team-FK-Business-Application-BR-Dev",
          "type": "String",
          "metadata": {
            "schemaName": "kabi_Site_app"
          }
        },
        "008_log_cadastro_cliente (kabi_Log_cadastro_cliente)": {
          "defaultValue": "eda37c8c-4a18-444e-812c-a5f9bd3f6be3",
          "type": "String",
          "metadata": {
            "schemaName": "kabi_Log_cadastro_cliente"
          }
        }
      },
      "triggers": {
        "manual": {
          "metadata": {
            "operationMetadataId": "34e02955-6488-4498-be77-918b4c8c68aa"
          },
          "type": "Request",
          "kind": "Button",
          "inputs": {
            "schema": {
              "type": "object",
              "properties": {
                "number": {
                  "title": "ID request",
                  "type": "number",
                  "x-ms-dynamically-added": true,
                  "description": "Please enter a number",
                  "x-ms-content-hint": "NUMBER"
                },
                "text": {
                  "title": "Project",
                  "type": "string",
                  "x-ms-dynamically-added": true,
                  "description": "Please enter your input",
                  "x-ms-content-hint": "TEXT"
                }
              },
              "required": [
                "number",
                "text"
              ]
            }
          }
        }
      },
      "actions": {
        "Initialize_variable_-_approvers_array": {
          "runAfter": {
            "Initialize_variable_-_approve_response_object": [
              "Succeeded"
            ]
          },
          "metadata": {
            "operationMetadataId": "5f6c9ed8-65e1-42ee-af07-cc0b12845bba"
          },
          "type": "InitializeVariable",
          "inputs": {
            "variables": [
              {
                "name": "approvers_array",
                "type": "array"
              }
            ]
          }
        },
        "Initialize_variable_-_approval_request_object": {
          "runAfter": {
            "Respond_to_a_PowerApp_or_flow": [
              "Succeeded"
            ]
          },
          "metadata": {
            "operationMetadataId": "5c95dca7-6532-44c5-a20b-3a3919c7b32a"
          },
          "type": "InitializeVariable",
          "inputs": {
            "variables": [
              {
                "name": "request",
                "type": "object"
              }
            ]
          }
        },
        "Scope_-_set_approval_request_object": {
          "actions": {
            "Get_item_-_request": {
              "runAfter": {},
              "metadata": {
                "operationMetadataId": "75cf3845-8edc-4931-81c7-59f0fb419011"
              },
              "type": "OpenApiConnection",
              "inputs": {
                "host": {
                  "connectionName": "shared_sharepointonline",
                  "operationId": "GetItem",
                  "apiId": "/providers/Microsoft.PowerApps/apis/shared_sharepointonline"
                },
                "parameters": {
                  "dataset": "@parameters('005_approvals_site (kabi_005_approvals_site)')",
                  "table": "@parameters('005_approval_request_list (kabi_005_approval_request_list)')",
                  "id": "@triggerBody()['number']"
                },
                "authentication": {
                  "type": "Raw",
                  "value": "@json(decodeBase64(triggerOutputs().headers['X-MS-APIM-Tokens']))['$ConnectionKey']"
                }
              }
            },
            "Get_item_-_approval_item": {
              "runAfter": {
                "Get_item_-_request": [
                  "Succeeded"
                ]
              },
              "metadata": {
                "operationMetadataId": "4ed2ad4f-f414-457d-b80e-eddf58edb7cf"
              },
              "type": "OpenApiConnection",
              "inputs": {
                "host": {
                  "connectionName": "shared_sharepointonline",
                  "operationId": "GetItem",
                  "apiId": "/providers/Microsoft.PowerApps/apis/shared_sharepointonline"
                },
                "parameters": {
                  "dataset": "@parameters('005_approvals_site (kabi_005_approvals_site)')",
                  "table": "@parameters('005_approval_item_list (kabi_005_approval_item_list)')",
                  "id": "@outputs('Get_item_-_request')?['body/Approval_item_ID']"
                },
                "authentication": {
                  "type": "Raw",
                  "value": "@json(decodeBase64(triggerOutputs().headers['X-MS-APIM-Tokens']))['$ConnectionKey']"
                }
              }
            },
            "Apply_to_each_-_approvers": {
              "foreach": "@outputs('Get_item_-_request')?['body/Approvers']",
              "actions": {
                "Append_to_array_variable_-_approvers_array": {
                  "runAfter": {},
                  "metadata": {
                    "operationMetadataId": "356598d9-0b5c-4f88-9962-2536a116e064"
                  },
                  "type": "AppendToArrayVariable",
                  "inputs": {
                    "name": "approvers_array",
                    "value": {
                      "Claims": "@items('Apply_to_each_-_approvers')?['Email']"
                    }
                  }
                }
              },
              "runAfter": {
                "Get_item_-_approval_item": [
                  "Succeeded"
                ]
              },
              "metadata": {
                "operationMetadataId": "259906f0-d5f3-45a5-84c4-3bb24868a1ac"
              },
              "type": "Foreach"
            },
            "Select": {
              "runAfter": {
                "Apply_to_each_-_approvers": [
                  "Succeeded"
                ]
              },
              "metadata": {
                "operationMetadataId": "a8b1edd1-d4b8-4ed3-b2fa-52b6025cf39e"
              },
              "type": "Select",
              "inputs": {
                "from": "@outputs('Get_item_-_request')?['body/Approvers']",
                "select": "@item()?['Email']"
              }
            },
            "Join": {
              "runAfter": {
                "Select": [
                  "Succeeded"
                ]
              },
              "metadata": {
                "operationMetadataId": "b5be46fc-ab0c-4c2b-8db5-533ef56e43c7"
              },
              "type": "Join",
              "inputs": {
                "from": "@body('Select')",
                "joinWith": ";"
              }
            },
            "Set_variable_-_approval_request_object": {
              "runAfter": {
                "Join": [
                  "Succeeded"
                ]
              },
              "metadata": {
                "operationMetadataId": "4ecb28a3-b0d2-4411-a55b-02bcf23bb71e"
              },
              "type": "SetVariable",
              "inputs": {
                "name": "request",
                "value": {
                  "Title": "@outputs('Get_item_-_request')?['body/Title']",
                  "Description": "@outputs('Get_item_-_approval_item')?['body/Description']",
                  "Owner": "@outputs('Get_item_-_request')?['body/Owner/Email']",
                  "Approvers": "@body('Join')",
                  "Type": "@outputs('Get_item_-_request')?['body/Approval_type/Value']"
                }
              }
            },
            "Parse_JSON_-_request": {
              "runAfter": {
                "Set_variable_-_approval_request_object": [
                  "Succeeded"
                ]
              },
              "metadata": {
                "operationMetadataId": "960ee75b-0d05-4207-96d3-85a7de611906"
              },
              "type": "ParseJson",
              "inputs": {
                "content": "@variables('request')",
                "schema": {
                  "type": "object",
                  "properties": {
                    "Title": {
                      "type": "string"
                    },
                    "Description": {
                      "type": "string"
                    },
                    "Owner": {
                      "type": "string"
                    },
                    "Approvers": {
                      "type": "string"
                    },
                    "Type": {
                      "type": "string"
                    }
                  }
                }
              }
            }
          },
          "runAfter": {
            "Scope_-_workflow": [
              "Succeeded"
            ]
          },
          "metadata": {
            "operationMetadataId": "0fbf6ae2-1792-44d9-a366-aaf105c6219f"
          },
          "type": "Scope"
        },
        "Initialize_variable_-_workflow": {
          "runAfter": {
            "Initialize_variable_-_approvers_array": [
              "Succeeded"
            ]
          },
          "metadata": {
            "operationMetadataId": "a29926c3-3c5b-408e-bc44-2f4b50c3a28c"
          },
          "type": "InitializeVariable",
          "inputs": {
            "variables": [
              {
                "name": "workflow",
                "type": "string"
              }
            ]
          }
        },
        "Scope_-_workflow": {
          "actions": {
            "Compose_-_workflow": {
              "runAfter": {},
              "metadata": {
                "operationMetadataId": "f3a0aefb-5382-4518-8f69-d7c14b397b18"
              },
              "type": "Compose",
              "inputs": "@workflow()"
            },
            "Parse_JSON_-_workflow": {
              "runAfter": {
                "Compose_-_workflow": [
                  "Succeeded"
                ]
              },
              "metadata": {
                "operationMetadataId": "70f22b6c-2ccb-4645-a488-27093594b4ae"
              },
              "type": "ParseJson",
              "inputs": {
                "content": "@outputs('Compose_-_workflow')",
                "schema": {
                  "type": "object",
                  "properties": {
                    "id": {
                      "type": "string"
                    },
                    "name": {
                      "type": "string"
                    },
                    "type": {
                      "type": "string"
                    },
                    "location": {
                      "type": "string"
                    },
                    "tags": {
                      "type": "object",
                      "properties": {
                        "flowDisplayName": {
                          "type": "string"
                        },
                        "environmentName": {
                          "type": "string"
                        },
                        "logicAppName": {
                          "type": "string"
                        },
                        "environmentFlowSuspensionReason": {
                          "type": "string"
                        }
                      }
                    },
                    "run": {
                      "type": "object",
                      "properties": {
                        "id": {
                          "type": "string"
                        },
                        "name": {
                          "type": "string"
                        },
                        "type": {
                          "type": "string"
                        }
                      }
                    }
                  }
                }
              }
            },
            "Set_variable_-_workflow": {
              "runAfter": {
                "Parse_JSON_-_workflow": [
                  "Succeeded"
                ]
              },
              "metadata": {
                "operationMetadataId": "523719dd-fd1a-4083-9e96-74519cc0aa00"
              },
              "type": "SetVariable",
              "inputs": {
                "name": "workflow",
                "value": "https://make.powerautomate.com/manage/environments/@{body('Parse_JSON_-_workflow')?['tags']?['environmentName']}/flows/@{body('Parse_JSON_-_workflow')?['tags']?['logicAppName']}/runs/@{body('Parse_JSON_-_workflow')?['run']?['name']}"
              }
            }
          },
          "runAfter": {
            "Initialize_variable_-_response": [
              "Succeeded"
            ]
          },
          "metadata": {
            "operationMetadataId": "cd006fe7-cd5c-4fff-8b52-147269e8ba04"
          },
          "type": "Scope"
        },
        "Switch": {
          "runAfter": {
            "Scope_-_set_approval_request_object": [
              "Succeeded"
            ]
          },
          "cases": {
            "Case": {
              "case": "basic",
              "actions": {
                "Create_an_approval_-_basic": {
                  "runAfter": {},
                  "type": "OpenApiConnection",
                  "inputs": {
                    "host": {
                      "connectionName": "shared_approvals_1",
                      "operationId": "CreateAnApproval",
                      "apiId": "/providers/Microsoft.PowerApps/apis/shared_approvals"
                    },
                    "parameters": {
                      "approvalType": "Basic",
                      "ApprovalCreationInput/title": "@body('Parse_JSON_-_request')?['Title']",
                      "ApprovalCreationInput/assignedTo": "@{body('Parse_JSON_-_request')?['Approvers']};",
                      "ApprovalCreationInput/details": "@body('Parse_JSON_-_request')?['Description']",
                      "ApprovalCreationInput/itemLink": "@outputs('Get_item_-_approval_item')?['body/Link_to_item']",
                      "ApprovalCreationInput/itemLinkDescription": "Link para o item",
                      "ApprovalCreationInput/requestor": "@{body('Parse_JSON_-_request')?['Owner']};",
                      "ApprovalCreationInput/enableNotifications": true,
                      "ApprovalCreationInput/enableReassignment": true
                    },
                    "authentication": {
                      "type": "Raw",
                      "value": "@json(decodeBase64(triggerOutputs().headers['X-MS-APIM-Tokens']))['$ConnectionKey']"
                    }
                  }
                },
                "Set_variable_-_approval_response_object": {
                  "runAfter": {
                    "Create_an_approval_-_basic": [
                      "Succeeded"
                    ]
                  },
                  "type": "SetVariable",
                  "inputs": {
                    "name": "approval_response_object",
                    "value": {
                      "Request date": "@outputs('Create_an_approval_-_basic')?['body/requestDate']",
                      "Respond link": "@outputs('Create_an_approval_-_basic')?['body/respondLink']",
                      "Approval ID": "@outputs('Create_an_approval_-_basic')?['body/name']"
                    }
                  }
                }
              }
            },
            "Case_2": {
              "case": "basicawaitall",
              "actions": {
                "Create_an_approval_-_basicawaitall": {
                  "runAfter": {},
                  "type": "OpenApiConnection",
                  "inputs": {
                    "host": {
                      "connectionName": "shared_approvals_1",
                      "operationId": "CreateAnApproval",
                      "apiId": "/providers/Microsoft.PowerApps/apis/shared_approvals"
                    },
                    "parameters": {
                      "approvalType": "BasicAwaitAll",
                      "ApprovalCreationInput/title": "@body('Parse_JSON_-_request')?['Title']",
                      "ApprovalCreationInput/assignedTo": "@{body('Parse_JSON_-_request')?['Approvers']};",
                      "ApprovalCreationInput/details": "@body('Parse_JSON_-_request')?['Description']",
                      "ApprovalCreationInput/itemLink": "@outputs('Get_item_-_approval_item')?['body/Link_to_item']",
                      "ApprovalCreationInput/itemLinkDescription": "Link para o item",
                      "ApprovalCreationInput/requestor": "@{body('Parse_JSON_-_request')?['Owner']};",
                      "ApprovalCreationInput/enableNotifications": true,
                      "ApprovalCreationInput/enableReassignment": true
                    },
                    "authentication": {
                      "type": "Raw",
                      "value": "@json(decodeBase64(triggerOutputs().headers['X-MS-APIM-Tokens']))['$ConnectionKey']"
                    }
                  }
                },
                "Set_variable": {
                  "runAfter": {
                    "Create_an_approval_-_basicawaitall": [
                      "Succeeded"
                    ]
                  },
                  "type": "SetVariable",
                  "inputs": {
                    "name": "approval_response_object",
                    "value": {
                      "Request date": "@outputs('Create_an_approval_-_basicawaitall')?['body/requestDate']",
                      "Respond link": "@outputs('Create_an_approval_-_basicawaitall')?['body/respondLink']",
                      "Approval ID": "@outputs('Create_an_approval_-_basicawaitall')?['body/name']"
                    }
                  }
                }
              }
            }
          },
          "default": {
            "actions": {}
          },
          "expression": "@body('Parse_JSON_-_request')?['Type']",
          "metadata": {
            "operationMetadataId": "34551560-c1ae-44d7-a89c-96487ec2d512"
          },
          "type": "Switch"
        },
        "Initialize_variable_-_approve_response_object": {
          "runAfter": {
            "Initialize_variable_-_approval_request_object": [
              "Succeeded"
            ]
          },
          "metadata": {
            "operationMetadataId": "55e67bb3-1867-4052-93a0-c7310bf6c1f4"
          },
          "type": "InitializeVariable",
          "inputs": {
            "variables": [
              {
                "name": "approval_response_object",
                "type": "object"
              }
            ]
          }
        },
        "Wait_for_an_approval": {
          "runAfter": {
            "Create_item_-_log_-_approval_sent": [
              "Succeeded"
            ]
          },
          "metadata": {
            "operationMetadataId": "7811fbe0-2dec-413a-9409-12d9cc50944e"
          },
          "type": "OpenApiConnectionWebhook",
          "inputs": {
            "host": {
              "connectionName": "shared_approvals_1",
              "operationId": "WaitForAnApproval",
              "apiId": "/providers/Microsoft.PowerApps/apis/shared_approvals"
            },
            "parameters": {
              "approvalName": "@body('Parse_JSON_-_reponse_approval_object')?['Approval ID']"
            },
            "authentication": {
              "type": "Raw",
              "value": "@json(decodeBase64(triggerOutputs().headers['X-MS-APIM-Tokens']))['$ConnectionKey']"
            }
          }
        },
        "Update_item_-_approval_item": {
          "runAfter": {
            "Parse_JSON_-_reponse_approval_object": [
              "Succeeded"
            ]
          },
          "metadata": {
            "operationMetadataId": "bf7163b5-fcfd-42a3-b255-b6941e8f43f9"
          },
          "type": "OpenApiConnection",
          "inputs": {
            "host": {
              "connectionName": "shared_sharepointonline",
              "operationId": "PatchItem",
              "apiId": "/providers/Microsoft.PowerApps/apis/shared_sharepointonline"
            },
            "parameters": {
              "dataset": "@parameters('005_approvals_site (kabi_005_approvals_site)')",
              "table": "@parameters('005_approval_item_list (kabi_005_approval_item_list)')",
              "id": "@outputs('Get_item_-_approval_item')?['body/ID']",
              "item/Status/Value": "Pending",
              "item/Sequence": "@outputs('Get_item_-_request')?['body/Sequence']",
              "item/Start_date": "@body('Parse_JSON_-_reponse_approval_object')?['Request date']",
              "item/Link_to_response": "@body('Parse_JSON_-_reponse_approval_object')?['Respond link']",
              "item/Workflow": "@variables('workflow')"
            },
            "authentication": {
              "type": "Raw",
              "value": "@json(decodeBase64(triggerOutputs().headers['X-MS-APIM-Tokens']))['$ConnectionKey']"
            }
          }
        },
        "Update_item_-_approval_request": {
          "runAfter": {
            "Update_item_-_approval_item": [
              "Succeeded"
            ]
          },
          "metadata": {
            "operationMetadataId": "e3cc716b-42a7-486f-8fed-ff34b7e4bea4"
          },
          "type": "OpenApiConnection",
          "inputs": {
            "host": {
              "connectionName": "shared_sharepointonline",
              "operationId": "PatchItem",
              "apiId": "/providers/Microsoft.PowerApps/apis/shared_sharepointonline"
            },
            "parameters": {
              "dataset": "@parameters('005_approvals_site (kabi_005_approvals_site)')",
              "table": "@parameters('005_approval_request_list (kabi_005_approval_request_list)')",
              "id": "@outputs('Get_item_-_request')?['body/ID']",
              "item/Approval_ID": "@body('Parse_JSON_-_reponse_approval_object')?['Approval ID']",
              "item/Link_to_response": "@body('Parse_JSON_-_reponse_approval_object')?['Respond link']",
              "item/Start_date": "@body('Parse_JSON_-_reponse_approval_object')?['Request date']",
              "item/State/Value": "Pending",
              "item/Status/Value": "Pending",
              "item/Workflow": "@variables('workflow')"
            },
            "authentication": {
              "type": "Raw",
              "value": "@json(decodeBase64(triggerOutputs().headers['X-MS-APIM-Tokens']))['$ConnectionKey']"
            }
          }
        },
        "Parse_JSON_-_reponse_approval_object": {
          "runAfter": {
            "Switch": [
              "Succeeded"
            ]
          },
          "metadata": {
            "operationMetadataId": "985d4b10-0af2-48a5-a4af-5f761060d142"
          },
          "type": "ParseJson",
          "inputs": {
            "content": "@variables('approval_response_object')",
            "schema": {
              "type": "object",
              "properties": {
                "Request date": {
                  "type": "string"
                },
                "Respond link": {
                  "type": "string"
                },
                "Approval ID": {
                  "type": "string"
                }
              }
            }
          }
        },
        "Condition": {
          "actions": {
            "Apply_to_each": {
              "foreach": "@outputs('Wait_for_an_approval')?['body/responses']",
              "actions": {
                "Create_item_-_approval_response": {
                  "runAfter": {
                    "Create_item_-_log_-_approval_response": [
                      "Succeeded"
                    ]
                  },
                  "metadata": {
                    "operationMetadataId": "39d28900-3419-48ef-81c7-4494f2c0ec3f"
                  },
                  "type": "OpenApiConnection",
                  "inputs": {
                    "host": {
                      "connectionName": "shared_sharepointonline",
                      "operationId": "PostItem",
                      "apiId": "/providers/Microsoft.PowerApps/apis/shared_sharepointonline"
                    },
                    "parameters": {
                      "dataset": "@parameters('005_approvals_site (kabi_005_approvals_site)')",
                      "table": "@parameters('005_approval_response_list (kabi_005_approval_response_list)')",
                      "item/Approval_request_ID": "@outputs('Get_item_-_request')?['body/ID']",
                      "item/Approval_ID": "@body('Parse_JSON_-_reponse_approval_object')?['Approval ID']",
                      "item/Approver/Claims": "@items('Apply_to_each')?['responder/email']",
                      "item/Owner/Claims": "@outputs('Get_item_-_approval_item')?['body/Owner/Email']",
                      "item/Response": "@items('Apply_to_each')?['approverResponse']",
                      "item/Comments": "@items('Apply_to_each')?['comments']",
                      "item/Start_date": "@outputs('Wait_for_an_approval')?['body/requestDate']",
                      "item/Completion_date": "@items('Apply_to_each')?['responseDate']"
                    },
                    "authentication": {
                      "type": "Raw",
                      "value": "@json(decodeBase64(triggerOutputs().headers['X-MS-APIM-Tokens']))['$ConnectionKey']"
                    }
                  }
                },
                "Condition_2": {
                  "actions": {
                    "Set_variable_-_reponse_-_rejected": {
                      "runAfter": {},
                      "metadata": {
                        "operationMetadataId": "b34e9b95-604f-4032-af70-55b3fe53eb7a"
                      },
                      "type": "SetVariable",
                      "inputs": {
                        "name": "response",
                        "value": "Rejected"
                      }
                    }
                  },
                  "runAfter": {
                    "Create_item_-_approval_response": [
                      "Succeeded"
                    ]
                  },
                  "expression": {
                    "not": {
                      "equals": [
                        "@items('Apply_to_each')?['approverResponse']",
                        "Approve"
                      ]
                    }
                  },
                  "metadata": {
                    "operationMetadataId": "b97e7964-f52c-4af1-86d9-a97c1b05ed1f"
                  },
                  "type": "If"
                },
                "Create_item_-_log_-_approval_response": {
                  "runAfter": {},
                  "metadata": {
                    "operationMetadataId": "eb871dca-a4b5-412f-b88a-da7047f8335e"
                  },
                  "type": "OpenApiConnection",
                  "inputs": {
                    "host": {
                      "connectionName": "shared_sharepointonline",
                      "operationId": "PostItem",
                      "apiId": "/providers/Microsoft.PowerApps/apis/shared_sharepointonline"
                    },
                    "parameters": {
                      "dataset": "@parameters('008_site_app (kabi_Site_app)')",
                      "table": "@parameters('008_log_cadastro_cliente (kabi_Log_cadastro_cliente)')",
                      "item/ApprovalID": "@outputs('Get_item_-_approval_item')?['body/Item_ID']",
                      "item/Criadopor/Claims": "@outputs('Get_item_-_approval_item')?['body/Owner/Email']",
                      "item/Data": "@items('Apply_to_each')?['responseDate']",
                      "item/Agente": [
                        {
                          "Claims": "@items('Apply_to_each')?['responder/email']"
                        }
                      ],
                      "item/Coment_x00e1_rios": "@items('Apply_to_each')?['comments']",
                      "item/A_x00e7__x00e3_o": "@if(equals(items('Apply_to_each')?['approverResponse'],'Approve'),'Aprovado','Rejeitado')"
                    },
                    "authentication": {
                      "type": "Raw",
                      "value": "@json(decodeBase64(triggerOutputs().headers['X-MS-APIM-Tokens']))['$ConnectionKey']"
                    }
                  }
                }
              },
              "runAfter": {},
              "metadata": {
                "operationMetadataId": "ba54f535-ab87-4d7c-a0a5-3517210ebb26"
              },
              "type": "Foreach"
            }
          },
          "runAfter": {
            "Wait_for_an_approval": [
              "Succeeded"
            ]
          },
          "else": {
            "actions": {
              "Set_variable_-_response_canceled": {
                "runAfter": {},
                "metadata": {
                  "operationMetadataId": "82138823-19bf-47de-8ea4-4d79069ad442"
                },
                "type": "SetVariable",
                "inputs": {
                  "name": "response",
                  "value": "Canceled"
                }
              },
              "Create_item_-_log_-_approval_canceled": {
                "runAfter": {
                  "Set_variable_-_response_canceled": [
                    "Succeeded"
                  ]
                },
                "metadata": {
                  "operationMetadataId": "48da2998-2033-4437-863a-4a67ae0fea59"
                },
                "type": "OpenApiConnection",
                "inputs": {
                  "host": {
                    "connectionName": "shared_sharepointonline",
                    "operationId": "PostItem",
                    "apiId": "/providers/Microsoft.PowerApps/apis/shared_sharepointonline"
                  },
                  "parameters": {
                    "dataset": "@parameters('008_site_app (kabi_Site_app)')",
                    "table": "@parameters('008_log_cadastro_cliente (kabi_Log_cadastro_cliente)')",
                    "item/ApprovalID": "@outputs('Get_item_-_approval_item')?['body/Item_ID']",
                    "item/Criadopor/Claims": "@outputs('Get_item_-_approval_item')?['body/Owner/Email']",
                    "item/Data": "@outputs('Wait_for_an_approval')?['body/completionDate']",
                    "item/Agente": [
                      {
                        "Claims": "@outputs('Get_item_-_approval_item')?['body/Owner/Email']"
                      }
                    ],
                    "item/Coment_x00e1_rios": "Indisponivel",
                    "item/A_x00e7__x00e3_o": "Cancelado"
                  },
                  "authentication": {
                    "type": "Raw",
                    "value": "@json(decodeBase64(triggerOutputs().headers['X-MS-APIM-Tokens']))['$ConnectionKey']"
                  }
                }
              }
            }
          },
          "expression": {
            "not": {
              "equals": [
                "@length(outputs('Wait_for_an_approval')?['body/responses'])",
                0
              ]
            }
          },
          "metadata": {
            "operationMetadataId": "40243a18-ac53-4c75-b553-f811e7060625"
          },
          "type": "If"
        },
        "Initialize_variable_-_response": {
          "runAfter": {
            "Initialize_variable_-_workflow": [
              "Succeeded"
            ]
          },
          "metadata": {
            "operationMetadataId": "5610586a-113d-4c21-ad30-a57f6a3b972a"
          },
          "type": "InitializeVariable",
          "inputs": {
            "variables": [
              {
                "name": "response",
                "type": "string"
              }
            ]
          }
        },
        "Update_item_-_request_2": {
          "runAfter": {
            "Condition": [
              "Succeeded"
            ]
          },
          "metadata": {
            "operationMetadataId": "0c562a02-3206-4b96-9a06-75c626800665"
          },
          "type": "OpenApiConnection",
          "inputs": {
            "host": {
              "connectionName": "shared_sharepointonline",
              "operationId": "PatchItem",
              "apiId": "/providers/Microsoft.PowerApps/apis/shared_sharepointonline"
            },
            "parameters": {
              "dataset": "@parameters('005_approvals_site (kabi_005_approvals_site)')",
              "table": "@parameters('005_approval_request_list (kabi_005_approval_request_list)')",
              "id": "@outputs('Get_item_-_request')?['body/ID']",
              "item/Completion_date": "@outputs('Wait_for_an_approval')?['body/completionDate']",
              "item/State/Value": "Complete",
              "item/Status/Value": "@if(equals(variables('response'),''),'Approved',variables('response'))",
              "item/Workflow": "@variables('workflow')"
            },
            "authentication": {
              "type": "Raw",
              "value": "@json(decodeBase64(triggerOutputs().headers['X-MS-APIM-Tokens']))['$ConnectionKey']"
            }
          }
        },
        "Respond_to_a_PowerApp_or_flow": {
          "runAfter": {},
          "metadata": {
            "operationMetadataId": "5c499099-cd31-4622-86b1-3a7e005c0ac5"
          },
          "type": "Response",
          "kind": "PowerApp",
          "inputs": {
            "statusCode": 200,
            "body": {},
            "schema": {
              "type": "object",
              "properties": {}
            }
          }
        },
        "Run_a_Child_Flow": {
          "runAfter": {
            "Update_item_-_request_2": [
              "Succeeded"
            ]
          },
          "metadata": {
            "operationMetadataId": "d7619b26-7655-430b-a623-cc934dbfe719"
          },
          "type": "Workflow",
          "inputs": {
            "host": {
              "workflowReferenceName": "8c7b3757-f019-ed11-b83e-0022488181b3"
            },
            "body": {
              "number": "@outputs('Get_item_-_request')?['body/Approval_item_ID']"
            }
          }
        },
        "Send_an_email_(V2)": {
          "runAfter": {
            "Run_a_Child_Flow": [
              "TimedOut",
              "Skipped",
              "Failed"
            ]
          },
          "metadata": {
            "operationMetadataId": "ba4b8737-bf43-43f5-84f3-4473ccfe46fa"
          },
          "type": "OpenApiConnection",
          "inputs": {
            "host": {
              "connectionName": "shared_office365_1",
              "operationId": "SendEmailV2",
              "apiId": "/providers/Microsoft.PowerApps/apis/shared_office365"
            },
            "parameters": {
              "emailMessage/To": "@outputs('Get_item_-_approval_item')?['body/Owner/Email']",
              "emailMessage/Subject": "Cadastro de Cliente - Erro na solicitação de aprovação",
              "emailMessage/Body": "<p>A ficha ID: @{outputs('Get_item_-_approval_item')?['body/Item_ID']} teve erro na solicitação de aprovação ID: @{triggerBody()['number']}, favor entrar em contato com um administrador de T.I.</p>",
              "emailMessage/Importance": "Normal"
            },
            "authentication": {
              "type": "Raw",
              "value": "@json(decodeBase64(triggerOutputs().headers['X-MS-APIM-Tokens']))['$ConnectionKey']"
            }
          }
        },
        "Update_item_-_request_error": {
          "runAfter": {
            "Send_an_email_(V2)": [
              "Succeeded"
            ]
          },
          "metadata": {
            "operationMetadataId": "eba2b126-4d20-45b1-8ae8-f9917d32b60c"
          },
          "type": "OpenApiConnection",
          "inputs": {
            "host": {
              "connectionName": "shared_sharepointonline",
              "operationId": "PatchItem",
              "apiId": "/providers/Microsoft.PowerApps/apis/shared_sharepointonline"
            },
            "parameters": {
              "dataset": "@parameters('005_approvals_site (kabi_005_approvals_site)')",
              "table": "@parameters('005_approval_request_list (kabi_005_approval_request_list)')",
              "id": "@triggerBody()['number']",
              "item/State/Value": "Complete",
              "item/Status/Value": "Error"
            },
            "authentication": {
              "type": "Raw",
              "value": "@json(decodeBase64(triggerOutputs().headers['X-MS-APIM-Tokens']))['$ConnectionKey']"
            }
          }
        },
        "Create_item_-_log_-_error": {
          "runAfter": {
            "Update_item_-_request_error": [
              "Succeeded"
            ]
          },
          "metadata": {
            "operationMetadataId": "d69e0703-22cc-4c68-ba7d-21aa8740133f"
          },
          "type": "OpenApiConnection",
          "inputs": {
            "host": {
              "connectionName": "shared_sharepointonline",
              "operationId": "PostItem",
              "apiId": "/providers/Microsoft.PowerApps/apis/shared_sharepointonline"
            },
            "parameters": {
              "dataset": "@parameters('008_site_app (kabi_Site_app)')",
              "table": "@parameters('008_log_cadastro_cliente (kabi_Log_cadastro_cliente)')",
              "item/ApprovalID": "@outputs('Get_item_-_approval_item')?['body/Item_ID']",
              "item/Criadopor/Claims": "@outputs('Get_item_-_approval_item')?['body/Owner/Email']",
              "item/Data": "@utcNow()",
              "item/Agente": [
                {
                  "Claims": "@outputs('Get_item_-_approval_item')?['body/Owner/Email']"
                }
              ],
              "item/Coment_x00e1_rios": "Erro na solicitação de aprovação ID: @{triggerBody()['number']}",
              "item/A_x00e7__x00e3_o": "Erro"
            },
            "authentication": {
              "type": "Raw",
              "value": "@json(decodeBase64(triggerOutputs().headers['X-MS-APIM-Tokens']))['$ConnectionKey']"
            }
          }
        },
        "Create_item_-_log_-_approval_sent": {
          "runAfter": {
            "Update_item_-_approval_request": [
              "Succeeded"
            ]
          },
          "metadata": {
            "operationMetadataId": "25e147a7-1d31-46b6-8393-3bc299b2f0f8"
          },
          "type": "OpenApiConnection",
          "inputs": {
            "host": {
              "connectionName": "shared_sharepointonline",
              "operationId": "PostItem",
              "apiId": "/providers/Microsoft.PowerApps/apis/shared_sharepointonline"
            },
            "parameters": {
              "dataset": "@parameters('008_site_app (kabi_Site_app)')",
              "table": "@parameters('008_log_cadastro_cliente (kabi_Log_cadastro_cliente)')",
              "item/ApprovalID": "@outputs('Get_item_-_approval_item')?['body/Item_ID']",
              "item/Criadopor/Claims": "@outputs('Get_item_-_approval_item')?['body/Owner/Email']",
              "item/Data": "@body('Parse_JSON_-_reponse_approval_object')?['Request date']",
              "item/Agente": "@variables('approvers_array')",
              "item/Coment_x00e1_rios": "Indisponivel",
              "item/A_x00e7__x00e3_o": "Aprovação enviada"
            },
            "authentication": {
              "type": "Raw",
              "value": "@json(decodeBase64(triggerOutputs().headers['X-MS-APIM-Tokens']))['$ConnectionKey']"
            }
          }
        }
      }
    },
    "templateName": ""
  },
  "schemaVersion": "1.0.0.0"
}