{
  "properties": {
    "connectionReferences": {
      "shared_sharepointonline_1": {
        "runtimeSource": "embedded",
        "connection": {
          "connectionReferenceLogicalName": "kabi_008_sharepoint"
        },
        "api": {
          "name": "shared_sharepointonline"
        }
      }
    },
    "definition": {
      "$schema": "https://schema.management.azure.com/providers/Microsoft.Logic/schemas/2016-06-01/workflowdefinition.json#",
      "contentVersion": "1.0.0.0",
      "parameters": {
        "$connections": {
          "defaultValue": {},
          "type": "Object"
        },
        "$authentication": {
          "defaultValue": {},
          "type": "SecureObject"
        },
        "008_site_app (kabi_Site_app)": {
          "defaultValue": "https://fresenius.sharepoint.com/teams/Team-FK-BR-Cadastros-CadastrodeClientes",
          "type": "String",
          "metadata": {
            "schemaName": "kabi_Site_app"
          }
        },
        "008_cadastro_clientes (kabi_Cadastro_clientes)": {
          "defaultValue": "cb05c1bf-bb42-4fda-8056-e2b97356010d",
          "type": "String",
          "metadata": {
            "schemaName": "kabi_Cadastro_clientes"
          }
        },
        "008_log_cadastro_cliente (kabi_Log_cadastro_cliente)": {
          "defaultValue": "336a87f6-15ac-4df6-bd5e-21ebee0f4806",
          "type": "String",
          "metadata": {
            "schemaName": "kabi_Log_cadastro_cliente"
          }
        }
      },
      "triggers": {
        "When_an_item_is_created": {
          "recurrence": {
            "interval": 1,
            "frequency": "Minute"
          },
          "splitOn": "@triggerOutputs()?['body/value']",
          "metadata": {
            "operationMetadataId": "cb19d283-9dbe-4ca4-a225-d2fd316b0a4b"
          },
          "type": "OpenApiConnection",
          "inputs": {
            "host": {
              "connectionName": "shared_sharepointonline_1",
              "operationId": "GetOnNewItems",
              "apiId": "/providers/Microsoft.PowerApps/apis/shared_sharepointonline"
            },
            "parameters": {
              "dataset": "@parameters('008_site_app (kabi_Site_app)')",
              "table": "@parameters('008_cadastro_clientes (kabi_Cadastro_clientes)')"
            },
            "authentication": "@parameters('$authentication')"
          }
        }
      },
      "actions": {
        "Create_item": {
          "runAfter": {},
          "metadata": {
            "operationMetadataId": "f596221a-ac23-4d37-9f46-6dc96c3932c5"
          },
          "type": "OpenApiConnection",
          "inputs": {
            "host": {
              "connectionName": "shared_sharepointonline_1",
              "operationId": "PostItem",
              "apiId": "/providers/Microsoft.PowerApps/apis/shared_sharepointonline"
            },
            "parameters": {
              "dataset": "@parameters('008_site_app (kabi_Site_app)')",
              "table": "@parameters('008_log_cadastro_cliente (kabi_Log_cadastro_cliente)')",
              "item/ApprovalID": "@triggerOutputs()?['body/ID']",
              "item/Criadopor/Claims": "@triggerOutputs()?['body/Author/Email']",
              "item/Data": "@triggerOutputs()?['body/Created']",
              "item/Agente": [
                {
                  "Claims": "@triggerOutputs()?['body/Author/Email']"
                }
              ],
              "item/Coment_x00e1_rios": "Indisponivel",
              "item/A_x00e7__x00e3_o": "Criação"
            },
            "authentication": "@parameters('$authentication')"
          }
        }
      }
    },
    "templateName": ""
  },
  "schemaVersion": "1.0.0.0"
}