{
  "properties": {
    "connectionReferences": {
      "shared_office365": {
        "runtimeSource": "embedded",
        "connection": {
          "connectionReferenceLogicalName": "kabi_008_office365outlook"
        },
        "api": {
          "name": "shared_office365"
        }
      },
      "shared_sharepointonline_1": {
        "runtimeSource": "embedded",
        "connection": {
          "connectionReferenceLogicalName": "kabi_008_sharepoint"
        },
        "api": {
          "name": "shared_sharepointonline"
        }
      }
    },
    "definition": {
      "$schema": "https://schema.management.azure.com/providers/Microsoft.Logic/schemas/2016-06-01/workflowdefinition.json#",
      "contentVersion": "1.0.0.0",
      "parameters": {
        "$connections": {
          "defaultValue": {},
          "type": "Object"
        },
        "$authentication": {
          "defaultValue": {},
          "type": "SecureObject"
        },
        "008_cadastro_clientes (kabi_Cadastro_clientes)": {
          "defaultValue": "cb05c1bf-bb42-4fda-8056-e2b97356010d",
          "type": "String",
          "metadata": {
            "schemaName": "kabi_Cadastro_clientes"
          }
        },
        "008_site_app (kabi_Site_app)": {
          "defaultValue": "https://fresenius.sharepoint.com/teams/Team-FK-BR-Cadastros-CadastrodeClientes",
          "type": "String",
          "metadata": {
            "schemaName": "kabi_Site_app"
          }
        }
      },
      "triggers": {
        "When_an_item_is_deleted": {
          "recurrence": {
            "interval": 1,
            "frequency": "Minute"
          },
          "splitOn": "@triggerOutputs()?['body/value']",
          "metadata": {
            "operationMetadataId": "e430ed77-84da-4ce2-9fd3-0f793ad6388a"
          },
          "type": "OpenApiConnection",
          "inputs": {
            "host": {
              "connectionName": "shared_sharepointonline_1",
              "operationId": "GetOnDeletedItems",
              "apiId": "/providers/Microsoft.PowerApps/apis/shared_sharepointonline"
            },
            "parameters": {
              "dataset": "@parameters('008_site_app (kabi_Site_app)')",
              "table": "@parameters('008_cadastro_clientes (kabi_Cadastro_clientes)')"
            },
            "authentication": "@parameters('$authentication')"
          }
        }
      },
      "actions": {
        "Send_an_email_(V2)": {
          "runAfter": {},
          "metadata": {
            "operationMetadataId": "d69cf601-e973-445f-97a9-87768a1706ef"
          },
          "type": "OpenApiConnection",
          "inputs": {
            "host": {
              "connectionName": "shared_office365",
              "operationId": "SendEmailV2",
              "apiId": "/providers/Microsoft.PowerApps/apis/shared_office365"
            },
            "parameters": {
              "emailMessage/To": "antonio.graca@fresenius-kabi.com",
              "emailMessage/Subject": "Cadastro de Cliente - Ficha: @{triggerOutputs()?['body/ID']} foi deletada",
              "emailMessage/Body": "<p>Item deletado por: @{triggerOutputs()?['body/DeletedByUserName']}<br>\n<br>\nFicha: @{triggerOutputs()?['body/ID']}<br>\n<br>\n@{formatDateTime(triggerOutputs()?['body/TimeDeleted'], 'dd/MM/yyyy HH:mm tt')}</p>",
              "emailMessage/Attachments": [
                {
                  "Name": "item.txt",
                  "ContentBytes": "@triggerOutputs()?['body']"
                }
              ],
              "emailMessage/Importance": "Normal"
            },
            "authentication": "@parameters('$authentication')"
          }
        }
      }
    },
    "templateName": ""
  },
  "schemaVersion": "1.0.0.0"
}