{
  "properties": {
    "connectionReferences": {
      "shared_sharepointonline_1": {
        "runtimeSource": "embedded",
        "connection": {
          "connectionReferenceLogicalName": "kabi_008_sharepoint"
        },
        "api": {
          "name": "shared_sharepointonline"
        }
      },
      "shared_office365": {
        "runtimeSource": "embedded",
        "connection": {
          "connectionReferenceLogicalName": "kabi_008_office365outlook"
        },
        "api": {
          "name": "shared_office365"
        }
      }
    },
    "definition": {
      "$schema": "https://schema.management.azure.com/providers/Microsoft.Logic/schemas/2016-06-01/workflowdefinition.json#",
      "contentVersion": "1.0.0.0",
      "parameters": {
        "$connections": {
          "defaultValue": {},
          "type": "Object"
        },
        "$authentication": {
          "defaultValue": {},
          "type": "SecureObject"
        },
        "008_app_link (kabi_app_link)": {
          "defaultValue": " https://apps.powerapps.com/play/3ee05486-026b-40af-ae55-db04a7ac98d0?tenantId=c98df534-5e36-459a-ac3f-8c2e449863bd",
          "type": "String",
          "metadata": {
            "schemaName": "kabi_app_link"
          }
        },
        "008_cadastro_clientes (kabi_Cadastro_clientes)": {
          "defaultValue": "cb05c1bf-bb42-4fda-8056-e2b97356010d",
          "type": "String",
          "metadata": {
            "schemaName": "kabi_Cadastro_clientes"
          }
        },
        "008_notifications (kabi_008_notifications)": {
          "defaultValue": "7110f004-e5d9-43dd-87f7-d0be333cf7f1",
          "type": "String",
          "metadata": {
            "schemaName": "kabi_008_notifications"
          }
        },
        "008_site_app (kabi_Site_app)": {
          "defaultValue": "https://fresenius.sharepoint.com/teams/Team-FK-BR-Cadastros-CadastrodeClientes",
          "type": "String",
          "metadata": {
            "schemaName": "kabi_Site_app"
          }
        }
      },
      "triggers": {
        "manual": {
          "metadata": {
            "operationMetadataId": "ee267e7c-52d7-4bdc-8148-6aaf7da4c27e"
          },
          "type": "Request",
          "kind": "Button",
          "inputs": {
            "schema": {
              "type": "object",
              "properties": {
                "number": {
                  "title": "ID",
                  "type": "number",
                  "x-ms-dynamically-added": true,
                  "description": "Please enter a number",
                  "x-ms-content-hint": "NUMBER"
                }
              },
              "required": [
                "number"
              ]
            }
          }
        }
      },
      "actions": {
        "Initialize_variable_-_emails": {
          "runAfter": {},
          "metadata": {
            "operationMetadataId": "6df7bc4e-78d6-454a-86a8-90fb5d347a5c"
          },
          "type": "InitializeVariable",
          "inputs": {
            "variables": [
              {
                "name": "emails",
                "type": "string"
              }
            ]
          }
        },
        "Respond_to_a_PowerApp_or_flow": {
          "runAfter": {
            "Condition": [
              "Succeeded"
            ]
          },
          "metadata": {
            "operationMetadataId": "2d260cb1-9ea6-4de2-b11d-4c90381de36c"
          },
          "type": "Response",
          "kind": "PowerApp",
          "inputs": {
            "statusCode": 200,
            "body": {
              "message": "success"
            },
            "schema": {
              "type": "object",
              "properties": {
                "message": {
                  "title": "message",
                  "x-ms-dynamically-added": true,
                  "type": "string"
                }
              }
            }
          }
        },
        "Compose_-_ID": {
          "runAfter": {
            "Initialize_variable_-_emails": [
              "Succeeded"
            ]
          },
          "metadata": {
            "operationMetadataId": "f38aaa18-176a-4c5c-b13e-13fac55a3437"
          },
          "type": "Compose",
          "inputs": "@triggerBody()['number']"
        },
        "Get_item_-_ficha": {
          "runAfter": {
            "Compose_-_ID": [
              "Succeeded"
            ]
          },
          "metadata": {
            "operationMetadataId": "36e2102c-e822-4142-891b-405e10f1ffdd"
          },
          "type": "OpenApiConnection",
          "inputs": {
            "host": {
              "apiId": "/providers/Microsoft.PowerApps/apis/shared_sharepointonline",
              "connectionName": "shared_sharepointonline_1",
              "operationId": "GetItem"
            },
            "parameters": {
              "dataset": "@parameters('008_site_app (kabi_Site_app)')",
              "table": "@parameters('008_cadastro_clientes (kabi_Cadastro_clientes)')",
              "id": "@outputs('Compose_-_ID')"
            },
            "authentication": {
              "value": "@json(decodeBase64(triggerOutputs().headers['X-MS-APIM-Tokens']))['$ConnectionKey']",
              "type": "Raw"
            }
          }
        },
        "Condition": {
          "actions": {
            "Scope_-_notifications_-_approved": {
              "actions": {
                "Send_an_email_(V2)_2": {
                  "runAfter": {
                    "Compose_-_body_2": [
                      "Succeeded"
                    ]
                  },
                  "metadata": {
                    "operationMetadataId": "bd827b70-94c8-4097-bf43-d2a6874211dd"
                  },
                  "type": "OpenApiConnection",
                  "inputs": {
                    "host": {
                      "apiId": "/providers/Microsoft.PowerApps/apis/shared_office365",
                      "connectionName": "shared_office365",
                      "operationId": "SendEmailV2"
                    },
                    "parameters": {
                      "emailMessage/To": "@outputs('Get_item_-_ficha')?['body/E_x002d_mail_x0020_Financeiro']",
                      "emailMessage/Subject": "@outputs('Compose_-_subject_2')",
                      "emailMessage/Body": "<p>@{outputs('Compose_-_body_2')}</p>",
                      "emailMessage/Importance": "Normal"
                    },
                    "authentication": {
                      "value": "@json(decodeBase64(triggerOutputs().headers['X-MS-APIM-Tokens']))['$ConnectionKey']",
                      "type": "Raw"
                    }
                  }
                },
                "Compose_-_body_2": {
                  "runAfter": {
                    "Compose_-_subject_2": [
                      "Succeeded"
                    ]
                  },
                  "metadata": {
                    "operationMetadataId": "b0124684-6a30-4f96-8d49-fc5848aa098d"
                  },
                  "type": "Compose",
                  "inputs": "Prezado(a),<br><br>\n\n<p align=\"justify\">Informamos por meio deste e-mail os termos de Compliance e de Proteção de Dados da Fresenius Hemocare Brasil Ltda.<br>Ao receber essa comunicação sua empresa está ciente das regras descritas nos termos e se compromete ao cumprimento das mesmas.<br>\n\nCaso tenha qualquer dúvida ou queira discutir algum ponto do termo, pedimos que entre em contato conosco.</p><br><br>\n\n<a href=\"https://www.fresenius-kabi.com/br/documents/Termo_de_Compliance_Atualizado_20220509.pdf\"> Termo de Compliance </a><br>\n\n<a href=\"https://www.fresenius-kabi.com/br/documents/Termo_de_Privacidade_de_Dados_2.pdf\"> Termo de Privacidade de Dados </a><br><br><br>\n\nAtenciosamente / Kind regards / Freundliche Grüße"
                },
                "Compose_-_subject_2": {
                  "runAfter": {
                    "Send_an_email_(V2)": [
                      "Succeeded"
                    ]
                  },
                  "metadata": {
                    "operationMetadataId": "6cb76565-2815-4d67-88ef-b918f03800dc"
                  },
                  "type": "Compose",
                  "inputs": "Termo de Compliance e LGPD Fresenius Kabi"
                },
                "Send_an_email_(V2)": {
                  "runAfter": {
                    "Compose_-_body_1": [
                      "Succeeded"
                    ]
                  },
                  "metadata": {
                    "operationMetadataId": "90106026-7ebe-4ff4-bce2-636a4c3b6eac"
                  },
                  "type": "OpenApiConnection",
                  "inputs": {
                    "host": {
                      "apiId": "/providers/Microsoft.PowerApps/apis/shared_office365",
                      "connectionName": "shared_office365",
                      "operationId": "SendEmailV2"
                    },
                    "parameters": {
                      "emailMessage/To": "@{outputs('Get_item_-_ficha')?['body/Author/Email']};@{variables('emails')}",
                      "emailMessage/Subject": "@outputs('Compose_-_subject_1')",
                      "emailMessage/Body": "<p>@{outputs('Compose_-_body_1')}</p>",
                      "emailMessage/Importance": "Normal"
                    },
                    "authentication": {
                      "value": "@json(decodeBase64(triggerOutputs().headers['X-MS-APIM-Tokens']))['$ConnectionKey']",
                      "type": "Raw"
                    }
                  }
                },
                "Compose_-_body_1": {
                  "runAfter": {
                    "Compose_-_subject_1": [
                      "Succeeded"
                    ]
                  },
                  "metadata": {
                    "operationMetadataId": "bed942ab-8cf4-4003-99a1-fba3fd543544"
                  },
                  "type": "Compose",
                  "inputs": "<p>\nCadastro finalizado !<br>\n<br>\nTipo de cliente: @{outputs('Get_item_-_ficha')?['body/Tipo_x0020_de_x0020_Cliente/Value']}<br>\nCondição de pagamento: @{outputs('Get_item_-_ficha')?['body/Condi_x00e7__x00e3_o_x0020_de_x0']}<br>\nCódigo do cliente: @{outputs('Get_item_-_ficha')?['body/C_x00f3_digo_x0020_do_x0020_Clie']}<br>\n<a href=\"@{parameters('008_app_link (kabi_app_link)')}?Item_ID=@{outputs('Get_item_-_ficha')?['body/ID']}\">Ficha de cadastro</a>.</p>\n</p>"
                },
                "Compose_-_subject_1": {
                  "runAfter": {
                    "Apply_to_each": [
                      "Succeeded"
                    ]
                  },
                  "metadata": {
                    "operationMetadataId": "744f5b5e-6b6d-4bf6-a3de-f8dddecc63e7"
                  },
                  "type": "Compose",
                  "inputs": "Finalizado FK - @{outputs('Get_item_-_ficha')?['body/Raz_x00e3_o_x0020_Social']} - @{outputs('Get_item_-_ficha')?['body/C_x00f3_digo_x0020_do_x0020_Clie']} - ID: @{outputs('Get_item_-_ficha')?['body/ID']}"
                },
                "Apply_to_each": {
                  "foreach": "@body('Filter_array')",
                  "actions": {
                    "Append_to_string_variable_-_emails": {
                      "runAfter": {},
                      "metadata": {
                        "operationMetadataId": "b51a7cb2-dde9-4e09-9c4b-09f10fa6c960"
                      },
                      "type": "AppendToStringVariable",
                      "inputs": {
                        "name": "emails",
                        "value": "@{item()?['E_x002d_mails']?['Email']};"
                      }
                    }
                  },
                  "runAfter": {
                    "Filter_array": [
                      "Succeeded"
                    ]
                  },
                  "metadata": {
                    "operationMetadataId": "d0d8bbfb-5669-47d7-8676-41964618c4cc"
                  },
                  "type": "Foreach"
                },
                "Filter_array": {
                  "runAfter": {
                    "Get_items": [
                      "Succeeded"
                    ]
                  },
                  "metadata": {
                    "operationMetadataId": "c266df1f-1302-4b0c-9adf-e025811bdceb"
                  },
                  "type": "Query",
                  "inputs": {
                    "from": "@outputs('Get_items')?['body/value']",
                    "where": "@and(equals(item()?['Unidade/Value'], outputs('Get_item_-_ficha')?['body/Unidade/Value']), equals(item()?['TipodeCliente/Value'], outputs('Get_item_-_ficha')?['body/Tipo_x0020_de_x0020_Cliente/Value']))"
                  }
                },
                "Get_items": {
                  "runAfter": {},
                  "metadata": {
                    "operationMetadataId": "fafce7f6-8f4f-48ef-b8c7-20f8064ca9dc"
                  },
                  "type": "OpenApiConnection",
                  "inputs": {
                    "host": {
                      "apiId": "/providers/Microsoft.PowerApps/apis/shared_sharepointonline",
                      "connectionName": "shared_sharepointonline_1",
                      "operationId": "GetItems"
                    },
                    "parameters": {
                      "dataset": "@parameters('008_site_app (kabi_Site_app)')",
                      "table": "@parameters('008_notifications (kabi_008_notifications)')",
                      "$filter": "E_x002d_mails ne ''"
                    },
                    "authentication": {
                      "value": "@json(decodeBase64(triggerOutputs().headers['X-MS-APIM-Tokens']))['$ConnectionKey']",
                      "type": "Raw"
                    }
                  }
                }
              },
              "runAfter": {},
              "metadata": {
                "operationMetadataId": "127441c3-66ee-4e52-bdaf-fd19b65bb165"
              },
              "type": "Scope"
            }
          },
          "runAfter": {
            "Get_item_-_ficha": [
              "Succeeded"
            ]
          },
          "else": {
            "actions": {
              "Scope_-_notifications_-_rejected": {
                "actions": {
                  "Compose": {
                    "runAfter": {},
                    "metadata": {
                      "operationMetadataId": "0c3a5112-755d-4cd4-99eb-92e0215b639b"
                    },
                    "type": "Compose",
                    "inputs": "Cliente @{outputs('Get_item_-_ficha')?['body/Status']} - @{outputs('Get_item_-_ficha')?['body/Raz_x00e3_o_x0020_Social']} - @{outputs('Get_item_-_ficha')?['body/C_x00f3_digo_x0020_do_x0020_Clie']} - ID: @{outputs('Get_item_-_ficha')?['body/ID']}"
                  },
                  "Compose_2": {
                    "runAfter": {
                      "Compose": [
                        "Succeeded"
                      ]
                    },
                    "metadata": {
                      "operationMetadataId": "c63ff042-427e-4980-b917-cc4e1c60ec0e"
                    },
                    "type": "Compose",
                    "inputs": "<p>\nCadastro @{outputs('Get_item_-_ficha')?['body/Status']}!<br>\n<br>\nTipo de cliente: @{outputs('Get_item_-_ficha')?['body/Tipo_x0020_de_x0020_Cliente/Value']}<br>\nCondição de pagamento: @{outputs('Get_item_-_ficha')?['body/Condi_x00e7__x00e3_o_x0020_de_x0']}<br>\nCódigo do cliente: @{outputs('Get_item_-_ficha')?['body/C_x00f3_digo_x0020_do_x0020_Clie']}<br>\n<a href=\"@{outputs('Get_item_-_ficha')?['body/{Link}']}\">Ficha de cadastro</a>.</p>\n</p>"
                  },
                  "Send_an_email_(V2)_3": {
                    "runAfter": {
                      "Compose_2": [
                        "Succeeded"
                      ]
                    },
                    "metadata": {
                      "operationMetadataId": "afc9e69a-301b-4bce-9212-b3b80eff72bc"
                    },
                    "type": "OpenApiConnection",
                    "inputs": {
                      "host": {
                        "apiId": "/providers/Microsoft.PowerApps/apis/shared_office365",
                        "connectionName": "shared_office365",
                        "operationId": "SendEmailV2"
                      },
                      "parameters": {
                        "emailMessage/To": "@outputs('Get_item_-_ficha')?['body/Author/Email']",
                        "emailMessage/Subject": "@outputs('Compose')",
                        "emailMessage/Body": "<p>@{outputs('Compose_2')}</p>",
                        "emailMessage/Importance": "Normal"
                      },
                      "authentication": {
                        "value": "@json(decodeBase64(triggerOutputs().headers['X-MS-APIM-Tokens']))['$ConnectionKey']",
                        "type": "Raw"
                      }
                    }
                  }
                },
                "runAfter": {},
                "metadata": {
                  "operationMetadataId": "301f3519-7d55-4128-bd47-63d2ab47845e"
                },
                "type": "Scope"
              }
            }
          },
          "expression": {
            "equals": [
              "@outputs('Get_item_-_ficha')?['body/Status']",
              "Aprovado"
            ]
          },
          "metadata": {
            "operationMetadataId": "1cd2355f-2d37-4974-8af7-eef4846b4a06"
          },
          "type": "If"
        }
      }
    },
    "templateName": null
  },
  "schemaVersion": "1.0.0.0"
}