<environmentvariabledefinition schemaname="kabi_Tipo_cliente">
  <apiid>/providers/microsoft.powerapps/apis/shared_sharepointonline</apiid>
  <displayname default="008_tipo_cliente">
    <label description="008_tipo_cliente" languagecode="1033" />
  </displayname>
  <introducedversion>1.1.0.6</introducedversion>
  <iscustomizable>1</iscustomizable>
  <isrequired>0</isrequired>
  <parameterkey>table</parameterkey>
  <parentdefinitionid>
    <schemaname>kabi_Site_app</schemaname>
  </parentdefinitionid>
  <secretstore>0</secretstore>
  <type>100000004</type>
</environmentvariabledefinition>