<environmentvariabledefinition schemaname="kabi_005_approval_item_list">
  <apiid>/providers/microsoft.powerapps/apis/shared_sharepointonline</apiid>
  <displayname default="005_approval_item_list">
    <label description="005_approval_item_list" languagecode="1033" />
  </displayname>
  <introducedversion>1.2.0.0</introducedversion>
  <iscustomizable>1</iscustomizable>
  <isrequired>0</isrequired>
  <parameterkey>table</parameterkey>
  <parentdefinitionid>
    <schemaname>kabi_005_approvals_site</schemaname>
  </parentdefinitionid>
  <secretstore>0</secretstore>
  <type>100000004</type>
</environmentvariabledefinition>