{
  "properties": {
    "connectionReferences": {
      "shared_sharepointonline_1": {
        "runtimeSource": "embedded",
        "connection": {
          "connectionReferenceLogicalName": "kabi_10015168"
        },
        "api": {
          "name": "shared_sharepointonline"
        }
      },
      "shared_office365_1": {
        "runtimeSource": "embedded",
        "connection": {
          "connectionReferenceLogicalName": "kabi_10015168_OutlookOffice365"
        },
        "api": {
          "name": "shared_office365"
        }
      }
    },
    "definition": {
      "$schema": "https://schema.management.azure.com/providers/Microsoft.Logic/schemas/2016-06-01/workflowdefinition.json#",
      "contentVersion": "1.0.0.0",
      "parameters": {
        "$connections": {
          "defaultValue": {},
          "type": "Object"
        },
        "$authentication": {
          "defaultValue": {},
          "type": "SecureObject"
        },
        "100-15168_site_app (kabi_10015168_site_app)": {
          "defaultValue": "https://fresenius.sharepoint.com/teams/Team-FK-Business-Application-BR-Dev",
          "type": "String",
          "metadata": {
            "schemaName": "kabi_10015168_site_app"
          }
        },
        "100-15168_Adms (kabi_10015168_Adms)": {
          "defaultValue": "edc839a9-cad4-4b14-9eb3-4ef308c8cbf5",
          "type": "String",
          "metadata": {
            "schemaName": "kabi_10015168_Adms"
          }
        },
        "100-15168_Historico_procuracoes (kabi_10015168_Historico_procuracoes)": {
          "defaultValue": "a525a7d4-8cca-4425-833f-c9cc810f23dd",
          "type": "String",
          "metadata": {
            "schemaName": "kabi_10015168_Historico_procuracoes"
          }
        },
        "100-15168_Procuracoes (kabi_10015168_Procuracoes)": {
          "defaultValue": "56261c60-3e38-4545-b999-3b9ba7e480b7",
          "type": "String",
          "metadata": {
            "schemaName": "kabi_10015168_Procuracoes"
          }
        }
      },
      "triggers": {
        "When_an_item_is_created": {
          "recurrence": {
            "interval": 1,
            "frequency": "Minute"
          },
          "splitOn": "@triggerOutputs()?['body/value']",
          "metadata": {
            "operationMetadataId": "df49c392-8bc8-4675-ba2f-2c2b58069433"
          },
          "type": "OpenApiConnection",
          "inputs": {
            "host": {
              "connectionName": "shared_sharepointonline_1",
              "operationId": "GetOnNewItems",
              "apiId": "/providers/Microsoft.PowerApps/apis/shared_sharepointonline"
            },
            "parameters": {
              "dataset": "@parameters('100-15168_site_app (kabi_10015168_site_app)')",
              "table": "@parameters('100-15168_Historico_procuracoes (kabi_10015168_Historico_procuracoes)')"
            },
            "authentication": "@parameters('$authentication')"
          }
        }
      },
      "actions": {
        "Initialize_variable_-_to": {
          "runAfter": {},
          "metadata": {
            "operationMetadataId": "9a3daaf2-29f9-4dc1-87b1-138899eac5ec"
          },
          "type": "InitializeVariable",
          "inputs": {
            "variables": [
              {
                "name": "to",
                "type": "string"
              }
            ]
          }
        },
        "Initialize_variable_-_subject": {
          "runAfter": {
            "Initialize_variable_-_to": [
              "Succeeded"
            ]
          },
          "metadata": {
            "operationMetadataId": "52482018-1a14-4be4-81bd-76023c801c60"
          },
          "type": "InitializeVariable",
          "inputs": {
            "variables": [
              {
                "name": "subject",
                "type": "string"
              }
            ]
          }
        },
        "Initialize_variable_-_body": {
          "runAfter": {
            "Initialize_variable_-_subject": [
              "Succeeded"
            ]
          },
          "metadata": {
            "operationMetadataId": "8bd74d8b-0569-4272-a9cb-a44fe9309eae"
          },
          "type": "InitializeVariable",
          "inputs": {
            "variables": [
              {
                "name": "body",
                "type": "string"
              }
            ]
          }
        },
        "Initialize_variable_-_files": {
          "runAfter": {
            "Initialize_variable_-_body": [
              "Succeeded"
            ]
          },
          "metadata": {
            "operationMetadataId": "f6e650b3-8984-4e08-bf38-6735866e2d26"
          },
          "type": "InitializeVariable",
          "inputs": {
            "variables": [
              {
                "name": "files",
                "type": "array"
              }
            ]
          }
        },
        "Initialize_variable_-_log": {
          "runAfter": {
            "Initialize_variable_-_files": [
              "Succeeded"
            ]
          },
          "metadata": {
            "operationMetadataId": "01e7e401-3d58-49f9-b613-0870e88d90e2"
          },
          "type": "InitializeVariable",
          "inputs": {
            "variables": [
              {
                "name": "log",
                "type": "array"
              }
            ]
          }
        },
        "Scope_-_define_to": {
          "actions": {
            "Adm": {
              "actions": {
                "Get_items_-_adms": {
                  "runAfter": {},
                  "metadata": {
                    "operationMetadataId": "f340b070-bc16-4e8e-b132-ce88a684608d"
                  },
                  "type": "OpenApiConnection",
                  "inputs": {
                    "host": {
                      "connectionName": "shared_sharepointonline_1",
                      "operationId": "GetItems",
                      "apiId": "/providers/Microsoft.PowerApps/apis/shared_sharepointonline"
                    },
                    "parameters": {
                      "dataset": "@parameters('100-15168_site_app (kabi_10015168_site_app)')",
                      "table": "@parameters('100-15168_Adms (kabi_10015168_Adms)')",
                      "$filter": "Adm ne ''"
                    },
                    "authentication": "@parameters('$authentication')"
                  }
                },
                "Apply_to_each": {
                  "foreach": "@outputs('Get_items_-_adms')?['body/value']",
                  "actions": {
                    "Append_to_string_variable_-_to": {
                      "runAfter": {},
                      "metadata": {
                        "operationMetadataId": "b892e2e6-1e3b-4cf4-9046-89642f1104c6"
                      },
                      "type": "AppendToStringVariable",
                      "inputs": {
                        "name": "to",
                        "value": "@{items('Apply_to_each')?['Adm/Email']};"
                      }
                    }
                  },
                  "runAfter": {
                    "Get_items_-_adms": [
                      "Succeeded"
                    ]
                  },
                  "metadata": {
                    "operationMetadataId": "2e8bc9b9-ad3e-4c56-8399-ce4d9d7676e1"
                  },
                  "type": "Foreach"
                }
              },
              "runAfter": {},
              "metadata": {
                "operationMetadataId": "d69c6f88-c1a3-477c-b202-adae44d8f90f"
              },
              "type": "Scope"
            },
            "Append_to_string_variable_-_to_-_created_by_email": {
              "runAfter": {
                "Others": [
                  "Succeeded"
                ]
              },
              "metadata": {
                "operationMetadataId": "72245852-3ca3-497f-9bd8-1344905d7577"
              },
              "type": "AppendToStringVariable",
              "inputs": {
                "name": "to",
                "value": "@{triggerOutputs()?['body/Author/Email']};"
              }
            },
            "Others": {
              "actions": {
                "Apply_to_each_3": {
                  "foreach": "@outputs('Get_item')?['body/Outrosenvolvidos']",
                  "actions": {
                    "Append_to_string_variable": {
                      "runAfter": {},
                      "metadata": {
                        "operationMetadataId": "29ad8936-783e-4a1c-9fd5-69ed2b246cca"
                      },
                      "type": "AppendToStringVariable",
                      "inputs": {
                        "name": "to",
                        "value": "@{items('Apply_to_each_3')?['Email']};"
                      }
                    }
                  },
                  "runAfter": {},
                  "metadata": {
                    "operationMetadataId": "666a55fe-ff37-4e25-98ce-6ffda3caa6b5"
                  },
                  "type": "Foreach"
                }
              },
              "runAfter": {
                "Adm": [
                  "Succeeded"
                ]
              },
              "metadata": {
                "operationMetadataId": "d4c6afa8-9a0b-45ae-816a-f217c74421c7"
              },
              "type": "Scope"
            }
          },
          "runAfter": {
            "Get_item": [
              "Succeeded"
            ]
          },
          "metadata": {
            "operationMetadataId": "f2002344-8e75-49a2-8eca-2efa2f00d5a8"
          },
          "type": "Scope"
        },
        "Send_an_email_(V2)": {
          "runAfter": {
            "Scope": [
              "Succeeded"
            ]
          },
          "metadata": {
            "operationMetadataId": "1ddfd39f-0d50-4dd4-b5fe-acbbb6defe82"
          },
          "type": "OpenApiConnection",
          "inputs": {
            "host": {
              "connectionName": "shared_office365_1",
              "operationId": "SendEmailV2",
              "apiId": "/providers/Microsoft.PowerApps/apis/shared_office365"
            },
            "parameters": {
              "emailMessage/To": "@variables('to')",
              "emailMessage/Subject": "@variables('subject')",
              "emailMessage/Body": "<p>@{variables('body')}</p>",
              "emailMessage/Attachments": "@variables('files')",
              "emailMessage/Importance": "Normal"
            },
            "authentication": "@parameters('$authentication')"
          }
        },
        "Scope": {
          "actions": {
            "Set_variable_-_body": {
              "runAfter": {
                "Set_variable_-_subject": [
                  "Succeeded"
                ]
              },
              "metadata": {
                "operationMetadataId": "6da922ae-de1c-4222-b6f5-51b27aaaebf6"
              },
              "type": "SetVariable",
              "inputs": {
                "name": "body",
                "value": "Caros usuários, a procuração ID: @{triggerOutputs()?['body/ID_procuracao']} possui novas movimentações/alteração de status e a conclusão pode depender de uma ação sua. Por favor, acesse o link abaixo e verifique o status e andamento desta solicitação no Sharepoint do Jurídico.<br><br>\n<a href=\"@{variables('item_link')}\">Link para a procuração</a><br><br>\n\n@{outputs('Compose_-_HMTL_log')}"
              }
            },
            "Append_to_array_variable_-_log": {
              "runAfter": {},
              "metadata": {
                "operationMetadataId": "10e83709-9e4c-4cfa-8b1c-68c5e5400bf1"
              },
              "type": "AppendToArrayVariable",
              "inputs": {
                "name": "log",
                "value": {
                  "Ação": "@triggerOutputs()?['body/Title']",
                  "Comentário": "@triggerOutputs()?['body/Comments']",
                  "Data": "@formatDateTime(triggerOutputs()?['body/Data'], 'dd/MM/yyyy')"
                }
              }
            },
            "Set_variable_-_subject": {
              "runAfter": {
                "Compose_-_HMTL_log": [
                  "Succeeded"
                ]
              },
              "metadata": {
                "operationMetadataId": "5ff8c5ad-654d-4b4e-bcb3-5e0995a7db66"
              },
              "type": "SetVariable",
              "inputs": {
                "name": "subject",
                "value": "Alerta de Procuração – ID: @{triggerOutputs()?['body/ID_procuracao']} – @{outputs('Get_item')?['body/Qualodepartamento_x003f_']} - @{triggerOutputs()?['body/Status']} – @{outputs('Get_item')?['body/Finalidade/Value']}"
              }
            },
            "Create_HTML_table_-_log": {
              "runAfter": {
                "Set_variable_-_Item_link": [
                  "Succeeded"
                ]
              },
              "metadata": {
                "operationMetadataId": "1e7b2d6a-b751-4954-ae88-ebb826e53100"
              },
              "type": "Table",
              "inputs": {
                "from": "@variables('log')",
                "format": "HTML"
              }
            },
            "Compose_-_HMTL_log": {
              "runAfter": {
                "Create_HTML_table_-_log": [
                  "Succeeded"
                ]
              },
              "metadata": {
                "operationMetadataId": "3cf2fc66-347f-455c-b1e4-93a6bebaa675"
              },
              "type": "Compose",
              "inputs": "<style>\ntable {\n  width: 100%;\n  background-color: #FFFFFF;\n  border-collapse: collapse;\n  border-width: 2px;\n  border-color: #7EA8F8;\n  border-style: solid;\n  color: #000000;\n  text-align: left;\n}\n\ntable td, table th {\n  border-width: 2px;\n  border-color: #7EA8F8;\n  border-style: solid;\n  padding: 5px;\n}\n\ntable thead {\n  background-color: #DEDEDE;\n}\n</style>\n@{body('Create_HTML_table_-_log')}"
            },
            "Condition": {
              "actions": {
                "Get_attachments": {
                  "runAfter": {},
                  "metadata": {
                    "operationMetadataId": "2c67e376-bd48-4690-8292-a43c7f50f9b8"
                  },
                  "type": "OpenApiConnection",
                  "inputs": {
                    "host": {
                      "connectionName": "shared_sharepointonline_1",
                      "operationId": "GetItemAttachments",
                      "apiId": "/providers/Microsoft.PowerApps/apis/shared_sharepointonline"
                    },
                    "parameters": {
                      "dataset": "@parameters('100-15168_site_app (kabi_10015168_site_app)')",
                      "table": "@parameters('100-15168_Historico_procuracoes (kabi_10015168_Historico_procuracoes)')",
                      "itemId": "@triggerOutputs()?['body/ID']"
                    },
                    "authentication": "@parameters('$authentication')"
                  }
                },
                "Apply_to_each_2": {
                  "foreach": "@body('Get_attachments')",
                  "actions": {
                    "Get_file_content": {
                      "runAfter": {},
                      "metadata": {
                        "operationMetadataId": "48c46065-ebeb-4098-b949-804b29eacbbb"
                      },
                      "type": "OpenApiConnection",
                      "inputs": {
                        "host": {
                          "connectionName": "shared_sharepointonline_1",
                          "operationId": "GetFileContent",
                          "apiId": "/providers/Microsoft.PowerApps/apis/shared_sharepointonline"
                        },
                        "parameters": {
                          "dataset": "@parameters('100-15168_site_app (kabi_10015168_site_app)')",
                          "id": "@item()?['Id']",
                          "inferContentType": true
                        },
                        "authentication": "@parameters('$authentication')"
                      }
                    },
                    "Append_to_array_variable": {
                      "runAfter": {
                        "Get_file_content": [
                          "Succeeded"
                        ]
                      },
                      "metadata": {
                        "operationMetadataId": "4d3c5e24-d4e7-41d5-9dbc-0f5494091fe9"
                      },
                      "type": "AppendToArrayVariable",
                      "inputs": {
                        "name": "files",
                        "value": {
                          "Name": "@items('Apply_to_each_2')?['DisplayName']",
                          "ContentBytes": "@body('Get_file_content')"
                        }
                      }
                    }
                  },
                  "runAfter": {
                    "Get_attachments": [
                      "Succeeded"
                    ]
                  },
                  "metadata": {
                    "operationMetadataId": "59b979a1-15e9-4495-8a87-5643ebc834ff"
                  },
                  "type": "Foreach"
                }
              },
              "runAfter": {
                "Set_variable_-_body": [
                  "Succeeded"
                ]
              },
              "expression": {
                "equals": [
                  "@triggerOutputs()?['body/{HasAttachments}']",
                  true
                ]
              },
              "metadata": {
                "operationMetadataId": "4d26349e-fede-4e94-b5de-e64e472a034e"
              },
              "type": "If"
            },
            "Set_variable_-_Item_link": {
              "runAfter": {
                "Append_to_array_variable_-_log": [
                  "Succeeded"
                ]
              },
              "metadata": {
                "operationMetadataId": "d287c17e-edad-442e-8c8d-e6945fff6c66"
              },
              "type": "SetVariable",
              "inputs": {
                "name": "item_link",
                "value": "https://apps.powerapps.com/play/814b44b8-bf5e-44a2-a5d5-ef3a97020806?tenantId=c98df534-5e36-459a-ac3f-8c2e449863bd?Title=Procuração?Item_ID=@{outputs('Get_item')?['body/ID']}?N_contrato=@{outputs('Get_item')?['body/ID']}"
              }
            }
          },
          "runAfter": {
            "Scope_-_define_to": [
              "Succeeded"
            ]
          },
          "metadata": {
            "operationMetadataId": "9987f394-8f27-44d5-943c-09932013e91b"
          },
          "type": "Scope"
        },
        "Get_item": {
          "runAfter": {
            "Initialize_variable_-_item_link": [
              "Succeeded"
            ]
          },
          "metadata": {
            "operationMetadataId": "01015382-3864-45a0-ab31-d2052cbf6e19"
          },
          "type": "OpenApiConnection",
          "inputs": {
            "host": {
              "connectionName": "shared_sharepointonline_1",
              "operationId": "GetItem",
              "apiId": "/providers/Microsoft.PowerApps/apis/shared_sharepointonline"
            },
            "parameters": {
              "dataset": "@parameters('100-15168_site_app (kabi_10015168_site_app)')",
              "table": "@parameters('100-15168_Procuracoes (kabi_10015168_Procuracoes)')",
              "id": "@triggerOutputs()?['body/ID_procuracao']"
            },
            "authentication": "@parameters('$authentication')"
          }
        },
        "Initialize_variable_-_item_link": {
          "runAfter": {
            "Initialize_variable_-_log": [
              "Succeeded"
            ]
          },
          "metadata": {
            "operationMetadataId": "af714ccd-efd2-46f3-b84a-60a84d923bb5"
          },
          "type": "InitializeVariable",
          "inputs": {
            "variables": [
              {
                "name": "item_link",
                "type": "string"
              }
            ]
          }
        }
      }
    },
    "templateName": ""
  },
  "schemaVersion": "1.0.0.0"
}