{
  "properties": {
    "connectionReferences": {
      "shared_approvals_1": {
        "runtimeSource": "invoker",
        "connection": {
          "connectionReferenceLogicalName": "kabi_10015168_approvals"
        },
        "api": {
          "name": "shared_approvals"
        }
      },
      "shared_sharepointonline_1": {
        "runtimeSource": "invoker",
        "connection": {
          "connectionReferenceLogicalName": "kabi_10015168"
        },
        "api": {
          "name": "shared_sharepointonline"
        }
      }
    },
    "definition": {
      "$schema": "https://schema.management.azure.com/providers/Microsoft.Logic/schemas/2016-06-01/workflowdefinition.json#",
      "contentVersion": "1.0.0.0",
      "parameters": {
        "$connections": {
          "defaultValue": {},
          "type": "Object"
        },
        "$authentication": {
          "defaultValue": {},
          "type": "SecureObject"
        },
        "100-15168_site_app (kabi_10015168_site_app)": {
          "defaultValue": "https://fresenius.sharepoint.com/teams/Team-FK-Business-Application-BR-Dev",
          "type": "String",
          "metadata": {
            "schemaName": "kabi_10015168_site_app"
          }
        },
        "100-15168_Historico_procuracoes (kabi_10015168_Historico_procuracoes)": {
          "defaultValue": "a525a7d4-8cca-4425-833f-c9cc810f23dd",
          "type": "String",
          "metadata": {
            "schemaName": "kabi_10015168_Historico_procuracoes"
          }
        },
        "100-15168_Procuracoes (kabi_10015168_Procuracoes)": {
          "defaultValue": "56261c60-3e38-4545-b999-3b9ba7e480b7",
          "type": "String",
          "metadata": {
            "schemaName": "kabi_10015168_Procuracoes"
          }
        }
      },
      "triggers": {
        "manual": {
          "metadata": {
            "operationMetadataId": "ef00bbcd-e6c4-4297-ad7e-cf7bb8e10932"
          },
          "type": "Request",
          "kind": "PowerAppV2",
          "inputs": {
            "schema": {
              "type": "object",
              "properties": {
                "text": {
                  "title": "Emails-text",
                  "type": "string",
                  "x-ms-dynamically-added": true,
                  "description": "Please enter your input",
                  "x-ms-content-hint": "TEXT"
                },
                "number": {
                  "title": "ID",
                  "type": "number",
                  "x-ms-dynamically-added": true,
                  "description": "Please enter a number",
                  "x-ms-content-hint": "NUMBER"
                }
              },
              "required": [
                "text",
                "number"
              ]
            }
          }
        }
      },
      "actions": {
        "Compose_-_string_approvadores": {
          "runAfter": {},
          "metadata": {
            "operationMetadataId": "1e01e303-9fc2-40b5-b1f2-1d76ea739319"
          },
          "type": "Compose",
          "inputs": "@triggerBody()['text']"
        },
        "Create_an_approval": {
          "runAfter": {
            "Scope_-_body_approval": [
              "Succeeded"
            ]
          },
          "metadata": {
            "operationMetadataId": "feae9ec6-5bd8-4745-99e0-06f4af820324"
          },
          "type": "OpenApiConnection",
          "inputs": {
            "host": {
              "connectionName": "shared_approvals_1",
              "operationId": "CreateAnApproval",
              "apiId": "/providers/Microsoft.PowerApps/apis/shared_approvals"
            },
            "parameters": {
              "approvalType": "BasicAwaitAll",
              "ApprovalCreationInput/title": "@outputs('Compose_-_title')",
              "ApprovalCreationInput/assignedTo": "@{triggerBody()['text']};",
              "ApprovalCreationInput/details": "@outputs('Compose_-_body')",
              "ApprovalCreationInput/itemLink": "@variables('item_link')",
              "ApprovalCreationInput/itemLinkDescription": "Link para a procuração",
              "ApprovalCreationInput/requestor": "@{outputs('Get_item')?['body/Author/Email']};",
              "ApprovalCreationInput/enableNotifications": true,
              "ApprovalCreationInput/enableReassignment": true
            },
            "authentication": "@parameters('$authentication')"
          }
        },
        "Get_item": {
          "runAfter": {
            "Initialize_variable_-_item_link": [
              "Succeeded"
            ]
          },
          "metadata": {
            "operationMetadataId": "d64a5cdb-0e67-4dc1-b091-71a954e90b0d"
          },
          "type": "OpenApiConnection",
          "inputs": {
            "host": {
              "connectionName": "shared_sharepointonline_1",
              "operationId": "GetItem",
              "apiId": "/providers/Microsoft.PowerApps/apis/shared_sharepointonline"
            },
            "parameters": {
              "dataset": "@parameters('100-15168_site_app (kabi_10015168_site_app)')",
              "table": "@parameters('100-15168_Procuracoes (kabi_10015168_Procuracoes)')",
              "id": "@triggerBody()['number']"
            },
            "authentication": "@parameters('$authentication')"
          }
        },
        "Scope_-_body_approval": {
          "actions": {
            "Compose_-_body": {
              "runAfter": {
                "Compose_-_title": [
                  "Succeeded"
                ]
              },
              "metadata": {
                "operationMetadataId": "feb5a687-d40d-42c4-acdc-6260bdc91ff9"
              },
              "type": "Compose",
              "inputs": "Tipo: @{outputs('Get_item')?['body/Tipo/Value']}\nFinalidade: @{outputs('Get_item')?['body/Finalidade/Value']}\n@{if(equals(outputs('Get_item')?['body/Finalidade/Value'],'Terceiros'),'Empresa: ','')} @{if(equals(outputs('Get_item')?['body/Finalidade/Value'],'Terceiros'),outputs('Get_item')?['body/Qualaempresa_x003f_'],'')}\nOutorgados: @{outputs('Get_item')?['body/Procuradores']}\nPoderes: @{outputs('Get_item')?['body/Poderes']}"
            },
            "Set_variable_-_item_link": {
              "runAfter": {},
              "metadata": {
                "operationMetadataId": "91d55694-dca0-49a0-8621-29fff576f03f"
              },
              "type": "SetVariable",
              "inputs": {
                "name": "item_link",
                "value": "https://apps.powerapps.com/play/b3aa4cf7-e32b-441b-9e63-297d76978e00?tenantId=c98df534-5e36-459a-ac3f-8c2e449863bd?Title=Procuração?Item_ID=@{outputs('Get_item')?['body/ID']}?N_contrato=@{outputs('Get_item')?['body/ID']}"
              }
            },
            "Compose_-_title": {
              "runAfter": {
                "Set_variable_-_item_link": [
                  "Succeeded"
                ]
              },
              "metadata": {
                "operationMetadataId": "2e8328d5-18d9-49cb-9e72-2e25d49939fa"
              },
              "type": "Compose",
              "inputs": "Aprovação de Procuração Pendente – Tipo: @{outputs('Get_item')?['body/Tipo/Value']} – Nº do Sharepoint: @{outputs('Get_item')?['body/ID']} – @{outputs('Get_item')?['body/Qualodepartamento_x003f_']}"
            }
          },
          "runAfter": {
            "Get_item": [
              "Succeeded"
            ]
          },
          "metadata": {
            "operationMetadataId": "1c6c8f28-6557-4625-83fe-11cda519f5a3"
          },
          "type": "Scope"
        },
        "Wait_for_an_approval": {
          "runAfter": {
            "Respond_-_success": [
              "Succeeded"
            ]
          },
          "metadata": {
            "operationMetadataId": "05c703d5-4061-466f-9aa6-a7a06493927d"
          },
          "type": "OpenApiConnectionWebhook",
          "inputs": {
            "host": {
              "connectionName": "shared_approvals_1",
              "operationId": "WaitForAnApproval",
              "apiId": "/providers/Microsoft.PowerApps/apis/shared_approvals"
            },
            "parameters": {
              "approvalName": "@outputs('Create_an_approval')?['body/name']"
            },
            "authentication": "@parameters('$authentication')"
          }
        },
        "Update_item": {
          "runAfter": {
            "Create_an_approval": [
              "Succeeded"
            ]
          },
          "metadata": {
            "operationMetadataId": "14eb1119-0cae-402d-8812-ad2f126a83bd"
          },
          "type": "OpenApiConnection",
          "inputs": {
            "host": {
              "connectionName": "shared_sharepointonline_1",
              "operationId": "PatchItem",
              "apiId": "/providers/Microsoft.PowerApps/apis/shared_sharepointonline"
            },
            "parameters": {
              "dataset": "@parameters('100-15168_site_app (kabi_10015168_site_app)')",
              "table": "@parameters('100-15168_Procuracoes (kabi_10015168_Procuracoes)')",
              "id": "@triggerBody()['number']",
              "item/Status/Value": "Em aprovação",
              "item/Approval_ID": "@outputs('Create_an_approval')?['body/name']",
              "item/Approval_link": "@outputs('Create_an_approval')?['body/respondLink']"
            },
            "authentication": "@parameters('$authentication')"
          }
        },
        "Respond_-_success": {
          "runAfter": {
            "Scope_-_log_1": [
              "Succeeded"
            ]
          },
          "metadata": {
            "operationMetadataId": "962d5fb7-33ea-4e27-8b48-6e55f8185827"
          },
          "type": "Response",
          "kind": "PowerApp",
          "inputs": {
            "statusCode": 200,
            "body": {
              "message": "success"
            },
            "schema": {
              "type": "object",
              "properties": {
                "message": {
                  "title": "message",
                  "x-ms-dynamically-added": true,
                  "type": "string"
                }
              }
            }
          }
        },
        "Respond_-_error": {
          "runAfter": {
            "Scope_-_log_1": [
              "TimedOut",
              "Skipped",
              "Failed"
            ]
          },
          "metadata": {
            "operationMetadataId": "96bda590-18fc-4e4d-8bcc-6eb37c0806c8"
          },
          "type": "Response",
          "kind": "PowerApp",
          "inputs": {
            "statusCode": 200,
            "body": {
              "message": "error"
            },
            "schema": {
              "type": "object",
              "properties": {
                "message": {
                  "title": "message",
                  "x-ms-dynamically-added": true,
                  "type": "string"
                }
              }
            }
          }
        },
        "Scope_-_log_1": {
          "actions": {
            "Compose": {
              "runAfter": {},
              "metadata": {
                "operationMetadataId": "a808f1c0-ffab-424a-92d5-61ef4eabe944"
              },
              "type": "Compose",
              "inputs": "@split(triggerBody()['text'], ';')"
            },
            "Apply_to_each_2": {
              "foreach": "@outputs('Compose')",
              "actions": {
                "Append_to_array_variable": {
                  "runAfter": {},
                  "metadata": {
                    "operationMetadataId": "0e641d04-db22-49ab-bd55-35cfe69a0315"
                  },
                  "type": "AppendToArrayVariable",
                  "inputs": {
                    "name": "array_approvers",
                    "value": {
                      "Claims": "@items('Apply_to_each_2')"
                    }
                  }
                }
              },
              "runAfter": {
                "Compose": [
                  "Succeeded"
                ]
              },
              "metadata": {
                "operationMetadataId": "b47c3177-d0c7-45d5-ba18-8668e1856214"
              },
              "type": "Foreach"
            },
            "Create_item_-_log_1": {
              "runAfter": {
                "Apply_to_each_2": [
                  "Succeeded"
                ]
              },
              "metadata": {
                "operationMetadataId": "8fc44027-d024-448a-8370-6a2b7c9a4f0a"
              },
              "type": "OpenApiConnection",
              "inputs": {
                "host": {
                  "connectionName": "shared_sharepointonline_1",
                  "operationId": "PostItem",
                  "apiId": "/providers/Microsoft.PowerApps/apis/shared_sharepointonline"
                },
                "parameters": {
                  "dataset": "@parameters('100-15168_site_app (kabi_10015168_site_app)')",
                  "table": "@parameters('100-15168_Historico_procuracoes (kabi_10015168_Historico_procuracoes)')",
                  "item/Title": "Solicitação de aprovação enviada",
                  "item/Comments": "Link de resposta: @{outputs('Create_an_approval')?['body/respondLink']}",
                  "item/Agente": "@variables('array_approvers')",
                  "item/Data": "@outputs('Create_an_approval')?['body/requestDate']",
                  "item/Status": "@outputs('Get_item')?['body/Status/Value']",
                  "item/ID_procuracao": "@triggerBody()['number']"
                },
                "authentication": "@parameters('$authentication')"
              }
            }
          },
          "runAfter": {
            "Update_item": [
              "Succeeded"
            ]
          },
          "metadata": {
            "operationMetadataId": "2bab4e13-c1df-4e97-a1e4-a665f19de790"
          },
          "type": "Scope"
        },
        "Scope_-_log_2": {
          "actions": {
            "Apply_to_each": {
              "foreach": "@outputs('Wait_for_an_approval')?['body/responses']",
              "actions": {
                "Get_item_-_updated": {
                  "runAfter": {},
                  "metadata": {
                    "operationMetadataId": "c942f91b-a30a-4df9-8557-896de49d21fc"
                  },
                  "type": "OpenApiConnection",
                  "inputs": {
                    "host": {
                      "connectionName": "shared_sharepointonline_1",
                      "operationId": "GetItem",
                      "apiId": "/providers/Microsoft.PowerApps/apis/shared_sharepointonline"
                    },
                    "parameters": {
                      "dataset": "@parameters('100-15168_site_app (kabi_10015168_site_app)')",
                      "table": "@parameters('100-15168_Procuracoes (kabi_10015168_Procuracoes)')",
                      "id": "@triggerBody()['number']"
                    },
                    "authentication": "@parameters('$authentication')"
                  }
                },
                "Create_item_-_log_2": {
                  "runAfter": {
                    "Get_item_-_updated": [
                      "Succeeded"
                    ]
                  },
                  "metadata": {
                    "operationMetadataId": "c8c0f475-09e1-40d7-8388-f426c58a1ccd"
                  },
                  "type": "OpenApiConnection",
                  "inputs": {
                    "host": {
                      "connectionName": "shared_sharepointonline_1",
                      "operationId": "PostItem",
                      "apiId": "/providers/Microsoft.PowerApps/apis/shared_sharepointonline"
                    },
                    "parameters": {
                      "dataset": "@parameters('100-15168_site_app (kabi_10015168_site_app)')",
                      "table": "@parameters('100-15168_Historico_procuracoes (kabi_10015168_Historico_procuracoes)')",
                      "item/Title": "@if(equals(items('Apply_to_each')?['approverResponse'],'Approve'),'Aprovado','Rejeitado')",
                      "item/Comments": "@items('Apply_to_each')?['comments']",
                      "item/Agente": [
                        {
                          "Claims": "@items('Apply_to_each')?['responder/email']"
                        }
                      ],
                      "item/Data": "@outputs('Wait_for_an_approval')?['body/completionDate']",
                      "item/Status": "@outputs('Get_item_-_updated')?['body/Status/Value']",
                      "item/ID_procuracao": "@triggerBody()['number']"
                    },
                    "authentication": "@parameters('$authentication')"
                  }
                },
                "Condition": {
                  "actions": {
                    "Set_variable": {
                      "runAfter": {},
                      "metadata": {
                        "operationMetadataId": "e3501dc8-5c86-4177-bc86-ff268d2ec350"
                      },
                      "type": "SetVariable",
                      "inputs": {
                        "name": "response",
                        "value": "Rejected"
                      }
                    }
                  },
                  "runAfter": {
                    "Compose_2": [
                      "Succeeded"
                    ]
                  },
                  "expression": {
                    "not": {
                      "equals": [
                        "@items('Apply_to_each')?['approverResponse']",
                        "Approve"
                      ]
                    }
                  },
                  "metadata": {
                    "operationMetadataId": "48fc56b4-4ccc-415b-bf42-e4822306c132"
                  },
                  "type": "If"
                },
                "Compose_2": {
                  "runAfter": {
                    "Create_item_-_log_2": [
                      "Succeeded"
                    ]
                  },
                  "metadata": {
                    "operationMetadataId": "576a05a7-2a7f-46c3-9b4f-221507659d54"
                  },
                  "type": "Compose",
                  "inputs": "@items('Apply_to_each')?['approverResponse']"
                }
              },
              "runAfter": {},
              "metadata": {
                "operationMetadataId": "05a44647-48f2-460a-861b-15cd682c26e0"
              },
              "type": "Foreach"
            },
            "Update_item_-_approved": {
              "runAfter": {
                "Apply_to_each": [
                  "Succeeded"
                ]
              },
              "metadata": {
                "operationMetadataId": "4f93e002-536b-4be6-b339-46c16d1d8405"
              },
              "type": "OpenApiConnection",
              "inputs": {
                "host": {
                  "connectionName": "shared_sharepointonline_1",
                  "operationId": "PatchItem",
                  "apiId": "/providers/Microsoft.PowerApps/apis/shared_sharepointonline"
                },
                "parameters": {
                  "dataset": "@parameters('100-15168_site_app (kabi_10015168_site_app)')",
                  "table": "@parameters('100-15168_Procuracoes (kabi_10015168_Procuracoes)')",
                  "id": "@triggerBody()['number']",
                  "item/Status/Value": "@if(equals(variables('response'),'Rejected'),'Rejeitado','Em negociação - Pendente resposta do jurídico')"
                },
                "authentication": "@parameters('$authentication')"
              }
            }
          },
          "runAfter": {
            "Wait_for_an_approval": [
              "Succeeded"
            ]
          },
          "metadata": {
            "operationMetadataId": "1f4178d1-789c-4d6e-9bb5-4f2b56292397"
          },
          "type": "Scope"
        },
        "Initialize_variable_-_array_approvers": {
          "runAfter": {
            "Initialize_variable_-_response": [
              "Succeeded"
            ]
          },
          "metadata": {
            "operationMetadataId": "83389ca3-4cc1-4592-9d9b-502b34e33174"
          },
          "type": "InitializeVariable",
          "inputs": {
            "variables": [
              {
                "name": "array_approvers",
                "type": "array"
              }
            ]
          }
        },
        "Initialize_variable_-_response": {
          "runAfter": {
            "Compose_-_string_approvadores": [
              "Succeeded"
            ]
          },
          "metadata": {
            "operationMetadataId": "345cc97c-298c-4fb3-a479-6bc05d2423e5"
          },
          "type": "InitializeVariable",
          "inputs": {
            "variables": [
              {
                "name": "response",
                "type": "string"
              }
            ]
          }
        },
        "Initialize_variable_-_item_link": {
          "runAfter": {
            "Initialize_variable_-_array_approvers": [
              "Succeeded"
            ]
          },
          "metadata": {
            "operationMetadataId": "856deab0-db79-4b9c-8b0f-1c5f968e2834"
          },
          "type": "InitializeVariable",
          "inputs": {
            "variables": [
              {
                "name": "item_link",
                "type": "string"
              }
            ]
          }
        }
      }
    },
    "templateName": ""
  },
  "schemaVersion": "1.0.0.0"
}