{
  "properties": {
    "connectionReferences": {
      "shared_sharepointonline_1": {
        "runtimeSource": "embedded",
        "connection": {
          "connectionReferenceLogicalName": "kabi_10015168"
        },
        "api": {
          "name": "shared_sharepointonline"
        }
      },
      "shared_office365_1": {
        "runtimeSource": "embedded",
        "connection": {
          "connectionReferenceLogicalName": "kabi_10015168_OutlookOffice365"
        },
        "api": {
          "name": "shared_office365"
        }
      }
    },
    "definition": {
      "$schema": "https://schema.management.azure.com/providers/Microsoft.Logic/schemas/2016-06-01/workflowdefinition.json#",
      "contentVersion": "1.0.0.0",
      "parameters": {
        "$connections": {
          "defaultValue": {},
          "type": "Object"
        },
        "$authentication": {
          "defaultValue": {},
          "type": "SecureObject"
        },
        "100-15168_Aditivo (kabi_10015168_Aditivo)": {
          "defaultValue": "bce827a8-9fb8-4ff9-841a-8c26ee61692c",
          "type": "String",
          "metadata": {
            "schemaName": "kabi_10015168_Aditivo"
          }
        },
        "100-15168_Contratos (kabi_10015168_Contratos)": {
          "defaultValue": "e2719bbb-23c3-447b-9f79-254c87d9a485",
          "type": "String",
          "metadata": {
            "schemaName": "kabi_10015168_Contratos"
          }
        },
        "100-15168_site_app (kabi_10015168_site_app)": {
          "defaultValue": "https://fresenius.sharepoint.com/teams/Team-FK-Business-Application-BR-Dev",
          "type": "String",
          "metadata": {
            "schemaName": "kabi_10015168_site_app"
          }
        },
        "100-15168_Historico_aprovacoes (kabi_10015168_Historico_aprovacoes)": {
          "defaultValue": "cc750117-3a72-4a26-b4ab-f48ed09e53c4",
          "type": "String",
          "metadata": {
            "schemaName": "kabi_10015168_Historico_aprovacoes"
          }
        },
        "100-15168_Adms (kabi_10015168_Adms)": {
          "defaultValue": "edc839a9-cad4-4b14-9eb3-4ef308c8cbf5",
          "type": "String",
          "metadata": {
            "schemaName": "kabi_10015168_Adms"
          }
        },
        "100-15168_Rescisao (kabi_10015168_Rescisao)": {
          "defaultValue": "55c2d13f-37f6-4c50-82b1-52797ca14482",
          "type": "String",
          "metadata": {
            "schemaName": "kabi_10015168_Rescisao"
          }
        },
        "100-15168_app_link (kabi_10015168_app_link)": {
          "defaultValue": "https://apps.powerapps.com/play/e/5ff56345-fd52-e122-ac5d-dbecca0e2a54/a/ab48060f-7c57-491b-b353-32c603178120?tenantId=c98df534-5e36-459a-ac3f-8c2e449863bd",
          "type": "String",
          "metadata": {
            "schemaName": "kabi_10015168_app_link"
          }
        }
      },
      "triggers": {
        "When_an_item_is_created": {
          "recurrence": {
            "interval": 1,
            "frequency": "Minute"
          },
          "splitOn": "@triggerOutputs()?['body/value']",
          "metadata": {
            "operationMetadataId": "73aed71d-a80f-45a2-8bde-c4cb134fcdd3"
          },
          "type": "OpenApiConnection",
          "inputs": {
            "host": {
              "connectionName": "shared_sharepointonline_1",
              "operationId": "GetOnNewItems",
              "apiId": "/providers/Microsoft.PowerApps/apis/shared_sharepointonline"
            },
            "parameters": {
              "dataset": "@parameters('100-15168_site_app (kabi_10015168_site_app)')",
              "table": "@parameters('100-15168_Historico_aprovacoes (kabi_10015168_Historico_aprovacoes)')"
            },
            "authentication": "@parameters('$authentication')"
          }
        }
      },
      "actions": {
        "Initialize_variable_-_to": {
          "runAfter": {},
          "metadata": {
            "operationMetadataId": "2189c3a4-3695-4383-a82e-0f095cfda794"
          },
          "type": "InitializeVariable",
          "inputs": {
            "variables": [
              {
                "name": "to",
                "type": "string"
              }
            ]
          }
        },
        "Scope_-_define_to": {
          "actions": {
            "Adm": {
              "actions": {
                "Get_items_-_adm": {
                  "runAfter": {},
                  "metadata": {
                    "operationMetadataId": "a0046927-e553-47e0-8ce0-e0e98b2c44cf"
                  },
                  "type": "OpenApiConnection",
                  "inputs": {
                    "host": {
                      "connectionName": "shared_sharepointonline_1",
                      "operationId": "GetItems",
                      "apiId": "/providers/Microsoft.PowerApps/apis/shared_sharepointonline"
                    },
                    "parameters": {
                      "dataset": "@parameters('100-15168_site_app (kabi_10015168_site_app)')",
                      "table": "@parameters('100-15168_Adms (kabi_10015168_Adms)')",
                      "$filter": "Adm ne ''"
                    },
                    "authentication": "@parameters('$authentication')"
                  }
                },
                "Apply_to_each": {
                  "foreach": "@outputs('Get_items_-_adm')?['body/value']",
                  "actions": {
                    "Append_to_string_variable": {
                      "runAfter": {},
                      "metadata": {
                        "operationMetadataId": "d0ed0f69-a4ab-47ff-8366-af84f57ae07d"
                      },
                      "type": "AppendToStringVariable",
                      "inputs": {
                        "name": "to",
                        "value": "@{items('Apply_to_each')?['Adm/Email']};"
                      }
                    }
                  },
                  "runAfter": {
                    "Get_items_-_adm": [
                      "Succeeded"
                    ]
                  },
                  "metadata": {
                    "operationMetadataId": "7131523c-921e-46cc-b142-c9652cf60adc"
                  },
                  "type": "Foreach"
                }
              },
              "runAfter": {},
              "metadata": {
                "operationMetadataId": "67db6bd3-465b-4f14-97b8-6cc977e17038"
              },
              "type": "Scope"
            },
            "contrato": {
              "actions": {
                "Get_item_-_contrato": {
                  "runAfter": {},
                  "metadata": {
                    "operationMetadataId": "a8192d98-a212-44d4-a5b4-d20619959eb6"
                  },
                  "type": "OpenApiConnection",
                  "inputs": {
                    "host": {
                      "connectionName": "shared_sharepointonline_1",
                      "operationId": "GetItem",
                      "apiId": "/providers/Microsoft.PowerApps/apis/shared_sharepointonline"
                    },
                    "parameters": {
                      "dataset": "@parameters('100-15168_site_app (kabi_10015168_site_app)')",
                      "table": "@parameters('100-15168_Contratos (kabi_10015168_Contratos)')",
                      "id": "@triggerOutputs()?['body/N_x00b0_DoContrato']"
                    },
                    "authentication": "@parameters('$authentication')"
                  }
                },
                "Gestor_do_contrato": {
                  "actions": {
                    "Select": {
                      "runAfter": {},
                      "metadata": {
                        "operationMetadataId": "eee67e24-5891-4201-b6ba-9e6ac42f0020"
                      },
                      "type": "Select",
                      "inputs": {
                        "from": "@outputs('Get_item_-_contrato')?['body/GestordoContrato']",
                        "select": "@item()?['Email']"
                      }
                    },
                    "Join": {
                      "runAfter": {
                        "Select": [
                          "Succeeded"
                        ]
                      },
                      "metadata": {
                        "operationMetadataId": "7642f892-04d5-4f7c-9208-c7d6128a8676"
                      },
                      "type": "Join",
                      "inputs": {
                        "from": "@body('Select')",
                        "joinWith": ";"
                      }
                    },
                    "Append_to_string_variable_-_to_gestor_do_contrato_email": {
                      "runAfter": {
                        "Join": [
                          "Succeeded"
                        ]
                      },
                      "metadata": {
                        "operationMetadataId": "b130dbd5-aec3-43b1-8f52-69e275be72f4"
                      },
                      "type": "AppendToStringVariable",
                      "inputs": {
                        "name": "to",
                        "value": "@{body('Join')};"
                      }
                    }
                  },
                  "runAfter": {
                    "Get_item_-_contrato": [
                      "Succeeded"
                    ]
                  },
                  "metadata": {
                    "operationMetadataId": "c516e02b-7894-450f-a5b0-c01c03f13da3"
                  },
                  "type": "Scope"
                },
                "Append_to_string_variable__-_to_created_by_email": {
                  "runAfter": {
                    "Gestor_do_contrato": [
                      "Succeeded"
                    ]
                  },
                  "metadata": {
                    "operationMetadataId": "ffacb090-54cb-4f95-ae9e-85c060c01b21"
                  },
                  "type": "AppendToStringVariable",
                  "inputs": {
                    "name": "to",
                    "value": "@{outputs('Get_item_-_contrato')?['body/Author/Email']};"
                  }
                },
                "Append_to_string_variable_-_to_solicitante_interno_email": {
                  "runAfter": {
                    "Append_to_string_variable__-_to_created_by_email": [
                      "Succeeded"
                    ]
                  },
                  "metadata": {
                    "operationMetadataId": "b2176bc2-8b85-44f9-bbc8-81c9fd8d5665"
                  },
                  "type": "AppendToStringVariable",
                  "inputs": {
                    "name": "to",
                    "value": "@{outputs('Get_item_-_contrato')?['body/SolicitanteInterno/Email']};"
                  }
                },
                "Append_to_string_variable_-_to_comprador_email": {
                  "runAfter": {
                    "Append_to_string_variable_-_to_solicitante_interno_email": [
                      "Succeeded"
                    ]
                  },
                  "metadata": {
                    "operationMetadataId": "030d93fd-7aba-4c81-896c-1c825ac59c03"
                  },
                  "type": "AppendToStringVariable",
                  "inputs": {
                    "name": "to",
                    "value": "@{outputs('Get_item_-_contrato')?['body/Comprador/Email']};"
                  }
                }
              },
              "runAfter": {
                "Adm": [
                  "Succeeded"
                ]
              },
              "metadata": {
                "operationMetadataId": "24ad2797-59ad-4a78-849e-3df89baca03b"
              },
              "type": "Scope"
            }
          },
          "runAfter": {
            "Initialize_variable_-_log": [
              "Succeeded"
            ]
          },
          "metadata": {
            "operationMetadataId": "3a0ca3af-1c37-43fe-a887-78f0ea2e9bcf"
          },
          "type": "Scope"
        },
        "Tipo_doc": {
          "runAfter": {
            "Scope_-_define_to": [
              "Succeeded"
            ]
          },
          "cases": {
            "Case_2": {
              "case": "Aditivo",
              "actions": {
                "Get_item_-_aditivo": {
                  "runAfter": {},
                  "type": "OpenApiConnection",
                  "inputs": {
                    "host": {
                      "connectionName": "shared_sharepointonline_1",
                      "operationId": "GetItem",
                      "apiId": "/providers/Microsoft.PowerApps/apis/shared_sharepointonline"
                    },
                    "parameters": {
                      "dataset": "@parameters('100-15168_site_app (kabi_10015168_site_app)')",
                      "table": "@parameters('100-15168_Aditivo (kabi_10015168_Aditivo)')",
                      "id": "@triggerOutputs()?['body/Item_ID']"
                    },
                    "authentication": "@parameters('$authentication')"
                  }
                },
                "Append_to_string_variable__-_to_solicitante_interno_email_2": {
                  "runAfter": {
                    "Append_to_string_variable_-_to_created_by_email_2": [
                      "Succeeded"
                    ]
                  },
                  "type": "AppendToStringVariable",
                  "inputs": {
                    "name": "to",
                    "value": "@{outputs('Get_item_-_aditivo')?['body/SolicitanteInterno/Email']};"
                  }
                },
                "Append_to_string_variable_-_to_responsavel_pela_conc_2": {
                  "runAfter": {
                    "Append_to_string_variable__-_to_solicitante_interno_email_2": [
                      "Succeeded"
                    ]
                  },
                  "type": "AppendToStringVariable",
                  "inputs": {
                    "name": "to",
                    "value": "@{outputs('Get_item_-_contrato')?['body/Respons_x00e1_velpelaconclus_x00/Email']};"
                  }
                },
                "Append_to_string_variable_-_to_comprador_email_2": {
                  "runAfter": {
                    "Append_to_string_variable_-_to_responsavel_pela_conc_2": [
                      "Succeeded"
                    ]
                  },
                  "type": "AppendToStringVariable",
                  "inputs": {
                    "name": "to",
                    "value": "@{outputs('Get_item_-_aditivo')?['body/Comprador/Email']};"
                  }
                },
                "Append_to_string_variable_-_to_created_by_email_2": {
                  "runAfter": {
                    "Get_item_-_aditivo": [
                      "Succeeded"
                    ]
                  },
                  "type": "AppendToStringVariable",
                  "inputs": {
                    "name": "to",
                    "value": "@{outputs('Get_item_-_aditivo')?['body/Author/Email']};"
                  }
                }
              }
            },
            "Case_3": {
              "case": "Rescisão",
              "actions": {
                "Get_item_-_rescisao": {
                  "runAfter": {},
                  "type": "OpenApiConnection",
                  "inputs": {
                    "host": {
                      "connectionName": "shared_sharepointonline_1",
                      "operationId": "GetItem",
                      "apiId": "/providers/Microsoft.PowerApps/apis/shared_sharepointonline"
                    },
                    "parameters": {
                      "dataset": "@parameters('100-15168_site_app (kabi_10015168_site_app)')",
                      "table": "@parameters('100-15168_Rescisao (kabi_10015168_Rescisao)')",
                      "id": "@triggerOutputs()?['body/Item_ID']"
                    },
                    "authentication": "@parameters('$authentication')"
                  }
                },
                "Append_to_string_variable_-_to_solicitante_interno_email_3": {
                  "runAfter": {
                    "Append_to_string_variable__to_created_by_email_3": [
                      "Succeeded"
                    ]
                  },
                  "type": "AppendToStringVariable",
                  "inputs": {
                    "name": "to",
                    "value": "@{outputs('Get_item_-_rescisao')?['body/Solicitanteinterno/Email']};"
                  }
                },
                "Append_to_string_variable_-_to_responsavel_pela_conc_3": {
                  "runAfter": {
                    "Append_to_string_variable_-_to_solicitante_interno_email_3": [
                      "Succeeded"
                    ]
                  },
                  "type": "AppendToStringVariable",
                  "inputs": {
                    "name": "to",
                    "value": "@{outputs('Get_item_-_rescisao')?['body/Respons_x00e1_velpelaconclus_x00/Email']};"
                  }
                },
                "Append_to_string_variable__to_created_by_email_3": {
                  "runAfter": {
                    "Get_item_-_rescisao": [
                      "Succeeded"
                    ]
                  },
                  "type": "AppendToStringVariable",
                  "inputs": {
                    "name": "to",
                    "value": "@{outputs('Get_item_-_rescisao')?['body/Author/Email']};"
                  }
                }
              }
            }
          },
          "default": {
            "actions": {}
          },
          "expression": "@triggerOutputs()?['body/Title']",
          "metadata": {
            "operationMetadataId": "08b827cb-6ba9-4039-8294-f424d4ea18a4"
          },
          "type": "Switch"
        },
        "Initialize_variable_-_subject": {
          "runAfter": {
            "Initialize_variable_-_to": [
              "Succeeded"
            ]
          },
          "metadata": {
            "operationMetadataId": "203261a1-a97c-4b22-9b6f-7be1b718425f"
          },
          "type": "InitializeVariable",
          "inputs": {
            "variables": [
              {
                "name": "subject",
                "type": "string"
              }
            ]
          }
        },
        "Initialize_variable_-_body": {
          "runAfter": {
            "Initialize_variable_-_subject": [
              "Succeeded"
            ]
          },
          "metadata": {
            "operationMetadataId": "4d770bcf-e118-40d9-adda-7f0b7546a0e6"
          },
          "type": "InitializeVariable",
          "inputs": {
            "variables": [
              {
                "name": "body",
                "type": "string"
              }
            ]
          }
        },
        "Initialize_variable_-_files": {
          "runAfter": {
            "Initialize_variable_-_body": [
              "Succeeded"
            ]
          },
          "metadata": {
            "operationMetadataId": "151fe3ef-9ac8-4b2c-b5d3-f4fa1d969b1f"
          },
          "type": "InitializeVariable",
          "inputs": {
            "variables": [
              {
                "name": "files",
                "type": "array"
              }
            ]
          }
        },
        "Initialize_variable_-_log": {
          "runAfter": {
            "Initialize_variable_-_files": [
              "Succeeded"
            ]
          },
          "metadata": {
            "operationMetadataId": "475cd54b-7473-4683-a1e0-f11f28afb4e6"
          },
          "type": "InitializeVariable",
          "inputs": {
            "variables": [
              {
                "name": "log",
                "type": "array"
              }
            ]
          }
        },
        "Condition_2": {
          "actions": {
            "Switch": {
              "runAfter": {},
              "cases": {
                "Case": {
                  "case": "Alerta de 60 dias",
                  "actions": {
                    "Scope": {
                      "actions": {
                        "Set_variable": {
                          "runAfter": {},
                          "type": "SetVariable",
                          "inputs": {
                            "name": "subject",
                            "value": "Alerta de Contrato - Próximo do Vencimento – ID: @{outputs('Get_item_-_contrato')?['body/ID']} – @{outputs('Get_item_-_contrato')?['body/Raz_x00e3_oSocialdaoutraparte']} – @{outputs('Get_item_-_contrato')?['body/Status/Value']} – @{outputs('Get_item_-_contrato')?['body/Raz_x00e3_oSocial']}"
                          }
                        },
                        "Set_variable_2": {
                          "runAfter": {
                            "Set_variable": [
                              "Succeeded"
                            ]
                          },
                          "type": "SetVariable",
                          "inputs": {
                            "name": "body",
                            "value": "Caros usuários, o Contrato nº: @{outputs('Get_item_-_contrato')?['body/ID']} está próximo do final de sua vigência. Se houver necessidade de renovação, sugerimos que inicie o trâmite através de novo contrato ou aditivo.<br>\n\n@{outputs('Compose_-_item_to_link')}"
                          }
                        },
                        "Send_an_email_(V2)_2": {
                          "runAfter": {
                            "Set_variable_2": [
                              "Succeeded"
                            ]
                          },
                          "type": "OpenApiConnection",
                          "inputs": {
                            "host": {
                              "connectionName": "shared_office365_1",
                              "operationId": "SendEmailV2",
                              "apiId": "/providers/Microsoft.PowerApps/apis/shared_office365"
                            },
                            "parameters": {
                              "emailMessage/To": "@variables('to')",
                              "emailMessage/Subject": "@variables('subject')",
                              "emailMessage/Body": "<p>@{variables('body')}</p>",
                              "emailMessage/Importance": "Normal"
                            },
                            "authentication": "@parameters('$authentication')"
                          }
                        }
                      },
                      "runAfter": {},
                      "type": "Scope"
                    }
                  }
                }
              },
              "default": {
                "actions": {
                  "Send_an_email_(V2)": {
                    "runAfter": {},
                    "metadata": {
                      "operationMetadataId": "b9ee1238-f80d-48e7-8d55-a4cd7715d50d"
                    },
                    "type": "OpenApiConnection",
                    "inputs": {
                      "host": {
                        "connectionName": "shared_office365_1",
                        "operationId": "SendEmailV2",
                        "apiId": "/providers/Microsoft.PowerApps/apis/shared_office365"
                      },
                      "parameters": {
                        "emailMessage/To": "@variables('to')",
                        "emailMessage/Subject": "@variables('subject')",
                        "emailMessage/Body": "<p>@{variables('body')}</p>",
                        "emailMessage/Attachments": "@variables('files')",
                        "emailMessage/Importance": "Normal"
                      },
                      "authentication": "@parameters('$authentication')"
                    }
                  }
                }
              },
              "expression": "@triggerOutputs()?['body/A_x00e7__x00e3_o']",
              "metadata": {
                "operationMetadataId": "9ed41f38-ce13-4936-a96d-f06cadb43716"
              },
              "type": "Switch"
            }
          },
          "runAfter": {
            "Scope_-_message": [
              "Succeeded"
            ]
          },
          "expression": {
            "or": [
              {
                "equals": [
                  "@triggerOutputs()?['body/Title']",
                  "Contrato"
                ]
              },
              {
                "equals": [
                  "@triggerOutputs()?['body/Title']",
                  "Aditivo"
                ]
              },
              {
                "equals": [
                  "@triggerOutputs()?['body/Title']",
                  "Rescisão"
                ]
              }
            ]
          },
          "metadata": {
            "operationMetadataId": "6b5ee3a5-0f8e-4ace-83b7-734d4a0e9046"
          },
          "type": "If"
        },
        "Scope_-_message": {
          "actions": {
            "Set_variable_-_body": {
              "runAfter": {
                "Set_variable_-_subject": [
                  "Succeeded"
                ]
              },
              "metadata": {
                "operationMetadataId": "80dd060a-2485-43f0-998c-5d70b59a3fba"
              },
              "type": "SetVariable",
              "inputs": {
                "name": "body",
                "value": "Caros usuários, a solicitação ID: @{triggerOutputs()?['body/N_x00b0_DoContrato']} possui novas movimentações/alteração de status e a conclusão pode depender de uma ação sua. Por favor, acesse o link abaixo e verifique o status e andamento desta solicitação no Sharepoint do Jurídico.<br><br>\n\n<a href=\"@{outputs('Compose_-_item_to_link')}\">Link para o item</a><br><br>\n\nÚltima movimentação:<br>\n@{outputs('Compose_-_HTML')}"
              }
            },
            "Condition": {
              "actions": {
                "Get_attachments": {
                  "runAfter": {},
                  "metadata": {
                    "operationMetadataId": "717bf986-b91e-4446-9a80-bc841d213c61"
                  },
                  "type": "OpenApiConnection",
                  "inputs": {
                    "host": {
                      "connectionName": "shared_sharepointonline_1",
                      "operationId": "GetItemAttachments",
                      "apiId": "/providers/Microsoft.PowerApps/apis/shared_sharepointonline"
                    },
                    "parameters": {
                      "dataset": "@parameters('100-15168_site_app (kabi_10015168_site_app)')",
                      "table": "@parameters('100-15168_Historico_aprovacoes (kabi_10015168_Historico_aprovacoes)')",
                      "itemId": "@triggerOutputs()?['body/ID']"
                    },
                    "authentication": "@parameters('$authentication')"
                  }
                },
                "Apply_to_each_2": {
                  "foreach": "@body('Get_attachments')",
                  "actions": {
                    "Get_file_content": {
                      "runAfter": {},
                      "metadata": {
                        "operationMetadataId": "b6b72466-10ae-4002-b0db-805636f42c71"
                      },
                      "type": "OpenApiConnection",
                      "inputs": {
                        "host": {
                          "connectionName": "shared_sharepointonline_1",
                          "operationId": "GetFileContent",
                          "apiId": "/providers/Microsoft.PowerApps/apis/shared_sharepointonline"
                        },
                        "parameters": {
                          "dataset": "@parameters('100-15168_site_app (kabi_10015168_site_app)')",
                          "id": "@item()?['Id']",
                          "inferContentType": true
                        },
                        "authentication": "@parameters('$authentication')"
                      }
                    },
                    "Append_to_array_variable": {
                      "runAfter": {
                        "Get_file_content": [
                          "Succeeded"
                        ]
                      },
                      "metadata": {
                        "operationMetadataId": "1b28a7be-47cc-4f61-8d3f-4c1cb63be1b4"
                      },
                      "type": "AppendToArrayVariable",
                      "inputs": {
                        "name": "files",
                        "value": {
                          "Name": "@item()?['DisplayName']",
                          "ContentBytes": "@body('Get_file_content')"
                        }
                      }
                    }
                  },
                  "runAfter": {
                    "Get_attachments": [
                      "Succeeded"
                    ]
                  },
                  "metadata": {
                    "operationMetadataId": "5a5c87f0-0fcc-4b57-9c59-db91353cdc08"
                  },
                  "type": "Foreach"
                }
              },
              "runAfter": {
                "Set_variable_-_body": [
                  "Succeeded"
                ]
              },
              "expression": {
                "equals": [
                  "@triggerOutputs()?['body/{HasAttachments}']",
                  true
                ]
              },
              "metadata": {
                "operationMetadataId": "e49f2991-fa87-4b95-b273-a605f345a4a5"
              },
              "type": "If"
            },
            "Create_HTML_table": {
              "runAfter": {
                "Append_to_array_variable_-_log": [
                  "Succeeded"
                ]
              },
              "metadata": {
                "operationMetadataId": "ec4124cf-e2d7-4885-bd37-cf40b0949966"
              },
              "type": "Table",
              "inputs": {
                "from": "@variables('log')",
                "format": "HTML"
              }
            },
            "Set_variable_-_subject": {
              "runAfter": {
                "Compose_-_item_to_link": [
                  "Succeeded"
                ]
              },
              "metadata": {
                "operationMetadataId": "de4338e5-2d30-45bf-9928-6e557c6ba52b"
              },
              "type": "SetVariable",
              "inputs": {
                "name": "subject",
                "value": "Alerta de @{triggerOutputs()?['body/Title']} – ID: @{triggerOutputs()?['body/N_x00b0_DoContrato']} – @{outputs('Get_item_-_contrato')?['body/Raz_x00e3_oSocialdaoutraparte']} – @{triggerOutputs()?['body/Status']} – @{outputs('Get_item_-_contrato')?['body/Raz_x00e3_oSocial']}"
              }
            },
            "Compose_-_HTML": {
              "runAfter": {
                "Create_HTML_table": [
                  "Succeeded"
                ]
              },
              "metadata": {
                "operationMetadataId": "16c7d189-d40e-41bf-ba86-a84d722aa6eb"
              },
              "type": "Compose",
              "inputs": "<style>\ntable {\n  width: 100%;\n  background-color: #FFFFFF;\n  border-collapse: collapse;\n  border-width: 2px;\n  border-color: #7EA8F8;\n  border-style: solid;\n  color: #000000;\n  text-align: left;\n}\n\ntable td, table th {\n  border-width: 2px;\n  border-color: #7EA8F8;\n  border-style: solid;\n  padding: 5px;\n}\n\ntable thead {\n  background-color: #DEDEDE;\n}\n</style>\n@{body('Create_HTML_table')}"
            },
            "Append_to_array_variable_-_log": {
              "runAfter": {},
              "metadata": {
                "operationMetadataId": "86cf8c0a-3dbc-461c-9d59-c7bfb2452ae2"
              },
              "type": "AppendToArrayVariable",
              "inputs": {
                "name": "log",
                "value": {
                  "Usuário responsável": "@triggerOutputs()?['body/Aprovador']",
                  "Ação": "@triggerOutputs()?['body/A_x00e7__x00e3_o']",
                  "Comentário": "@triggerOutputs()?['body/Coment_x00e1_rios']",
                  "Data": "@formatDateTime(triggerOutputs()?['body/Created'], 'dd/MM/yyyy')"
                }
              }
            },
            "Compose_-_item_to_link": {
              "runAfter": {
                "Compose_-_HTML": [
                  "Succeeded"
                ]
              },
              "metadata": {
                "operationMetadataId": "a93e6136-bda7-4f94-8862-43f773e65e1c"
              },
              "type": "Compose",
              "inputs": "@{parameters('100-15168_app_link (kabi_10015168_app_link)')}?Title=@{triggerOutputs()?['body/Title']}?Item_ID=@{triggerOutputs()?['body/Item_ID']}?N_contrato=@{triggerOutputs()?['body/N_x00b0_DoContrato']}"
            }
          },
          "runAfter": {
            "Tipo_doc": [
              "Succeeded"
            ]
          },
          "metadata": {
            "operationMetadataId": "c5b9413a-1b70-466d-ad1e-aeb874657813"
          },
          "type": "Scope"
        }
      }
    },
    "templateName": ""
  },
  "schemaVersion": "1.0.0.0"
}