{
  "properties": {
    "connectionReferences": {
      "shared_sharepointonline": {
        "runtimeSource": "embedded",
        "connection": {
          "connectionReferenceLogicalName": "kabi_10015168"
        },
        "api": {
          "name": "shared_sharepointonline"
        }
      },
      "shared_approvals_1": {
        "runtimeSource": "embedded",
        "connection": {
          "connectionReferenceLogicalName": "kabi_10015168_approvals"
        },
        "api": {
          "name": "shared_approvals"
        }
      },
      "shared_office365_1": {
        "runtimeSource": "invoker",
        "connection": {
          "connectionReferenceLogicalName": "kabi_10015168_OutlookOffice365"
        },
        "api": {
          "name": "shared_office365"
        }
      },
      "shared_sharepointonline_1": {
        "runtimeSource": "embedded",
        "connection": {
          "connectionReferenceLogicalName": "kabi_Teste_sharepoint"
        },
        "api": {
          "name": "shared_sharepointonline"
        }
      }
    },
    "definition": {
      "$schema": "https://schema.management.azure.com/providers/Microsoft.Logic/schemas/2016-06-01/workflowdefinition.json#",
      "contentVersion": "1.0.0.0",
      "parameters": {
        "$connections": {
          "defaultValue": {},
          "type": "Object"
        },
        "$authentication": {
          "defaultValue": {},
          "type": "SecureObject"
        },
        "100-15168_Aditivo (kabi_10015168_Aditivo)": {
          "defaultValue": "bce827a8-9fb8-4ff9-841a-8c26ee61692c",
          "type": "String",
          "metadata": {
            "schemaName": "kabi_10015168_Aditivo"
          }
        },
        "100-15168_Contratos (kabi_10015168_Contratos)": {
          "defaultValue": "e2719bbb-23c3-447b-9f79-254c87d9a485",
          "type": "String",
          "metadata": {
            "schemaName": "kabi_10015168_Contratos"
          }
        },
        "100-15168_site_app (kabi_10015168_site_app)": {
          "defaultValue": "https://fresenius.sharepoint.com/teams/Team-FK-Business-Application-BR-Dev",
          "type": "String",
          "metadata": {
            "schemaName": "kabi_10015168_site_app"
          }
        },
        "100-15168_Historico_aprovacoes (kabi_10015168_Historico_aprovacoes)": {
          "defaultValue": "cc750117-3a72-4a26-b4ab-f48ed09e53c4",
          "type": "String",
          "metadata": {
            "schemaName": "kabi_10015168_Historico_aprovacoes"
          }
        },
        "100-15168_app_link (kabi_10015168_app_link)": {
          "defaultValue": "https://apps.powerapps.com/play/e/5ff56345-fd52-e122-ac5d-dbecca0e2a54/a/ab48060f-7c57-491b-b353-32c603178120?tenantId=c98df534-5e36-459a-ac3f-8c2e449863bd",
          "type": "String",
          "metadata": {
            "schemaName": "kabi_10015168_app_link"
          }
        }
      },
      "triggers": {
        "manual": {
          "metadata": {
            "operationMetadataId": "010e865e-8c50-479a-adcb-86fdca2b935a"
          },
          "type": "Request",
          "kind": "PowerAppV2",
          "inputs": {
            "schema": {
              "type": "object",
              "properties": {
                "number": {
                  "title": "ID",
                  "type": "number",
                  "x-ms-dynamically-added": true,
                  "description": "Please enter a number",
                  "x-ms-content-hint": "NUMBER"
                }
              },
              "required": [
                "number"
              ]
            }
          }
        }
      },
      "actions": {
        "Initialize_variable_-_valida": {
          "runAfter": {
            "Initialize_variable_-_ID": [
              "Succeeded"
            ]
          },
          "metadata": {
            "operationMetadataId": "7ac4905b-dd9c-4e61-b3ea-11afd59b082e"
          },
          "type": "InitializeVariable",
          "inputs": {
            "variables": [
              {
                "name": "valida",
                "type": "boolean",
                "value": false
              }
            ]
          }
        },
        "Get_item_-_contrato": {
          "runAfter": {
            "Apply_to_each_4": [
              "Succeeded"
            ]
          },
          "metadata": {
            "operationMetadataId": "6ed2051a-9f8c-4616-89cd-f9eb08c76ea1"
          },
          "type": "OpenApiConnection",
          "inputs": {
            "host": {
              "connectionName": "shared_sharepointonline",
              "operationId": "GetItem",
              "apiId": "/providers/Microsoft.PowerApps/apis/shared_sharepointonline"
            },
            "parameters": {
              "dataset": "@parameters('100-15168_site_app (kabi_10015168_site_app)')",
              "table": "@parameters('100-15168_Contratos (kabi_10015168_Contratos)')",
              "id": "@int(outputs('Get_item_-_aditivo')?['body/N_x00b0_doContrato'])"
            },
            "authentication": "@parameters('$authentication')"
          }
        },
        "Initialize_variable": {
          "runAfter": {
            "Initialize_variable_-_valida": [
              "Succeeded"
            ]
          },
          "metadata": {
            "operationMetadataId": "6a25dc23-52e3-4ecf-a418-16b22f268627"
          },
          "type": "InitializeVariable",
          "inputs": {
            "variables": [
              {
                "name": "reajuste",
                "type": "string"
              }
            ]
          }
        },
        "Apply_to_each_4": {
          "foreach": "@outputs('Get_item_-_aditivo')?['body/Oquedeveseralterado']",
          "actions": {
            "Append_to_string_variable": {
              "runAfter": {},
              "metadata": {
                "operationMetadataId": "26507f67-36af-49dd-be15-3201a517103c"
              },
              "type": "AppendToStringVariable",
              "inputs": {
                "name": "reajuste",
                "value": "@{items('Apply_to_each_4')?['Value']};"
              }
            }
          },
          "runAfter": {
            "Get_item_-_aditivo": [
              "Succeeded"
            ]
          },
          "metadata": {
            "operationMetadataId": "1b6249fc-8f43-475f-aef8-8603090746cc"
          },
          "type": "Foreach"
        },
        "Initialize_variable_-_item_link": {
          "runAfter": {
            "Initialize_variable": [
              "Succeeded"
            ]
          },
          "metadata": {
            "operationMetadataId": "b382bde9-5708-4295-b649-21ed9bda0ff1"
          },
          "type": "InitializeVariable",
          "inputs": {
            "variables": [
              {
                "name": "item_link",
                "type": "string"
              }
            ]
          }
        },
        "Set_variable_-_item_link": {
          "runAfter": {
            "Get_item_-_contrato": [
              "Succeeded"
            ]
          },
          "metadata": {
            "operationMetadataId": "102ce78b-91e6-49ab-93eb-75a27f51e019"
          },
          "type": "SetVariable",
          "inputs": {
            "name": "item_link",
            "value": "@{parameters('100-15168_app_link (kabi_10015168_app_link)')}?Title=@{outputs('Get_item_-_aditivo')?['body/Title']}?Item_ID=@{variables('ID')}?N_contrato=@{outputs('Get_item_-_aditivo')?['body/N_x00b0_doContrato']}"
          }
        },
        "Initialize_variable_-_ID": {
          "runAfter": {},
          "metadata": {
            "operationMetadataId": "6f9d99f0-1aec-466c-a878-acf437cc2af8"
          },
          "type": "InitializeVariable",
          "inputs": {
            "variables": [
              {
                "name": "ID",
                "type": "integer",
                "value": "@triggerBody()['number']"
              }
            ]
          }
        },
        "Get_item_-_aditivo": {
          "runAfter": {
            "Initialize_variable_-_approvers_name": [
              "Succeeded"
            ]
          },
          "metadata": {
            "operationMetadataId": "8b4dfea2-64fb-46f7-8bc3-741009611787"
          },
          "type": "OpenApiConnection",
          "inputs": {
            "host": {
              "connectionName": "shared_sharepointonline",
              "operationId": "GetItem",
              "apiId": "/providers/Microsoft.PowerApps/apis/shared_sharepointonline"
            },
            "parameters": {
              "dataset": "@parameters('100-15168_site_app (kabi_10015168_site_app)')",
              "table": "@parameters('100-15168_Aditivo (kabi_10015168_Aditivo)')",
              "id": "@variables('ID')"
            },
            "authentication": "@parameters('$authentication')"
          }
        },
        "Condition_5": {
          "actions": {
            "Scope_-_Aprovacao": {
              "actions": {
                "Condition": {
                  "actions": {
                    "Switch": {
                      "runAfter": {
                        "Update_item": [
                          "Succeeded"
                        ]
                      },
                      "cases": {
                        "Kabi": {
                          "case": "Fresenius Kabi",
                          "actions": {
                            "Apply_to_each": {
                              "foreach": "@outputs('Wait_for_an_approval')?['body/responses']",
                              "actions": {
                                "Condition_2": {
                                  "actions": {
                                    "Create_item_3": {
                                      "runAfter": {},
                                      "type": "OpenApiConnection",
                                      "inputs": {
                                        "host": {
                                          "connectionName": "shared_sharepointonline",
                                          "operationId": "PostItem",
                                          "apiId": "/providers/Microsoft.PowerApps/apis/shared_sharepointonline"
                                        },
                                        "parameters": {
                                          "dataset": "@parameters('100-15168_site_app (kabi_10015168_site_app)')",
                                          "table": "@parameters('100-15168_Historico_aprovacoes (kabi_10015168_Historico_aprovacoes)')",
                                          "item/Title": "@outputs('Get_item_-_aditivo')?['body/Title']",
                                          "item/N_x00b0_DoContrato": "@outputs('Get_item_-_aditivo')?['body/N_x00b0_doContrato']",
                                          "item/Criadopor/Claims": "@items('Apply_to_each')?['responder/email']",
                                          "item/A_x00e7__x00e3_o": "Reajuste Aprovado",
                                          "item/Status": "Aprovado",
                                          "item/Data": "@items('Apply_to_each')?['responseDate']",
                                          "item/Aprovador": "@items('Apply_to_each')?['responder/displayName']",
                                          "item/Coment_x00e1_rios": "@items('Apply_to_each')?['comments']",
                                          "item/Item_ID": "@variables('ID')"
                                        },
                                        "authentication": "@parameters('$authentication')"
                                      }
                                    },
                                    "Set_variable": {
                                      "runAfter": {
                                        "Create_item_3": [
                                          "Succeeded"
                                        ]
                                      },
                                      "type": "SetVariable",
                                      "inputs": {
                                        "name": "valida",
                                        "value": true
                                      }
                                    }
                                  },
                                  "runAfter": {},
                                  "else": {
                                    "actions": {
                                      "Create_item_4": {
                                        "runAfter": {},
                                        "type": "OpenApiConnection",
                                        "inputs": {
                                          "host": {
                                            "connectionName": "shared_sharepointonline",
                                            "operationId": "PostItem",
                                            "apiId": "/providers/Microsoft.PowerApps/apis/shared_sharepointonline"
                                          },
                                          "parameters": {
                                            "dataset": "@parameters('100-15168_site_app (kabi_10015168_site_app)')",
                                            "table": "@parameters('100-15168_Historico_aprovacoes (kabi_10015168_Historico_aprovacoes)')",
                                            "item/Title": "@outputs('Get_item_-_aditivo')?['body/Title']",
                                            "item/N_x00b0_DoContrato": "@outputs('Get_item_-_aditivo')?['body/N_x00b0_doContrato']",
                                            "item/Criadopor/Claims": "@items('Apply_to_each')?['responder/email']",
                                            "item/A_x00e7__x00e3_o": "Reajuste Rejeitado",
                                            "item/Status": "Rejeitado",
                                            "item/Data": "@items('Apply_to_each')?['responseDate']",
                                            "item/Aprovador": "@items('Apply_to_each')?['responder/displayName']",
                                            "item/Coment_x00e1_rios": "@items('Apply_to_each')?['comments']",
                                            "item/Item_ID": "@variables('ID')"
                                          },
                                          "authentication": "@parameters('$authentication')"
                                        }
                                      }
                                    }
                                  },
                                  "expression": {
                                    "equals": [
                                      "@items('Apply_to_each')?['approverResponse']",
                                      "Approve"
                                    ]
                                  },
                                  "type": "If"
                                }
                              },
                              "runAfter": {
                                "Wait_for_an_approval": [
                                  "Succeeded"
                                ]
                              },
                              "type": "Foreach"
                            },
                            "Wait_for_an_approval": {
                              "runAfter": {
                                "Create_item_-_log_approval_sent": [
                                  "Succeeded"
                                ]
                              },
                              "type": "OpenApiConnectionWebhook",
                              "inputs": {
                                "host": {
                                  "connectionName": "shared_approvals_1",
                                  "operationId": "WaitForAnApproval",
                                  "apiId": "/providers/Microsoft.PowerApps/apis/shared_approvals"
                                },
                                "parameters": {
                                  "approvalName": "@outputs('Create_an_approval')?['body/name']"
                                },
                                "authentication": "@parameters('$authentication')"
                              }
                            },
                            "Create_item_-_log_approval_sent": {
                              "runAfter": {
                                "Create_an_approval": [
                                  "Succeeded"
                                ]
                              },
                              "type": "OpenApiConnection",
                              "inputs": {
                                "host": {
                                  "connectionName": "shared_sharepointonline",
                                  "operationId": "PostItem",
                                  "apiId": "/providers/Microsoft.PowerApps/apis/shared_sharepointonline"
                                },
                                "parameters": {
                                  "dataset": "@parameters('100-15168_site_app (kabi_10015168_site_app)')",
                                  "table": "@parameters('100-15168_Historico_aprovacoes (kabi_10015168_Historico_aprovacoes)')",
                                  "item/Title": "@outputs('Get_item_-_aditivo')?['body/Title']",
                                  "item/N_x00b0_DoContrato": "@outputs('Get_item_-_aditivo')?['body/N_x00b0_doContrato']",
                                  "item/Criadopor/Claims": "@outputs('Get_item_-_aditivo')?['body/Author/Email']",
                                  "item/A_x00e7__x00e3_o": "Solicitação de Reajuste Enviada",
                                  "item/Status": "Em Aprovação",
                                  "item/Data": "@outputs('Create_an_approval')?['body/requestDate']",
                                  "item/Aprovador": "@outputs('Get_item_-_aditivo')?['body/Author/DisplayName']",
                                  "item/Coment_x00e1_rios": "{\n\"Aprovadores\": \"@{variables('approvers_name')}\",\n\"Link\": \"@{outputs('Create_an_approval')?['body/respondLink']}\"\n}",
                                  "item/Item_ID": "@variables('ID')",
                                  "item/ApprovalID": "@outputs('Create_an_approval')?['body/name']"
                                },
                                "authentication": "@parameters('$authentication')"
                              }
                            },
                            "Create_an_approval": {
                              "runAfter": {},
                              "type": "OpenApiConnection",
                              "inputs": {
                                "host": {
                                  "connectionName": "shared_approvals_1",
                                  "operationId": "CreateAnApproval",
                                  "apiId": "/providers/Microsoft.PowerApps/apis/shared_approvals"
                                },
                                "parameters": {
                                  "approvalType": "BasicAwaitAll",
                                  "ApprovalCreationInput/title": "Aditivo para reajuste - Pendente aprovação ID: @{outputs('Get_item_-_aditivo')?['body/ID']} /  @{outputs('Get_item_-_aditivo')?['body/Empresa_x0020_do_x0020_Grupo/Value']} / @{outputs('Get_item_-_contrato')?['body/Raz_x00e3_oSocialdaoutraparte']}",
                                  "ApprovalCreationInput/assignedTo": "antonio.graca@fresenius-kabi.com;",
                                  "ApprovalCreationInput/details": "Razão social da outra parte: @{outputs('Get_item_-_contrato')?['body/Raz_x00e3_oSocialdaoutraparte']}\nPercentual de reajuste: @{outputs('Get_item_-_aditivo')?['body/Percentual']}\nObjeto da contratação: @{outputs('Get_item_-_contrato')?['body/ObjetodaContrata_x00e7__x00e3_o']}\nO que deve ser alterado: @{outputs('Get_item_-_aditivo')?['body/Observa_x00e7__x00f5_es']}\nN° do Aditivo: @{outputs('Get_item_-_aditivo')?['body/ID']}\nCriado por: @{outputs('Get_item_-_aditivo')?['body/Author/Email']}\nData de criação: @{formatDateTime(outputs('Get_item_-_aditivo')?['body/Created'], 'dd/MM/yyyy')}\nPrazo de Vigência: @{if(equals(outputs('Update_item')?['body/Fimdoprazodevig_x00ea_ncia'], null), 'Indisponivel', formatDateTime(outputs('Get_item_-_aditivo')?['body/Fimdoprazodevig_x00ea_ncia'], 'dd/MM/yyyy'))}\n\n\n@{outputs('Get_item_-_aditivo')?['body/Oquedeveseralterado']}",
                                  "ApprovalCreationInput/itemLink": "@variables('item_link')",
                                  "ApprovalCreationInput/itemLinkDescription": "Link para o item",
                                  "ApprovalCreationInput/requestor": "@{outputs('Get_item_-_aditivo')?['body/Author/Email']};",
                                  "ApprovalCreationInput/enableNotifications": true,
                                  "ApprovalCreationInput/enableReassignment": true
                                },
                                "authentication": "@parameters('$authentication')"
                              }
                            }
                          }
                        },
                        "Hemocare": {
                          "case": "Fresenius Hemocare",
                          "actions": {
                            "Apply_to_each_2": {
                              "foreach": "@outputs('Wait_for_an_approval_2')?['body/responses']",
                              "actions": {
                                "Condition_3": {
                                  "actions": {
                                    "Create_item_5": {
                                      "runAfter": {},
                                      "type": "OpenApiConnection",
                                      "inputs": {
                                        "host": {
                                          "connectionName": "shared_sharepointonline",
                                          "operationId": "PostItem",
                                          "apiId": "/providers/Microsoft.PowerApps/apis/shared_sharepointonline"
                                        },
                                        "parameters": {
                                          "dataset": "@parameters('100-15168_site_app (kabi_10015168_site_app)')",
                                          "table": "@parameters('100-15168_Historico_aprovacoes (kabi_10015168_Historico_aprovacoes)')",
                                          "item/Title": "@outputs('Get_item_-_aditivo')?['body/Title']",
                                          "item/N_x00b0_DoContrato": "@outputs('Get_item_-_aditivo')?['body/N_x00b0_doContrato']",
                                          "item/Criadopor/Claims": "@items('Apply_to_each_2')?['responder/email']",
                                          "item/A_x00e7__x00e3_o": "Reajuste Aprovado",
                                          "item/Status": "Aprovado",
                                          "item/Data": "@items('Apply_to_each_2')?['responseDate']",
                                          "item/Aprovador": "@items('Apply_to_each_2')?['responder/displayName']",
                                          "item/Coment_x00e1_rios": "@items('Apply_to_each_2')?['comments']",
                                          "item/Item_ID": "@variables('ID')"
                                        },
                                        "authentication": "@parameters('$authentication')"
                                      }
                                    },
                                    "Set_variable_2": {
                                      "runAfter": {
                                        "Create_item_5": [
                                          "Succeeded"
                                        ]
                                      },
                                      "type": "SetVariable",
                                      "inputs": {
                                        "name": "valida",
                                        "value": true
                                      }
                                    }
                                  },
                                  "runAfter": {},
                                  "else": {
                                    "actions": {
                                      "Create_item_6": {
                                        "runAfter": {},
                                        "type": "OpenApiConnection",
                                        "inputs": {
                                          "host": {
                                            "connectionName": "shared_sharepointonline",
                                            "operationId": "PostItem",
                                            "apiId": "/providers/Microsoft.PowerApps/apis/shared_sharepointonline"
                                          },
                                          "parameters": {
                                            "dataset": "@parameters('100-15168_site_app (kabi_10015168_site_app)')",
                                            "table": "@parameters('100-15168_Historico_aprovacoes (kabi_10015168_Historico_aprovacoes)')",
                                            "item/Title": "@outputs('Get_item_-_aditivo')?['body/Title']",
                                            "item/N_x00b0_DoContrato": "@outputs('Get_item_-_aditivo')?['body/N_x00b0_doContrato']",
                                            "item/Criadopor/Claims": "@items('Apply_to_each_2')?['responder/email']",
                                            "item/A_x00e7__x00e3_o": "Reajuste Rejeitado",
                                            "item/Status": "Rejeitado",
                                            "item/Data": "@items('Apply_to_each_2')?['responseDate']",
                                            "item/Aprovador": "@items('Apply_to_each_2')?['responder/displayName']",
                                            "item/Coment_x00e1_rios": "@items('Apply_to_each_2')?['comments']",
                                            "item/Item_ID": "@variables('ID')"
                                          },
                                          "authentication": "@parameters('$authentication')"
                                        }
                                      }
                                    }
                                  },
                                  "expression": {
                                    "equals": [
                                      "@items('Apply_to_each_2')?['approverResponse']",
                                      "Approve"
                                    ]
                                  },
                                  "type": "If"
                                }
                              },
                              "runAfter": {
                                "Wait_for_an_approval_2": [
                                  "Succeeded"
                                ]
                              },
                              "type": "Foreach"
                            },
                            "Wait_for_an_approval_2": {
                              "runAfter": {
                                "Create_item_-_log_approval_sent_2": [
                                  "Succeeded"
                                ]
                              },
                              "type": "OpenApiConnectionWebhook",
                              "inputs": {
                                "host": {
                                  "connectionName": "shared_approvals_1",
                                  "operationId": "WaitForAnApproval",
                                  "apiId": "/providers/Microsoft.PowerApps/apis/shared_approvals"
                                },
                                "parameters": {
                                  "approvalName": "@outputs('Create_an_approval_2')?['body/name']"
                                },
                                "authentication": "@parameters('$authentication')"
                              }
                            },
                            "Create_item_-_log_approval_sent_2": {
                              "runAfter": {
                                "Create_an_approval_2": [
                                  "Succeeded"
                                ]
                              },
                              "type": "OpenApiConnection",
                              "inputs": {
                                "host": {
                                  "connectionName": "shared_sharepointonline",
                                  "operationId": "PostItem",
                                  "apiId": "/providers/Microsoft.PowerApps/apis/shared_sharepointonline"
                                },
                                "parameters": {
                                  "dataset": "@parameters('100-15168_site_app (kabi_10015168_site_app)')",
                                  "table": "@parameters('100-15168_Historico_aprovacoes (kabi_10015168_Historico_aprovacoes)')",
                                  "item/N_x00b0_DoContrato": "@outputs('Get_item_-_aditivo')?['body/N_x00b0_doContrato']",
                                  "item/Criadopor/Claims": "@outputs('Get_item_-_aditivo')?['body/Author/Email']",
                                  "item/A_x00e7__x00e3_o": "Solicitação de Reajuste Enviada",
                                  "item/Status": "Em Aprovação",
                                  "item/Data": "@outputs('Create_an_approval_2')?['body/requestDate']",
                                  "item/Aprovador": "@outputs('Get_item_-_aditivo')?['body/Author/DisplayName']",
                                  "item/Coment_x00e1_rios": "{\n\"Aprovadores\": \"@{variables('approvers_name')}\",\n\"Link\": \"@{outputs('Create_an_approval_2')?['body/respondLink']}\"\n}",
                                  "item/Item_ID": "@variables('ID')",
                                  "item/ApprovalID": "@outputs('Create_an_approval_2')?['body/name']"
                                },
                                "authentication": "@parameters('$authentication')"
                              }
                            },
                            "Create_an_approval_2": {
                              "runAfter": {},
                              "type": "OpenApiConnection",
                              "inputs": {
                                "host": {
                                  "connectionName": "shared_approvals_1",
                                  "operationId": "CreateAnApproval",
                                  "apiId": "/providers/Microsoft.PowerApps/apis/shared_approvals"
                                },
                                "parameters": {
                                  "approvalType": "BasicAwaitAll",
                                  "ApprovalCreationInput/title": "Aditivo para reajuste - Pendente aprovação ID: @{outputs('Get_item_-_aditivo')?['body/ID']} /  @{outputs('Get_item_-_aditivo')?['body/Empresa_x0020_do_x0020_Grupo/Value']} / @{outputs('Get_item_-_contrato')?['body/Raz_x00e3_oSocialdaoutraparte']}",
                                  "ApprovalCreationInput/assignedTo": "antonio.graca@fresenius-kabi.com;",
                                  "ApprovalCreationInput/details": "Razão social da outra parte: @{outputs('Get_item_-_contrato')?['body/Raz_x00e3_oSocialdaoutraparte']}\nPercentual de reajuste: @{outputs('Get_item_-_aditivo')?['body/Percentual']}\nObjeto da contratação: @{outputs('Get_item_-_contrato')?['body/ObjetodaContrata_x00e7__x00e3_o']}\nO que deve ser alterado: @{outputs('Get_item_-_aditivo')?['body/Observa_x00e7__x00f5_es']}\nN° do Aditivo: @{outputs('Get_item_-_aditivo')?['body/ID']}\nCriado por: @{outputs('Get_item_-_aditivo')?['body/Author/Email']}\nData de criação: @{formatDateTime(outputs('Get_item_-_aditivo')?['body/Created'], 'dd/MM/yyyy')}\nPrazo de Vigência: @{if(equals(outputs('Update_item')?['body/Fimdoprazodevig_x00ea_ncia'], null), 'Indisponivel', formatDateTime(outputs('Get_item_-_aditivo')?['body/Fimdoprazodevig_x00ea_ncia'], 'dd/MM/yyyy'))}\n\n\n@{outputs('Get_item_-_aditivo')?['body/Oquedeveseralterado']}",
                                  "ApprovalCreationInput/itemLink": "@variables('item_link')",
                                  "ApprovalCreationInput/itemLinkDescription": "Link para o item",
                                  "ApprovalCreationInput/requestor": "@{outputs('Get_item_-_aditivo')?['body/Author/Email']};",
                                  "ApprovalCreationInput/enableNotifications": true,
                                  "ApprovalCreationInput/enableReassignment": true
                                },
                                "authentication": "@parameters('$authentication')"
                              }
                            }
                          }
                        }
                      },
                      "default": {
                        "actions": {}
                      },
                      "expression": "@outputs('Get_item_-_aditivo')?['body/Empresa_x0020_do_x0020_Grupo/Value']",
                      "metadata": {
                        "operationMetadataId": "95541ff2-9e90-4697-8c04-b482bfd10c5b"
                      },
                      "type": "Switch"
                    },
                    "Update_item": {
                      "runAfter": {},
                      "metadata": {
                        "operationMetadataId": "2df500b1-3195-469a-8cf5-cf6229ae6e56"
                      },
                      "type": "OpenApiConnection",
                      "inputs": {
                        "host": {
                          "connectionName": "shared_sharepointonline",
                          "operationId": "PatchItem",
                          "apiId": "/providers/Microsoft.PowerApps/apis/shared_sharepointonline"
                        },
                        "parameters": {
                          "dataset": "@parameters('100-15168_site_app (kabi_10015168_site_app)')",
                          "table": "@parameters('100-15168_Aditivo (kabi_10015168_Aditivo)')",
                          "id": "@outputs('Get_item_-_aditivo')?['body/ID']",
                          "item/Title": "@outputs('Get_item_-_aditivo')?['body/Title']",
                          "item/Status/Value": "Em aprovação"
                        },
                        "authentication": "@parameters('$authentication')"
                      }
                    }
                  },
                  "runAfter": {},
                  "else": {
                    "actions": {
                      "Terminate": {
                        "runAfter": {},
                        "metadata": {
                          "operationMetadataId": "0aad7459-1da1-43a1-a572-708469aa0ea3"
                        },
                        "type": "Terminate",
                        "inputs": {
                          "runStatus": "Cancelled"
                        }
                      }
                    }
                  },
                  "expression": {
                    "contains": [
                      "@variables('reajuste')",
                      "Reajuste"
                    ]
                  },
                  "metadata": {
                    "operationMetadataId": "464e8f87-b155-4ba1-99a7-472a1f16724c"
                  },
                  "type": "If"
                },
                "Condition_4": {
                  "actions": {
                    "Update_item_2": {
                      "runAfter": {},
                      "metadata": {
                        "operationMetadataId": "05c7d952-ad29-4120-a69a-2a3fd7d087cf"
                      },
                      "type": "OpenApiConnection",
                      "inputs": {
                        "host": {
                          "connectionName": "shared_sharepointonline",
                          "operationId": "PatchItem",
                          "apiId": "/providers/Microsoft.PowerApps/apis/shared_sharepointonline"
                        },
                        "parameters": {
                          "dataset": "@parameters('100-15168_site_app (kabi_10015168_site_app)')",
                          "table": "@parameters('100-15168_Aditivo (kabi_10015168_Aditivo)')",
                          "id": "@variables('ID')",
                          "item/Status/Value": "Em negociação - Pendente análise do jurídico"
                        },
                        "authentication": "@parameters('$authentication')"
                      }
                    }
                  },
                  "runAfter": {
                    "Condition": [
                      "Succeeded"
                    ]
                  },
                  "else": {
                    "actions": {
                      "Update_item_3": {
                        "runAfter": {},
                        "metadata": {
                          "operationMetadataId": "e8c2df10-7362-4545-bf39-063c4e79a8a5"
                        },
                        "type": "OpenApiConnection",
                        "inputs": {
                          "host": {
                            "connectionName": "shared_sharepointonline",
                            "operationId": "PatchItem",
                            "apiId": "/providers/Microsoft.PowerApps/apis/shared_sharepointonline"
                          },
                          "parameters": {
                            "dataset": "@parameters('100-15168_site_app (kabi_10015168_site_app)')",
                            "table": "@parameters('100-15168_Aditivo (kabi_10015168_Aditivo)')",
                            "id": "@variables('ID')",
                            "item/Status/Value": "Reprovado - Pendente análise do requisitante"
                          },
                          "authentication": "@parameters('$authentication')"
                        }
                      }
                    }
                  },
                  "expression": {
                    "equals": [
                      "@variables('valida')",
                      true
                    ]
                  },
                  "metadata": {
                    "operationMetadataId": "40931b96-9b6f-485d-a57b-d14ec7569fa9"
                  },
                  "type": "If"
                }
              },
              "runAfter": {},
              "metadata": {
                "operationMetadataId": "c454a23d-b8c0-4a77-9d7a-09e6cc993cc3"
              },
              "type": "Scope"
            }
          },
          "runAfter": {
            "Scope_-_get_approvers": [
              "Succeeded"
            ]
          },
          "else": {
            "actions": {
              "Get_items_-_respond_link": {
                "runAfter": {},
                "metadata": {
                  "operationMetadataId": "363f7160-f56f-49e5-9ef1-c03c95a1289f"
                },
                "type": "OpenApiConnection",
                "inputs": {
                  "host": {
                    "connectionName": "shared_sharepointonline",
                    "operationId": "GetItems",
                    "apiId": "/providers/Microsoft.PowerApps/apis/shared_sharepointonline"
                  },
                  "parameters": {
                    "dataset": "@parameters('100-15168_site_app (kabi_10015168_site_app)')",
                    "table": "@parameters('100-15168_Historico_aprovacoes (kabi_10015168_Historico_aprovacoes)')",
                    "$filter": "Item_ID eq @{variables('ID')} and A_x00e7__x00e3_o eq 'Solicitação de Reajuste Enviada'",
                    "$orderby": "ID desc",
                    "$top": 1
                  },
                  "authentication": "@parameters('$authentication')"
                }
              },
              "Apply_to_each_5": {
                "foreach": "@outputs('Get_items_-_respond_link')?['body/value']",
                "actions": {
                  "Parse_JSON": {
                    "runAfter": {},
                    "metadata": {
                      "operationMetadataId": "965d5cff-6e61-479e-9931-e585c14a4270"
                    },
                    "type": "ParseJson",
                    "inputs": {
                      "content": "@items('Apply_to_each_5')?['Coment_x00e1_rios']",
                      "schema": {
                        "type": "object",
                        "properties": {
                          "Aprovadores": {
                            "type": "string"
                          },
                          "Link": {
                            "type": "string"
                          }
                        }
                      }
                    }
                  },
                  "Send_an_email_(V2)": {
                    "runAfter": {
                      "Parse_JSON": [
                        "Succeeded"
                      ]
                    },
                    "metadata": {
                      "operationMetadataId": "2f9aa364-acb7-46ca-81d6-b8eae0565426"
                    },
                    "type": "OpenApiConnection",
                    "inputs": {
                      "host": {
                        "connectionName": "shared_office365_1",
                        "operationId": "SendEmailV2",
                        "apiId": "/providers/Microsoft.PowerApps/apis/shared_office365"
                      },
                      "parameters": {
                        "emailMessage/To": "@variables('approvers')",
                        "emailMessage/Subject": "Aditivo para reajuste - Pendente aprovação ID: @{outputs('Get_item_-_aditivo')?['body/ID']} /  @{outputs('Get_item_-_aditivo')?['body/Empresa_x0020_do_x0020_Grupo/Value']} / @{outputs('Get_item_-_contrato')?['body/Raz_x00e3_oSocialdaoutraparte']}",
                        "emailMessage/Body": "<p>Razão social da outra parte: @{outputs('Get_item_-_contrato')?['body/Raz_x00e3_oSocialdaoutraparte']}<br>\nPercentual de reajuste: @{outputs('Get_item_-_aditivo')?['body/Percentual']}<br>\nObjeto da contratação: @{outputs('Get_item_-_contrato')?['body/ObjetodaContrata_x00e7__x00e3_o']}<br>\nO que deve ser alterado: @{outputs('Get_item_-_aditivo')?['body/Observa_x00e7__x00f5_es']}<br>\nN° do Aditivo: @{outputs('Get_item_-_aditivo')?['body/ID']}<br>\nCriado por: @{outputs('Get_item_-_aditivo')?['body/Author/Email']}<br>\nData de criação: @{formatDateTime(outputs('Get_item_-_aditivo')?['body/Created'], 'dd/MM/yyyy')}<br>\nPrazo de Vigência: @{if(equals(outputs('Get_item_-_aditivo')?['body/Fimdoprazodevig_x00ea_ncia'], null), 'Indisponivel', formatDateTime(outputs('Get_item_-_aditivo')?['body/Fimdoprazodevig_x00ea_ncia'], 'dd/MM/yyyy'))}<br>\n<br>\n<br>\n@{outputs('Get_item_-_aditivo')?['body/Oquedeveseralterado']}<br>\n<br>\n<br>\nLink para responder a aprovação: @{body('Parse_JSON')?['Link']}<br>\n<br>\nLink para o aditivo: @{variables('item_link')}</p>",
                        "emailMessage/Importance": "Normal"
                      },
                      "authentication": "@parameters('$authentication')"
                    }
                  }
                },
                "runAfter": {
                  "Get_items_-_respond_link": [
                    "Succeeded"
                  ]
                },
                "metadata": {
                  "operationMetadataId": "5221145d-5a95-4a9f-af1a-5e5c6ff806b6"
                },
                "type": "Foreach"
              }
            }
          },
          "expression": {
            "or": [
              {
                "equals": [
                  "@outputs('Get_item_-_aditivo')?['body/Status/Value']",
                  "Nova solicitação – Pendente análise do Jurídico"
                ]
              },
              {
                "and": [
                  {
                    "equals": [
                      "@outputs('Get_item_-_aditivo')?['body/Status/Value']",
                      "Em aprovação"
                    ]
                  },
                  {
                    "greaterOrEquals": [
                      "@utcNow()",
                      "@body('Add_to_time')"
                    ]
                  }
                ]
              }
            ]
          },
          "metadata": {
            "operationMetadataId": "c350ef03-8353-49f8-bb14-fb5898ded06c"
          },
          "type": "If"
        },
        "Add_to_time": {
          "runAfter": {
            "Set_variable_-_item_link": [
              "Succeeded"
            ]
          },
          "metadata": {
            "operationMetadataId": "bd91ce27-ed48-4974-baec-944ae3cbf773"
          },
          "type": "Expression",
          "kind": "AddToTime",
          "inputs": {
            "baseTime": "@outputs('Get_item_-_aditivo')?['body/Created']",
            "interval": 30,
            "timeUnit": "Day"
          }
        },
        "Initialize_variable_-_approvers": {
          "runAfter": {
            "Initialize_variable_-_item_link": [
              "Succeeded"
            ]
          },
          "metadata": {
            "operationMetadataId": "3a1a096d-52cc-49f7-8f0a-0ad6a3737636"
          },
          "type": "InitializeVariable",
          "inputs": {
            "variables": [
              {
                "name": "approvers",
                "type": "string"
              }
            ]
          }
        },
        "Initialize_variable_-_approvers_name": {
          "runAfter": {
            "Initialize_variable_-_approvers": [
              "Succeeded"
            ]
          },
          "metadata": {
            "operationMetadataId": "60c9d61c-f794-4ed5-8bf6-69cf3aab665b"
          },
          "type": "InitializeVariable",
          "inputs": {
            "variables": [
              {
                "name": "approvers_name",
                "type": "string"
              }
            ]
          }
        },
        "Scope_-_get_approvers": {
          "actions": {
            "Apply_to_each_3": {
              "foreach": "@outputs('Get_items_-_approvers')?['body/value']",
              "actions": {
                "Append_to_string_variable_-_approvers": {
                  "runAfter": {},
                  "metadata": {
                    "operationMetadataId": "06fc5be0-72d5-47a1-beb0-956c44c04095"
                  },
                  "type": "AppendToStringVariable",
                  "inputs": {
                    "name": "approvers",
                    "value": "@{items('Apply_to_each_3')?['Aprovador/Email']};"
                  }
                },
                "Append_to_string_variable_-_approvers_name": {
                  "runAfter": {
                    "Append_to_string_variable_-_approvers": [
                      "Succeeded"
                    ]
                  },
                  "metadata": {
                    "operationMetadataId": "f10a669e-a936-4997-9346-e95a2eaf83d5"
                  },
                  "type": "AppendToStringVariable",
                  "inputs": {
                    "name": "approvers_name",
                    "value": "@{items('Apply_to_each_3')?['Aprovador/DisplayName']}; "
                  }
                }
              },
              "runAfter": {
                "Get_items_-_approvers": [
                  "Succeeded"
                ]
              },
              "metadata": {
                "operationMetadataId": "feae3490-ffa2-4dd1-b094-e855fc420f71"
              },
              "type": "Foreach"
            },
            "Get_items_-_approvers": {
              "runAfter": {},
              "metadata": {
                "operationMetadataId": "771f94bd-1186-459e-a3ed-2fa19a87169f"
              },
              "type": "OpenApiConnection",
              "inputs": {
                "host": {
                  "connectionName": "shared_sharepointonline_1",
                  "operationId": "GetItems",
                  "apiId": "/providers/Microsoft.PowerApps/apis/shared_sharepointonline"
                },
                "parameters": {
                  "dataset": "@parameters('100-15168_site_app (kabi_10015168_site_app)')",
                  "table": "6eb01fcd-55ee-4af7-b1b4-1608651c424e",
                  "$filter": "Empresadogrupo eq '@{outputs('Get_item_-_aditivo')?['body/Empresa_x0020_do_x0020_Grupo/Value']}'"
                },
                "authentication": "@parameters('$authentication')"
              }
            }
          },
          "runAfter": {
            "Add_to_time": [
              "Succeeded"
            ]
          },
          "metadata": {
            "operationMetadataId": "73e9ec3f-dde5-4d86-8201-19d9a2d67bdd"
          },
          "type": "Scope"
        },
        "Scope_-_Error": {
          "actions": {
            "Update_item_4": {
              "runAfter": {},
              "metadata": {
                "operationMetadataId": "1a3b1c8b-1cf7-43ab-9c8e-8e181b3dfe07"
              },
              "type": "OpenApiConnection",
              "inputs": {
                "host": {
                  "connectionName": "shared_sharepointonline_1",
                  "operationId": "PatchItem",
                  "apiId": "/providers/Microsoft.PowerApps/apis/shared_sharepointonline"
                },
                "parameters": {
                  "dataset": "@parameters('100-15168_site_app (kabi_10015168_site_app)')",
                  "table": "@parameters('100-15168_Aditivo (kabi_10015168_Aditivo)')",
                  "id": "@variables('ID')",
                  "item/Status/Value": "Erro"
                },
                "authentication": "@parameters('$authentication')"
              }
            }
          },
          "runAfter": {
            "Condition_5": [
              "TimedOut",
              "Skipped",
              "Failed"
            ]
          },
          "metadata": {
            "operationMetadataId": "1ed1547e-169c-458e-80d2-1dd9c4f08234"
          },
          "type": "Scope"
        }
      }
    },
    "templateName": ""
  },
  "schemaVersion": "1.0.0.0"
}