{
  "properties": {
    "connectionReferences": {
      "shared_sharepointonline": {
        "runtimeSource": "embedded",
        "connection": {
          "connectionReferenceLogicalName": "kabi_10015168"
        },
        "api": {
          "name": "shared_sharepointonline"
        }
      }
    },
    "definition": {
      "$schema": "https://schema.management.azure.com/providers/Microsoft.Logic/schemas/2016-06-01/workflowdefinition.json#",
      "contentVersion": "1.0.0.0",
      "parameters": {
        "$connections": {
          "defaultValue": {},
          "type": "Object"
        },
        "$authentication": {
          "defaultValue": {},
          "type": "SecureObject"
        },
        "100-15168_Contratos (kabi_10015168_Contratos)": {
          "defaultValue": "82a4850f-aa1d-4ff6-a275-81dd94e806b8",
          "type": "String",
          "metadata": {
            "schemaName": "kabi_10015168_Contratos"
          }
        },
        "100-15168_site_app (kabi_10015168_site_app)": {
          "defaultValue": "https://fresenius.sharepoint.com/teams/Team-FK-BR-Legal",
          "type": "String",
          "metadata": {
            "schemaName": "kabi_10015168_site_app"
          }
        },
        "100-15168_Historico_aprovacoes (kabi_10015168_Historico_aprovacoes)": {
          "defaultValue": "2127a629-9137-4863-a028-59e4afc15980",
          "type": "String",
          "metadata": {
            "schemaName": "kabi_10015168_Historico_aprovacoes"
          }
        }
      },
      "triggers": {
        "Recurrence": {
          "recurrence": {
            "frequency": "Day",
            "interval": 1
          },
          "metadata": {
            "operationMetadataId": "99071c06-bc15-4505-bc12-0806ee501d74"
          },
          "type": "Recurrence"
        }
      },
      "actions": {
        "Get_items_": {
          "runAfter": {},
          "metadata": {
            "operationMetadataId": "244c21d9-747a-49f3-9a21-1a9d675c17f9"
          },
          "type": "OpenApiConnection",
          "inputs": {
            "host": {
              "connectionName": "shared_sharepointonline",
              "operationId": "GetItems",
              "apiId": "/providers/Microsoft.PowerApps/apis/shared_sharepointonline"
            },
            "parameters": {
              "dataset": "@parameters('100-15168_site_app (kabi_10015168_site_app)')",
              "table": "@parameters('100-15168_Contratos (kabi_10015168_Contratos)')",
              "$filter": "Fimdavig_x00ea_ncia eq 'false'"
            },
            "authentication": "@parameters('$authentication')"
          },
          "runtimeConfiguration": {
            "paginationPolicy": {
              "minimumItemCount": 10000
            }
          }
        },
        "Apply_to_each": {
          "foreach": "@outputs('Get_items_')?['body/value']",
          "actions": {
            "Condition_-_60_dias": {
              "actions": {
                "Create_item_-_log_60_dias": {
                  "runAfter": {},
                  "metadata": {
                    "operationMetadataId": "d0acf3df-b6d8-4127-981c-f215e6c9028c"
                  },
                  "type": "OpenApiConnection",
                  "inputs": {
                    "host": {
                      "connectionName": "shared_sharepointonline",
                      "operationId": "PostItem",
                      "apiId": "/providers/Microsoft.PowerApps/apis/shared_sharepointonline"
                    },
                    "parameters": {
                      "dataset": "@parameters('100-15168_site_app (kabi_10015168_site_app)')",
                      "table": "@parameters('100-15168_Historico_aprovacoes (kabi_10015168_Historico_aprovacoes)')",
                      "item/Title": "@items('Apply_to_each')?['Title']",
                      "item/N_x00b0_DoContrato": "@items('Apply_to_each')?['ID']",
                      "item/Criadopor/Claims": "@items('Apply_to_each')?['Author/Email']",
                      "item/Status": "@items('Apply_to_each')?['Status/Value']",
                      "item/Data": "@body('Current_time')",
                      "item/Aprovador": "Sharepoint",
                      "item/Coment_x00e1_rios": "Indisponivel",
                      "item/A_x00e7__x00e3_o": "Alerta de 60 dias",
                      "item/Item_ID": "@items('Apply_to_each')?['ID']"
                    },
                    "authentication": "@parameters('$authentication')"
                  }
                }
              },
              "runAfter": {
                "Compose_-_current_time_dd_MM_yyyy": [
                  "Succeeded"
                ]
              },
              "expression": {
                "equals": [
                  "@outputs('Compose_-_60_dias_dd_MM_yyyy')",
                  "@outputs('Compose_-_current_time_dd_MM_yyyy')"
                ]
              },
              "metadata": {
                "operationMetadataId": "e2ce7efd-f7c7-4875-86b6-98b84b3f0e63"
              },
              "type": "If"
            },
            "Compose_-_60_dias": {
              "runAfter": {},
              "metadata": {
                "operationMetadataId": "ed30a783-7991-4e04-84d7-8c9b52f781cd"
              },
              "type": "Compose",
              "inputs": "@addDays(items('Apply_to_each')?['PrazodeVig_x00ea_ncia'], -60)"
            },
            "Condition_-_Expirado": {
              "actions": {
                "Update_item": {
                  "runAfter": {},
                  "metadata": {
                    "operationMetadataId": "6e6edd81-65cb-4788-bbe7-c1d2ba22ba23"
                  },
                  "type": "OpenApiConnection",
                  "inputs": {
                    "host": {
                      "connectionName": "shared_sharepointonline",
                      "operationId": "PatchItem",
                      "apiId": "/providers/Microsoft.PowerApps/apis/shared_sharepointonline"
                    },
                    "parameters": {
                      "dataset": "@parameters('100-15168_site_app (kabi_10015168_site_app)')",
                      "table": "@parameters('100-15168_Contratos (kabi_10015168_Contratos)')",
                      "id": "@items('Apply_to_each')?['ID']",
                      "item/Status/Value": "Prazo Encerrado",
                      "item/Fimdavig_x00ea_ncia": true
                    },
                    "authentication": "@parameters('$authentication')"
                  }
                },
                "Create_item_-_log_item_expirado": {
                  "runAfter": {
                    "Update_item": [
                      "Succeeded"
                    ]
                  },
                  "metadata": {
                    "operationMetadataId": "4dd26204-8437-4a56-b09d-6106f2663c65"
                  },
                  "type": "OpenApiConnection",
                  "inputs": {
                    "host": {
                      "connectionName": "shared_sharepointonline",
                      "operationId": "PostItem",
                      "apiId": "/providers/Microsoft.PowerApps/apis/shared_sharepointonline"
                    },
                    "parameters": {
                      "dataset": "@parameters('100-15168_site_app (kabi_10015168_site_app)')",
                      "table": "@parameters('100-15168_Historico_aprovacoes (kabi_10015168_Historico_aprovacoes)')",
                      "item/Title": "@items('Apply_to_each')?['Title']",
                      "item/N_x00b0_DoContrato": "@items('Apply_to_each')?['ID']",
                      "item/Criadopor/Claims": "@items('Apply_to_each')?['Author/Email']",
                      "item/Status": "Prazo Encerrado",
                      "item/Data": "@body('Current_time')",
                      "item/Aprovador": "SharePoint",
                      "item/Coment_x00e1_rios": "Indisponivel",
                      "item/A_x00e7__x00e3_o": "Prazo encerrado",
                      "item/Item_ID": "@items('Apply_to_each')?['ID']"
                    },
                    "authentication": "@parameters('$authentication')"
                  }
                }
              },
              "runAfter": {
                "Condition_-_60_dias": [
                  "Succeeded"
                ]
              },
              "expression": {
                "and": [
                  {
                    "greater": [
                      "@body('Current_time')",
                      "@items('Apply_to_each')?['PrazodeVig_x00ea_ncia']"
                    ]
                  },
                  {
                    "equals": [
                      "@items('Apply_to_each')?['Fimdavig_x00ea_ncia']",
                      false
                    ]
                  }
                ]
              },
              "metadata": {
                "operationMetadataId": "d92acd7f-f502-49e2-8064-2e23bd17b78f"
              },
              "type": "If"
            },
            "Compose_-_current_time_dd_MM_yyyy": {
              "runAfter": {
                "Compose_-_60_dias_dd_MM_yyyy": [
                  "Succeeded"
                ]
              },
              "metadata": {
                "operationMetadataId": "9a5797a6-2a90-4f29-a269-b98245d148b7"
              },
              "type": "Compose",
              "inputs": "@formatDateTime(body('Current_time'), 'dd/MM/yyyy')"
            },
            "Compose_-_60_dias_dd_MM_yyyy": {
              "runAfter": {
                "Compose_-_60_dias": [
                  "Succeeded"
                ]
              },
              "metadata": {
                "operationMetadataId": "308b5d84-bba5-476f-a1e2-125711fa2b74"
              },
              "type": "Compose",
              "inputs": "@formatDateTime(outputs('Compose_-_60_dias'), 'dd/MM/yyyy')"
            }
          },
          "runAfter": {
            "Current_time": [
              "Succeeded"
            ]
          },
          "metadata": {
            "operationMetadataId": "4f7b1b37-3586-4f1c-94b3-0a47edea155c"
          },
          "type": "Foreach"
        },
        "Current_time": {
          "runAfter": {
            "Get_items_": [
              "Succeeded"
            ]
          },
          "metadata": {
            "operationMetadataId": "00cf0dec-b7af-4e34-ae37-59f5f1ddf1d8"
          },
          "type": "Expression",
          "kind": "CurrentTime",
          "inputs": {}
        }
      }
    },
    "templateName": ""
  },
  "schemaVersion": "1.0.0.0"
}