{
  "properties": {
    "connectionReferences": {
      "shared_sharepointonline_1": {
        "runtimeSource": "invoker",
        "connection": {
          "connectionReferenceLogicalName": "kabi_10015168"
        },
        "api": {
          "name": "shared_sharepointonline"
        }
      }
    },
    "definition": {
      "$schema": "https://schema.management.azure.com/providers/Microsoft.Logic/schemas/2016-06-01/workflowdefinition.json#",
      "contentVersion": "1.0.0.0",
      "parameters": {
        "$connections": {
          "defaultValue": {},
          "type": "Object"
        },
        "$authentication": {
          "defaultValue": {},
          "type": "SecureObject"
        },
        "100-15168_site_app (kabi_10015168_site_app)": {
          "defaultValue": "https://fresenius.sharepoint.com/teams/Team-FK-BR-Legal",
          "type": "String",
          "metadata": {
            "schemaName": "kabi_10015168_site_app"
          }
        },
        "100-15168_Historico_procuracoes (kabi_10015168_Historico_procuracoes)": {
          "defaultValue": "b4b29972-1f6e-4ab5-a77f-2a5400312645",
          "type": "String",
          "metadata": {
            "schemaName": "kabi_10015168_Historico_procuracoes"
          }
        },
        "100-15168_Procuracoes (kabi_10015168_Procuracoes)": {
          "defaultValue": "f4cad6b0-5e81-4926-a681-e0bb0f0e59a2",
          "type": "String",
          "metadata": {
            "schemaName": "kabi_10015168_Procuracoes"
          }
        }
      },
      "triggers": {
        "manual": {
          "metadata": {
            "operationMetadataId": "71fe9f86-e7be-4010-82d4-c554c8670602"
          },
          "type": "Request",
          "kind": "PowerAppV2",
          "inputs": {
            "schema": {
              "type": "object",
              "properties": {
                "text": {
                  "title": "Item",
                  "type": "string",
                  "x-ms-dynamically-added": true,
                  "description": "Please enter your input",
                  "x-ms-content-hint": "TEXT"
                }
              },
              "required": [
                "text"
              ]
            }
          }
        }
      },
      "actions": {
        "Initialize_variable_-_to": {
          "runAfter": {},
          "metadata": {
            "operationMetadataId": "3f2a4527-f065-40a0-9780-75890fb541d5"
          },
          "type": "InitializeVariable",
          "inputs": {
            "variables": [
              {
                "name": "to",
                "type": "string"
              }
            ]
          }
        },
        "Initialize_variable_-_subject": {
          "runAfter": {
            "Initialize_variable_-_to": [
              "Succeeded"
            ]
          },
          "metadata": {
            "operationMetadataId": "f7985794-d619-42e7-9109-b614b86d2912"
          },
          "type": "InitializeVariable",
          "inputs": {
            "variables": [
              {
                "name": "subject",
                "type": "string"
              }
            ]
          }
        },
        "Initialize_variable_-_body": {
          "runAfter": {
            "Initialize_variable_-_subject": [
              "Succeeded"
            ]
          },
          "metadata": {
            "operationMetadataId": "7191107c-c5af-46b9-b538-a8eed3c33e4b"
          },
          "type": "InitializeVariable",
          "inputs": {
            "variables": [
              {
                "name": "body",
                "type": "string"
              }
            ]
          }
        },
        "Initialize_variable_-_attachments": {
          "runAfter": {
            "Initialize_variable_-_body": [
              "Succeeded"
            ]
          },
          "metadata": {
            "operationMetadataId": "b75409ff-4e6e-4e6a-a50c-2b55f1f654a6"
          },
          "type": "InitializeVariable",
          "inputs": {
            "variables": [
              {
                "name": "attachments",
                "type": "array"
              }
            ]
          }
        },
        "Compose_-_item": {
          "runAfter": {
            "Initialize_variable_-_attachments": [
              "Succeeded"
            ]
          },
          "metadata": {
            "operationMetadataId": "9c195490-d11d-41d9-acc3-d566ca203cef"
          },
          "type": "Compose",
          "inputs": "@triggerBody()['text']"
        },
        "Parse_JSON_-_item": {
          "runAfter": {
            "Compose_-_item": [
              "Succeeded"
            ]
          },
          "metadata": {
            "operationMetadataId": "690ad81f-6912-4108-85da-76d6a1c88042"
          },
          "type": "ParseJson",
          "inputs": {
            "content": "@outputs('Compose_-_item')",
            "schema": {
              "type": "object",
              "properties": {
                "Title": {
                  "type": "string"
                },
                "Comments": {
                  "type": "string"
                },
                "Agente": {
                  "type": "string"
                },
                "Data": {
                  "type": "string"
                },
                "Status": {
                  "type": "string"
                },
                "ID_procuracao": {
                  "type": "integer"
                },
                "Anexos": {
                  "type": "array",
                  "properties": {
                    "Name": {
                      "type": "string"
                    },
                    "Base64": {
                      "type": "string"
                    }
                  }
                }
              }
            }
          }
        },
        "Scope_-_create_comment": {
          "actions": {
            "Create_item_-_comment": {
              "runAfter": {},
              "metadata": {
                "operationMetadataId": "5210919b-b846-49a9-bf92-2f3d75b5de79"
              },
              "type": "OpenApiConnection",
              "inputs": {
                "host": {
                  "connectionName": "shared_sharepointonline_1",
                  "operationId": "PostItem",
                  "apiId": "/providers/Microsoft.PowerApps/apis/shared_sharepointonline"
                },
                "parameters": {
                  "dataset": "@parameters('100-15168_site_app (kabi_10015168_site_app)')",
                  "table": "@parameters('100-15168_Historico_procuracoes (kabi_10015168_Historico_procuracoes)')",
                  "item/Title": "@body('Parse_JSON_-_item')?['Title']",
                  "item/Comments": "@body('Parse_JSON_-_item')?['Comments']",
                  "item/Agente": [
                    {
                      "Claims": "@body('Parse_JSON_-_item')?['Agente']"
                    }
                  ],
                  "item/Data": "@body('Parse_JSON_-_item')?['Data']",
                  "item/Status": "@body('Parse_JSON_-_item')?['Status']",
                  "item/ID_procuracao": "@body('Parse_JSON_-_item')?['ID_procuracao']"
                },
                "authentication": "@parameters('$authentication')"
              }
            },
            "Apply_to_each": {
              "foreach": "@body('Parse_JSON_-_item')?['Anexos']",
              "actions": {
                "Add_attachment": {
                  "runAfter": {},
                  "metadata": {
                    "operationMetadataId": "8a4e61fb-77c4-4593-b5d0-38b31046bb6a"
                  },
                  "type": "OpenApiConnection",
                  "inputs": {
                    "host": {
                      "connectionName": "shared_sharepointonline_1",
                      "operationId": "CreateAttachment",
                      "apiId": "/providers/Microsoft.PowerApps/apis/shared_sharepointonline"
                    },
                    "parameters": {
                      "dataset": "@parameters('100-15168_site_app (kabi_10015168_site_app)')",
                      "table": "@parameters('100-15168_Historico_procuracoes (kabi_10015168_Historico_procuracoes)')",
                      "itemId": "@outputs('Create_item_-_comment')?['body/ID']",
                      "displayName": "@item()?['Name']",
                      "body": "@base64ToBinary(item()?['Base64'])"
                    },
                    "authentication": "@parameters('$authentication')"
                  }
                },
                "Append_to_array_variable_-_attachments": {
                  "runAfter": {
                    "Add_attachment": [
                      "Succeeded"
                    ]
                  },
                  "metadata": {
                    "operationMetadataId": "d07d2656-0729-45a4-bfb1-7b3429e54a47"
                  },
                  "type": "AppendToArrayVariable",
                  "inputs": {
                    "name": "attachments",
                    "value": {
                      "Name": "@item()?['Name']",
                      "ContentBytes": "@base64ToBinary(item()?['Base64'])"
                    }
                  }
                }
              },
              "runAfter": {
                "Create_item_-_comment": [
                  "Succeeded"
                ]
              },
              "metadata": {
                "operationMetadataId": "655172b4-972a-4cba-bb3f-3c9031a60c54"
              },
              "type": "Foreach"
            }
          },
          "runAfter": {
            "Get_item_-_Procuracao": [
              "Succeeded"
            ]
          },
          "metadata": {
            "operationMetadataId": "055b741b-3c44-44a9-a676-260ab9ae8d35"
          },
          "type": "Scope"
        },
        "Get_item_-_Procuracao": {
          "runAfter": {
            "Parse_JSON_-_item": [
              "Succeeded"
            ]
          },
          "metadata": {
            "operationMetadataId": "5116b873-f3d3-4fc1-9e96-dd3fc94aa833"
          },
          "type": "OpenApiConnection",
          "inputs": {
            "host": {
              "connectionName": "shared_sharepointonline_1",
              "operationId": "GetItem",
              "apiId": "/providers/Microsoft.PowerApps/apis/shared_sharepointonline"
            },
            "parameters": {
              "dataset": "@parameters('100-15168_site_app (kabi_10015168_site_app)')",
              "table": "@parameters('100-15168_Procuracoes (kabi_10015168_Procuracoes)')",
              "id": "@body('Parse_JSON_-_item')?['ID_procuracao']"
            },
            "authentication": "@parameters('$authentication')"
          }
        }
      }
    },
    "templateName": ""
  },
  "schemaVersion": "1.0.0.0"
}