{
  "properties": {
    "connectionReferences": {
      "shared_sharepointonline_1": {
        "runtimeSource": "invoker",
        "connection": {
          "connectionReferenceLogicalName": "kabi_10015168"
        },
        "api": {
          "name": "shared_sharepointonline"
        }
      },
      "shared_approvals": {
        "runtimeSource": "invoker",
        "connection": {
          "connectionReferenceLogicalName": "kabi_10015168_approvals"
        },
        "api": {
          "name": "shared_approvals"
        }
      }
    },
    "definition": {
      "$schema": "https://schema.management.azure.com/providers/Microsoft.Logic/schemas/2016-06-01/workflowdefinition.json#",
      "contentVersion": "1.0.0.0",
      "parameters": {
        "$connections": {
          "defaultValue": {},
          "type": "Object"
        },
        "$authentication": {
          "defaultValue": {},
          "type": "SecureObject"
        },
        "100-15168_app_link (kabi_10015168_app_link)": {
          "defaultValue": "https://apps.powerapps.com/play/e/5ff56345-fd52-e122-ac5d-dbecca0e2a54/a/ab48060f-7c57-491b-b353-32c603178120?tenantId=c98df534-5e36-459a-ac3f-8c2e449863bd",
          "type": "String",
          "metadata": {
            "schemaName": "kabi_10015168_app_link"
          }
        },
        "100-15168_Contratos (kabi_10015168_Contratos)": {
          "defaultValue": "e2719bbb-23c3-447b-9f79-254c87d9a485",
          "type": "String",
          "metadata": {
            "schemaName": "kabi_10015168_Contratos"
          }
        },
        "100-15168_site_app (kabi_10015168_site_app)": {
          "defaultValue": "https://fresenius.sharepoint.com/teams/Team-FK-Business-Application-BR-Dev",
          "type": "String",
          "metadata": {
            "schemaName": "kabi_10015168_site_app"
          }
        },
        "100-15168_aprovadores_contratos (kabi_10015168_aprovadores_contratos)": {
          "defaultValue": "26ffacfd-b8bf-4aa5-ab13-386b7e29a48a",
          "type": "String",
          "metadata": {
            "schemaName": "kabi_10015168_aprovadores_contratos"
          }
        },
        "100-15168_Historico_aprovacoes (kabi_10015168_Historico_aprovacoes)": {
          "defaultValue": "cc750117-3a72-4a26-b4ab-f48ed09e53c4",
          "type": "String",
          "metadata": {
            "schemaName": "kabi_10015168_Historico_aprovacoes"
          }
        }
      },
      "triggers": {
        "manual": {
          "metadata": {
            "operationMetadataId": "8b62c835-bde7-4827-8ed5-56d10f3bd1bf"
          },
          "type": "Request",
          "kind": "PowerAppV2",
          "inputs": {
            "schema": {
              "type": "object",
              "properties": {
                "text": {
                  "title": "Emails-text",
                  "type": "string",
                  "x-ms-dynamically-added": true,
                  "description": "Please enter your input",
                  "x-ms-content-hint": "TEXT"
                },
                "number": {
                  "title": "ID",
                  "type": "number",
                  "x-ms-dynamically-added": true,
                  "description": "Please enter a number",
                  "x-ms-content-hint": "NUMBER"
                }
              },
              "required": [
                "text",
                "number"
              ]
            }
          }
        }
      },
      "actions": {
        "Initialize_variable_-_response": {
          "runAfter": {
            "Initialize_variable_-_string_approvers": [
              "Succeeded"
            ]
          },
          "metadata": {
            "operationMetadataId": "ae29ae13-6305-44bb-921f-bf8aa1b06610"
          },
          "type": "InitializeVariable",
          "inputs": {
            "variables": [
              {
                "name": "response",
                "type": "string"
              }
            ]
          }
        },
        "Initialize_variable_-_array_approvers": {
          "runAfter": {
            "Initialize_variable_-_response": [
              "Succeeded"
            ]
          },
          "metadata": {
            "operationMetadataId": "ae130a9e-9ab7-4647-8d3f-0d2712c29073"
          },
          "type": "InitializeVariable",
          "inputs": {
            "variables": [
              {
                "name": "array_approvers",
                "type": "array"
              }
            ]
          }
        },
        "Initialize_variable_-_item_link": {
          "runAfter": {
            "Initialize_variable_-_array_approvers": [
              "Succeeded"
            ]
          },
          "metadata": {
            "operationMetadataId": "509edfc9-c061-4de7-8dd9-2ceb4e1e44dd"
          },
          "type": "InitializeVariable",
          "inputs": {
            "variables": [
              {
                "name": "item_link",
                "type": "string"
              }
            ]
          }
        },
        "Get_item": {
          "runAfter": {
            "Initialize_variable_-_item_link": [
              "Succeeded"
            ]
          },
          "metadata": {
            "operationMetadataId": "16a4df6a-bd28-4c7e-ae73-465d59fd9e57"
          },
          "type": "OpenApiConnection",
          "inputs": {
            "host": {
              "connectionName": "shared_sharepointonline_1",
              "operationId": "GetItem",
              "apiId": "/providers/Microsoft.PowerApps/apis/shared_sharepointonline"
            },
            "parameters": {
              "dataset": "@parameters('100-15168_site_app (kabi_10015168_site_app)')",
              "table": "@parameters('100-15168_Contratos (kabi_10015168_Contratos)')",
              "id": "@triggerBody()['number']"
            },
            "authentication": "@parameters('$authentication')"
          }
        },
        "Scope_-_body_approval": {
          "actions": {
            "Set_variable_-_item_link": {
              "runAfter": {},
              "metadata": {
                "operationMetadataId": "f7a27818-6099-427c-84d1-1b5cf0c31038"
              },
              "type": "SetVariable",
              "inputs": {
                "name": "item_link",
                "value": "@{parameters('100-15168_app_link (kabi_10015168_app_link)')}?Title=Contrato?Item_ID=@{outputs('Get_item')?['body/ID']}?N_contrato=@{outputs('Get_item')?['body/ID']}"
              }
            },
            "Compose_-_title": {
              "runAfter": {
                "Join": [
                  "Succeeded"
                ]
              },
              "metadata": {
                "operationMetadataId": "129f5925-6e1d-455c-960e-a9da000e2a71"
              },
              "type": "Compose",
              "inputs": "Contrato guarda chuva - Pendente de aprovação ID: @{outputs('Get_item')?['body/ID']} / @{outputs('Get_item')?['body/EmpresadoGrupo/Value']} / @{outputs('Get_item')?['body/Raz_x00e3_oSocialdaoutraparte']}"
            },
            "Compose_-_body": {
              "runAfter": {
                "Compose_-_title": [
                  "Succeeded"
                ]
              },
              "metadata": {
                "operationMetadataId": "7abbd017-410d-4881-b610-5b0ba4a364cf"
              },
              "type": "Compose",
              "inputs": "Contrato de prestação de serviços na modalidade guarda chuva:\n\nRazão social da outra parte: @{outputs('Get_item')?['body/Raz_x00e3_oSocialdaoutraparte']}\nObjeto da contratação: \t@{outputs('Get_item')?['body/Descri_x00e7__x00e3_oservi_x00e7']}\nPrazo de vigência: @{formatdatetime(outputs('Get_item')?['body/Inicio_x0020_do_x0020_prazo_x002'], 'dd/MM/yyyy')} - @{formatdatetime(outputs('Get_item')?['body/PrazodeVig_x00ea_ncia'], 'dd/MM/yyyy')}\nÁrea solicitante: @{outputs('Get_item')?['body/OData__x00c1_rearespons_x00e1_velpelac']}\nGestor do Contrato: @{body('Join')}\nCriado por: @{outputs('Get_item')?['body/Author/DisplayName']}\nData de criação: @{formatDateTime(outputs('Get_item')?['body/Created'],'dd/MM/yyyy')}\n\n"
            },
            "Select": {
              "runAfter": {
                "Set_variable_-_item_link": [
                  "Succeeded"
                ]
              },
              "metadata": {
                "operationMetadataId": "f630d065-93a1-4dd6-a087-d2d3563890e7"
              },
              "type": "Select",
              "inputs": {
                "from": "@outputs('Get_item')?['body/GestordoContrato']",
                "select": "@item()?['DisplayName']"
              }
            },
            "Join": {
              "runAfter": {
                "Select": [
                  "Succeeded"
                ]
              },
              "metadata": {
                "operationMetadataId": "11ea28f6-72dc-418d-874c-c4b5f0cae45c"
              },
              "type": "Join",
              "inputs": {
                "from": "@body('Select')",
                "joinWith": ", "
              }
            }
          },
          "runAfter": {
            "Get_item": [
              "Succeeded"
            ]
          },
          "metadata": {
            "operationMetadataId": "5e40b2ab-9f8d-4bc5-af1f-87d80ce95b55"
          },
          "type": "Scope"
        },
        "Create_an_approval": {
          "runAfter": {
            "Apply_to_each": [
              "Succeeded"
            ]
          },
          "metadata": {
            "operationMetadataId": "a8d156dd-e49c-4ee0-969d-337144720ee8"
          },
          "type": "OpenApiConnection",
          "inputs": {
            "host": {
              "connectionName": "shared_approvals",
              "operationId": "CreateAnApproval",
              "apiId": "/providers/Microsoft.PowerApps/apis/shared_approvals"
            },
            "parameters": {
              "approvalType": "BasicAwaitAll",
              "ApprovalCreationInput/title": "@outputs('Compose_-_title')",
              "ApprovalCreationInput/assignedTo": "@variables('string_approvers')",
              "ApprovalCreationInput/details": "@outputs('Compose_-_body')",
              "ApprovalCreationInput/itemLink": "@variables('item_link')",
              "ApprovalCreationInput/itemLinkDescription": "Link para o contrato",
              "ApprovalCreationInput/requestor": "@{outputs('Get_item')?['body/Author/Email']};",
              "ApprovalCreationInput/enableNotifications": true,
              "ApprovalCreationInput/enableReassignment": true
            },
            "authentication": "@parameters('$authentication')"
          }
        },
        "Get_items_-_contratos_approvers": {
          "runAfter": {
            "Scope_-_body_approval": [
              "Succeeded"
            ]
          },
          "metadata": {
            "operationMetadataId": "fe18662e-0319-4ad9-ac95-f3ac172e716e"
          },
          "type": "OpenApiConnection",
          "inputs": {
            "host": {
              "connectionName": "shared_sharepointonline_1",
              "operationId": "GetItems",
              "apiId": "/providers/Microsoft.PowerApps/apis/shared_sharepointonline"
            },
            "parameters": {
              "dataset": "@parameters('100-15168_site_app (kabi_10015168_site_app)')",
              "table": "@parameters('100-15168_aprovadores_contratos (kabi_10015168_aprovadores_contratos)')",
              "$filter": "Aprovador ne '' "
            },
            "authentication": "@parameters('$authentication')"
          }
        },
        "Initialize_variable_-_string_approvers": {
          "runAfter": {},
          "metadata": {
            "operationMetadataId": "ecfa15fa-414f-479d-9250-b30ee1ad8f04"
          },
          "type": "InitializeVariable",
          "inputs": {
            "variables": [
              {
                "name": "string_approvers",
                "type": "string",
                "value": "@{triggerBody()['text']};"
              }
            ]
          }
        },
        "Apply_to_each": {
          "foreach": "@outputs('Get_items_-_contratos_approvers')?['body/value']",
          "actions": {
            "Append_to_string_variable_-_string_approvers": {
              "runAfter": {},
              "metadata": {
                "operationMetadataId": "dcb7b9a5-280b-467d-9d8f-f27d647961ee"
              },
              "type": "AppendToStringVariable",
              "inputs": {
                "name": "string_approvers",
                "value": "@{items('Apply_to_each')?['Aprovador/Email']};"
              }
            }
          },
          "runAfter": {
            "Get_items_-_contratos_approvers": [
              "Succeeded"
            ]
          },
          "metadata": {
            "operationMetadataId": "c608045b-ab7f-4a42-a57b-4de10fcdeb1b"
          },
          "type": "Foreach"
        },
        "Update_item": {
          "runAfter": {
            "Create_an_approval": [
              "Succeeded"
            ]
          },
          "metadata": {
            "operationMetadataId": "362c2f71-a46b-4832-8a7e-30e0a7302d07"
          },
          "type": "OpenApiConnection",
          "inputs": {
            "host": {
              "connectionName": "shared_sharepointonline_1",
              "operationId": "PatchItem",
              "apiId": "/providers/Microsoft.PowerApps/apis/shared_sharepointonline"
            },
            "parameters": {
              "dataset": "@parameters('100-15168_site_app (kabi_10015168_site_app)')",
              "table": "@parameters('100-15168_Contratos (kabi_10015168_Contratos)')",
              "id": "@triggerBody()['number']",
              "item/Status/Value": "Em aprovação",
              "item/Indeterminado": false
            },
            "authentication": "@parameters('$authentication')"
          }
        },
        "Scope_-_log_1": {
          "actions": {
            "Compose": {
              "runAfter": {},
              "metadata": {
                "operationMetadataId": "327387f9-80e5-4719-82ae-c045cdec2ded"
              },
              "type": "Compose",
              "inputs": "@split(variables('string_approvers'),';')"
            },
            "Apply_to_each_2": {
              "foreach": "@outputs('Compose')",
              "actions": {
                "Append_to_array_variable": {
                  "runAfter": {},
                  "metadata": {
                    "operationMetadataId": "d35149e4-15f8-4644-973f-c544e6749f6d"
                  },
                  "type": "AppendToArrayVariable",
                  "inputs": {
                    "name": "array_approvers",
                    "value": {
                      "Claims": "@items('Apply_to_each_2')"
                    }
                  }
                }
              },
              "runAfter": {
                "Compose": [
                  "Succeeded"
                ]
              },
              "metadata": {
                "operationMetadataId": "7cf5ef3d-eda5-4a12-b1df-2a3c31f6aba5"
              },
              "type": "Foreach"
            },
            "Create_item_-_log_1": {
              "runAfter": {
                "Apply_to_each_2": [
                  "Succeeded"
                ]
              },
              "metadata": {
                "operationMetadataId": "52162a9a-733b-4ca5-9573-0fb1c329bf03"
              },
              "type": "OpenApiConnection",
              "inputs": {
                "host": {
                  "connectionName": "shared_sharepointonline_1",
                  "operationId": "PostItem",
                  "apiId": "/providers/Microsoft.PowerApps/apis/shared_sharepointonline"
                },
                "parameters": {
                  "dataset": "@parameters('100-15168_site_app (kabi_10015168_site_app)')",
                  "table": "@parameters('100-15168_Historico_aprovacoes (kabi_10015168_Historico_aprovacoes)')",
                  "item/Title": "Solicitação de aprovação enviada",
                  "item/N_x00b0_DoContrato": "@outputs('Get_item')?['body/ID']",
                  "item/Criadopor/Claims": "@outputs('Get_item')?['body/Author/Email']",
                  "item/A_x00e7__x00e3_o": "Solicitação de aprovação enviada",
                  "item/Status": "@outputs('Update_item')?['body/Status/Value']",
                  "item/Data": "@utcNow()",
                  "item/Aprovador": "@variables('string_approvers')",
                  "item/Coment_x00e1_rios": "Aprovadores: @{variables('string_approvers')}\nLink de resposta: @{outputs('Create_an_approval')?['body/respondLink']}",
                  "item/Item_ID": "@outputs('Get_item')?['body/ID']",
                  "item/ApprovalID": "@outputs('Create_an_approval')?['body/name']"
                },
                "authentication": "@parameters('$authentication')"
              }
            }
          },
          "runAfter": {
            "Update_item": [
              "Succeeded"
            ]
          },
          "metadata": {
            "operationMetadataId": "d54a3389-be1a-4df5-9219-65137b806273"
          },
          "type": "Scope"
        },
        "Respond_-_success": {
          "runAfter": {
            "Scope_-_log_1": [
              "Succeeded"
            ]
          },
          "metadata": {
            "operationMetadataId": "d9e9c263-34f9-4c21-ae7f-06e2c108f078"
          },
          "type": "Response",
          "kind": "PowerApp",
          "inputs": {
            "statusCode": 200,
            "body": {
              "message": "success"
            },
            "schema": {
              "type": "object",
              "properties": {
                "message": {
                  "title": "message",
                  "x-ms-dynamically-added": true,
                  "type": "string"
                }
              }
            }
          }
        },
        "Respond_-_error": {
          "runAfter": {
            "Scope_-_log_1": [
              "TimedOut",
              "Skipped",
              "Failed"
            ]
          },
          "metadata": {
            "operationMetadataId": "8c1d5ea2-a1ea-4a4d-9447-83b286c01726"
          },
          "type": "Response",
          "kind": "PowerApp",
          "inputs": {
            "statusCode": 200,
            "body": {
              "message": "error"
            },
            "schema": {
              "type": "object",
              "properties": {
                "message": {
                  "title": "message",
                  "x-ms-dynamically-added": true,
                  "type": "string"
                }
              }
            }
          }
        },
        "Wait_for_an_approval": {
          "runAfter": {
            "Respond_-_success": [
              "Succeeded"
            ]
          },
          "metadata": {
            "operationMetadataId": "0503cdcc-6b7e-4a0e-8397-100bb16b54f4"
          },
          "type": "OpenApiConnectionWebhook",
          "inputs": {
            "host": {
              "connectionName": "shared_approvals",
              "operationId": "WaitForAnApproval",
              "apiId": "/providers/Microsoft.PowerApps/apis/shared_approvals"
            },
            "parameters": {
              "approvalName": "@outputs('Create_an_approval')?['body/name']"
            },
            "authentication": "@parameters('$authentication')"
          }
        },
        "Scope_-_log_2": {
          "actions": {
            "Apply_to_each_3": {
              "foreach": "@outputs('Wait_for_an_approval')?['body/responses']",
              "actions": {
                "Get_item_-_updated": {
                  "runAfter": {},
                  "metadata": {
                    "operationMetadataId": "e33ed1df-51bb-4d30-9633-9d0e742a0bb7"
                  },
                  "type": "OpenApiConnection",
                  "inputs": {
                    "host": {
                      "connectionName": "shared_sharepointonline_1",
                      "operationId": "GetItem",
                      "apiId": "/providers/Microsoft.PowerApps/apis/shared_sharepointonline"
                    },
                    "parameters": {
                      "dataset": "@parameters('100-15168_site_app (kabi_10015168_site_app)')",
                      "table": "@parameters('100-15168_Contratos (kabi_10015168_Contratos)')",
                      "id": "@outputs('Get_item')?['body/ID']"
                    },
                    "authentication": "@parameters('$authentication')"
                  }
                },
                "Create_item_-_log_2": {
                  "runAfter": {
                    "Get_item_-_updated": [
                      "Succeeded"
                    ]
                  },
                  "metadata": {
                    "operationMetadataId": "3a04f520-7f6b-48e9-94a2-a25cdc0f4254"
                  },
                  "type": "OpenApiConnection",
                  "inputs": {
                    "host": {
                      "connectionName": "shared_sharepointonline_1",
                      "operationId": "PostItem",
                      "apiId": "/providers/Microsoft.PowerApps/apis/shared_sharepointonline"
                    },
                    "parameters": {
                      "dataset": "@parameters('100-15168_site_app (kabi_10015168_site_app)')",
                      "table": "@parameters('100-15168_Historico_aprovacoes (kabi_10015168_Historico_aprovacoes)')",
                      "item/Title": "@if(equals(items('Apply_to_each_3')?['approverResponse'],'Approve'),'Aprovado','Rejeitado')",
                      "item/N_x00b0_DoContrato": "@outputs('Get_item_-_updated')?['body/ID']",
                      "item/Criadopor/Claims": "@outputs('Get_item_-_updated')?['body/Author/Email']",
                      "item/A_x00e7__x00e3_o": "@if(equals(items('Apply_to_each_3')?['approverResponse'],'Approve'),'Aprovado','Rejeitado')",
                      "item/Status": "@outputs('Get_item_-_updated')?['body/Status/Value']",
                      "item/Data": "@items('Apply_to_each_3')?['responseDate']",
                      "item/Aprovador": "@items('Apply_to_each_3')?['responder/displayName']",
                      "item/Coment_x00e1_rios": "@items('Apply_to_each_3')?['comments']",
                      "item/Item_ID": "@outputs('Get_item_-_updated')?['body/ID']",
                      "item/ApprovalID": "@outputs('Wait_for_an_approval')?['body/name']"
                    },
                    "authentication": "@parameters('$authentication')"
                  }
                },
                "Compose_2": {
                  "runAfter": {
                    "Create_item_-_log_2": [
                      "Succeeded"
                    ]
                  },
                  "metadata": {
                    "operationMetadataId": "1e4fd538-764b-4631-9fd0-1239d8dad23c"
                  },
                  "type": "Compose",
                  "inputs": "@items('Apply_to_each_3')?['approverResponse']"
                },
                "Condition": {
                  "actions": {
                    "Set_variable": {
                      "runAfter": {},
                      "metadata": {
                        "operationMetadataId": "d77b01d4-f939-4911-90fb-0750e5f0618c"
                      },
                      "type": "SetVariable",
                      "inputs": {
                        "name": "response",
                        "value": "Rejected"
                      }
                    }
                  },
                  "runAfter": {
                    "Compose_2": [
                      "Succeeded"
                    ]
                  },
                  "expression": {
                    "not": {
                      "equals": [
                        "@items('Apply_to_each_3')?['approverResponse']",
                        "Approve"
                      ]
                    }
                  },
                  "metadata": {
                    "operationMetadataId": "191fca3c-2a93-4542-a09e-0ff7f78534c3"
                  },
                  "type": "If"
                }
              },
              "runAfter": {},
              "metadata": {
                "operationMetadataId": "c95929f6-1f78-43e2-8347-7c312d57eb5f"
              },
              "type": "Foreach"
            },
            "Update_item_-_approved": {
              "runAfter": {
                "Apply_to_each_3": [
                  "Succeeded"
                ]
              },
              "metadata": {
                "operationMetadataId": "749ba70c-aedb-4be7-a7ef-22f7ce0c30ec"
              },
              "type": "OpenApiConnection",
              "inputs": {
                "host": {
                  "connectionName": "shared_sharepointonline_1",
                  "operationId": "PatchItem",
                  "apiId": "/providers/Microsoft.PowerApps/apis/shared_sharepointonline"
                },
                "parameters": {
                  "dataset": "@parameters('100-15168_site_app (kabi_10015168_site_app)')",
                  "table": "@parameters('100-15168_Contratos (kabi_10015168_Contratos)')",
                  "id": "@outputs('Get_item')?['body/ID']",
                  "item/Status/Value": "@if(equals(variables('response'),'Rejected'),'Rejeitado','Em negociação - Pendente análise do jurídico')"
                },
                "authentication": "@parameters('$authentication')"
              }
            }
          },
          "runAfter": {
            "Wait_for_an_approval": [
              "Succeeded"
            ]
          },
          "metadata": {
            "operationMetadataId": "2d272430-77d8-43cf-bf9b-3dd608a898e9"
          },
          "type": "Scope"
        }
      }
    },
    "templateName": ""
  },
  "schemaVersion": "1.0.0.0"
}