{
  "properties": {
    "connectionReferences": {
      "shared_sharepointonline_2": {
        "runtimeSource": "invoker",
        "connection": {
          "connectionReferenceLogicalName": "kabi_10015168"
        },
        "api": {
          "name": "shared_sharepointonline"
        }
      }
    },
    "definition": {
      "$schema": "https://schema.management.azure.com/providers/Microsoft.Logic/schemas/2016-06-01/workflowdefinition.json#",
      "contentVersion": "1.0.0.0",
      "parameters": {
        "$connections": {
          "defaultValue": {},
          "type": "Object"
        },
        "$authentication": {
          "defaultValue": {},
          "type": "SecureObject"
        },
        "100-15168_Aditivo (kabi_10015168_Aditivo)": {
          "defaultValue": "bce827a8-9fb8-4ff9-841a-8c26ee61692c",
          "type": "String",
          "metadata": {
            "schemaName": "kabi_10015168_Aditivo"
          }
        },
        "100-15168_Contratos (kabi_10015168_Contratos)": {
          "defaultValue": "e2719bbb-23c3-447b-9f79-254c87d9a485",
          "type": "String",
          "metadata": {
            "schemaName": "kabi_10015168_Contratos"
          }
        },
        "100-15168_site_app (kabi_10015168_site_app)": {
          "defaultValue": "https://fresenius.sharepoint.com/teams/Team-FK-Business-Application-BR-Dev",
          "type": "String",
          "metadata": {
            "schemaName": "kabi_10015168_site_app"
          }
        },
        "100-15168_Historico_aprovacoes (kabi_10015168_Historico_aprovacoes)": {
          "defaultValue": "cc750117-3a72-4a26-b4ab-f48ed09e53c4",
          "type": "String",
          "metadata": {
            "schemaName": "kabi_10015168_Historico_aprovacoes"
          }
        },
        "100-15168_Adms (kabi_10015168_Adms)": {
          "defaultValue": "edc839a9-cad4-4b14-9eb3-4ef308c8cbf5",
          "type": "String",
          "metadata": {
            "schemaName": "kabi_10015168_Adms"
          }
        },
        "100-15168_Rescisao (kabi_10015168_Rescisao)": {
          "defaultValue": "55c2d13f-37f6-4c50-82b1-52797ca14482",
          "type": "String",
          "metadata": {
            "schemaName": "kabi_10015168_Rescisao"
          }
        }
      },
      "triggers": {
        "manual": {
          "metadata": {
            "operationMetadataId": "598e82e7-749f-4fa8-833a-8ac40147ebe6"
          },
          "type": "Request",
          "kind": "PowerAppV2",
          "inputs": {
            "schema": {
              "type": "object",
              "properties": {
                "number": {
                  "title": "ID",
                  "type": "number",
                  "x-ms-dynamically-added": true,
                  "description": "Please enter a number",
                  "x-ms-content-hint": "NUMBER"
                },
                "text": {
                  "title": "Item",
                  "type": "string",
                  "x-ms-dynamically-added": true,
                  "description": "Please enter your input",
                  "x-ms-content-hint": "TEXT"
                }
              },
              "required": [
                "number",
                "text"
              ]
            }
          }
        }
      },
      "actions": {
        "Initialize_variable_-_to": {
          "runAfter": {},
          "metadata": {
            "operationMetadataId": "b084babf-462c-4971-83e4-6280cddab18a"
          },
          "type": "InitializeVariable",
          "inputs": {
            "variables": [
              {
                "name": "to",
                "type": "string"
              }
            ]
          }
        },
        "Initialize_variable_-_subject": {
          "runAfter": {
            "Initialize_variable_-_to": [
              "Succeeded"
            ]
          },
          "metadata": {
            "operationMetadataId": "10d7e4d2-52f9-44e1-8aa0-7d3e171fee2e"
          },
          "type": "InitializeVariable",
          "inputs": {
            "variables": [
              {
                "name": "subject",
                "type": "string"
              }
            ]
          }
        },
        "Initialize_variable_-_body": {
          "runAfter": {
            "Initialize_variable_-_subject": [
              "Succeeded"
            ]
          },
          "metadata": {
            "operationMetadataId": "e4e5bf55-03a8-41e3-a511-6a64409f4917"
          },
          "type": "InitializeVariable",
          "inputs": {
            "variables": [
              {
                "name": "body",
                "type": "string"
              }
            ]
          }
        },
        "Initialize_variable_-_attachments": {
          "runAfter": {
            "Initialize_variable_-_body": [
              "Succeeded"
            ]
          },
          "metadata": {
            "operationMetadataId": "9c680518-521c-4b62-9c52-4aa28bbc890e"
          },
          "type": "InitializeVariable",
          "inputs": {
            "variables": [
              {
                "name": "attachments",
                "type": "array"
              }
            ]
          }
        },
        "Parse_JSON_-_item": {
          "runAfter": {
            "Compose": [
              "Succeeded"
            ]
          },
          "metadata": {
            "operationMetadataId": "27525449-2974-44b1-81b1-00d40f1db5c8"
          },
          "type": "ParseJson",
          "inputs": {
            "content": "@outputs('Compose')",
            "schema": {
              "type": "object",
              "properties": {
                "ID": {
                  "type": "integer"
                },
                "Tipo": {
                  "type": "string"
                },
                "n_contrato": {
                  "type": "integer"
                },
                "Comentario": {
                  "type": "string"
                },
                "Status": {
                  "type": "string"
                },
                "Data": {
                  "type": "string"
                },
                "Agente": {
                  "type": "string"
                },
                "Email": {
                  "type": "string"
                },
                "Acao": {
                  "type": "string"
                },
                "Anexos": {
                  "type": "array",
                  "properties": {
                    "Name": {
                      "type": "string"
                    },
                    "Base64": {
                      "type": "string"
                    }
                  }
                }
              }
            }
          }
        },
        "Compose": {
          "runAfter": {
            "Initialize_variable_-_adms": [
              "Succeeded"
            ]
          },
          "metadata": {
            "operationMetadataId": "6578a672-0c79-4951-a443-5878be7584ea"
          },
          "type": "Compose",
          "inputs": "@triggerBody()['text']"
        },
        "Switch": {
          "runAfter": {
            "Apply_to_each_-_adms": [
              "Succeeded"
            ]
          },
          "cases": {
            "Case": {
              "case": "Contrato",
              "actions": {
                "Get_item_-_Contrato": {
                  "runAfter": {},
                  "type": "OpenApiConnection",
                  "inputs": {
                    "host": {
                      "connectionName": "shared_sharepointonline_2",
                      "operationId": "GetItem",
                      "apiId": "/providers/Microsoft.PowerApps/apis/shared_sharepointonline"
                    },
                    "parameters": {
                      "dataset": "@parameters('100-15168_site_app (kabi_10015168_site_app)')",
                      "table": "@parameters('100-15168_Contratos (kabi_10015168_Contratos)')",
                      "id": "@triggerBody()['number']"
                    },
                    "authentication": "@parameters('$authentication')"
                  }
                },
                "Condition": {
                  "actions": {
                    "Condition_4": {
                      "actions": {
                        "Update_item_-_solicitante_-_contrato": {
                          "runAfter": {},
                          "type": "OpenApiConnection",
                          "inputs": {
                            "host": {
                              "connectionName": "shared_sharepointonline_2",
                              "operationId": "PatchItem",
                              "apiId": "/providers/Microsoft.PowerApps/apis/shared_sharepointonline"
                            },
                            "parameters": {
                              "dataset": "@parameters('100-15168_site_app (kabi_10015168_site_app)')",
                              "table": "@parameters('100-15168_Contratos (kabi_10015168_Contratos)')",
                              "id": "@triggerBody()['number']",
                              "item/Status/Value": "Em negociação – Pendente de resposta do Solicitante"
                            },
                            "authentication": "@parameters('$authentication')"
                          }
                        },
                        "Set_variable": {
                          "runAfter": {
                            "Update_item_-_solicitante_-_contrato": [
                              "Succeeded"
                            ]
                          },
                          "type": "SetVariable",
                          "inputs": {
                            "name": "status",
                            "value": "@outputs('Update_item_-_solicitante_-_contrato')?['body/Status/Value']"
                          }
                        }
                      },
                      "runAfter": {},
                      "else": {
                        "actions": {
                          "Update_item_-_jur_-_contrato": {
                            "runAfter": {},
                            "type": "OpenApiConnection",
                            "inputs": {
                              "host": {
                                "connectionName": "shared_sharepointonline_2",
                                "operationId": "PatchItem",
                                "apiId": "/providers/Microsoft.PowerApps/apis/shared_sharepointonline"
                              },
                              "parameters": {
                                "dataset": "@parameters('100-15168_site_app (kabi_10015168_site_app)')",
                                "table": "@parameters('100-15168_Contratos (kabi_10015168_Contratos)')",
                                "id": "@triggerBody()['number']",
                                "item/Status/Value": "Em negociação - Pendente análise do jurídico"
                              },
                              "authentication": "@parameters('$authentication')"
                            }
                          },
                          "Set_variable_2": {
                            "runAfter": {
                              "Update_item_-_jur_-_contrato": [
                                "Succeeded"
                              ]
                            },
                            "type": "SetVariable",
                            "inputs": {
                              "name": "status",
                              "value": "@outputs('Update_item_-_jur_-_contrato')?['body/Status/Value']"
                            }
                          }
                        }
                      },
                      "expression": {
                        "contains": [
                          "@variables('adms')",
                          "@toLower(body('Parse_JSON_-_item')?['Email'])"
                        ]
                      },
                      "type": "If"
                    }
                  },
                  "runAfter": {
                    "Apply_to_each": [
                      "Succeeded"
                    ]
                  },
                  "expression": {
                    "or": [
                      {
                        "not": {
                          "equals": [
                            "@outputs('Get_item_-_Contrato')?['body/Status/Value']",
                            "Vigente"
                          ]
                        }
                      },
                      {
                        "not": {
                          "equals": [
                            "@outputs('Get_item_-_Contrato')?['body/Status/Value']",
                            "Prazo Encerrado"
                          ]
                        }
                      },
                      {
                        "not": {
                          "equals": [
                            "@outputs('Get_item_-_Contrato')?['body/Status/Value']",
                            "Encerrado – obrigações concluídas "
                          ]
                        }
                      },
                      {
                        "not": {
                          "equals": [
                            "@outputs('Get_item_-_Contrato')?['body/Status/Value']",
                            "Rescindido"
                          ]
                        }
                      }
                    ]
                  },
                  "type": "If"
                },
                "Apply_to_each": {
                  "foreach": "@outputs('Get_item_-_Contrato')?['body/GestordoContrato']",
                  "actions": {
                    "Append_to_array_variable_-_contract_manager": {
                      "runAfter": {},
                      "type": "AppendToArrayVariable",
                      "inputs": {
                        "name": "contract_manager",
                        "value": "@items('Apply_to_each')?['Email']"
                      }
                    }
                  },
                  "runAfter": {
                    "Get_item_-_Contrato": [
                      "Succeeded"
                    ]
                  },
                  "type": "Foreach"
                }
              }
            },
            "Case_2": {
              "case": "Aditivo",
              "actions": {
                "Get_item_-_Aditivo": {
                  "runAfter": {},
                  "type": "OpenApiConnection",
                  "inputs": {
                    "host": {
                      "connectionName": "shared_sharepointonline_2",
                      "operationId": "GetItem",
                      "apiId": "/providers/Microsoft.PowerApps/apis/shared_sharepointonline"
                    },
                    "parameters": {
                      "dataset": "@parameters('100-15168_site_app (kabi_10015168_site_app)')",
                      "table": "@parameters('100-15168_Aditivo (kabi_10015168_Aditivo)')",
                      "id": "@triggerBody()['number']"
                    },
                    "authentication": "@parameters('$authentication')"
                  }
                },
                "Condition_2": {
                  "actions": {
                    "Condition_5": {
                      "actions": {
                        "Update_item_-_solicitante_-_aditivo": {
                          "runAfter": {},
                          "type": "OpenApiConnection",
                          "inputs": {
                            "host": {
                              "connectionName": "shared_sharepointonline_2",
                              "operationId": "PatchItem",
                              "apiId": "/providers/Microsoft.PowerApps/apis/shared_sharepointonline"
                            },
                            "parameters": {
                              "dataset": "@parameters('100-15168_site_app (kabi_10015168_site_app)')",
                              "table": "@parameters('100-15168_Aditivo (kabi_10015168_Aditivo)')",
                              "id": "@triggerBody()['number']",
                              "item/Status/Value": "Em negociação – Pendente de resposta do Solicitante"
                            },
                            "authentication": "@parameters('$authentication')"
                          }
                        },
                        "Set_variable_3": {
                          "runAfter": {
                            "Update_item_-_solicitante_-_aditivo": [
                              "Succeeded"
                            ]
                          },
                          "type": "SetVariable",
                          "inputs": {
                            "name": "status",
                            "value": "@outputs('Update_item_-_solicitante_-_aditivo')?['body/Status/Value']"
                          }
                        }
                      },
                      "runAfter": {},
                      "else": {
                        "actions": {
                          "Update_item_-_jur_-_aditivo": {
                            "runAfter": {},
                            "type": "OpenApiConnection",
                            "inputs": {
                              "host": {
                                "connectionName": "shared_sharepointonline_2",
                                "operationId": "PatchItem",
                                "apiId": "/providers/Microsoft.PowerApps/apis/shared_sharepointonline"
                              },
                              "parameters": {
                                "dataset": "@parameters('100-15168_site_app (kabi_10015168_site_app)')",
                                "table": "@parameters('100-15168_Aditivo (kabi_10015168_Aditivo)')",
                                "id": "@triggerBody()['number']",
                                "item/Status/Value": "Em negociação - Pendente análise do jurídico"
                              },
                              "authentication": "@parameters('$authentication')"
                            }
                          },
                          "Set_variable_4": {
                            "runAfter": {
                              "Update_item_-_jur_-_aditivo": [
                                "Succeeded"
                              ]
                            },
                            "type": "SetVariable",
                            "inputs": {
                              "name": "status",
                              "value": "@outputs('Update_item_-_jur_-_aditivo')?['body/Status/Value']"
                            }
                          }
                        }
                      },
                      "expression": {
                        "contains": [
                          "@variables('adms')",
                          "@toLower(body('Parse_JSON_-_item')?['Email'])"
                        ]
                      },
                      "type": "If"
                    }
                  },
                  "runAfter": {
                    "Apply_to_each_3": [
                      "Succeeded"
                    ]
                  },
                  "expression": {
                    "or": [
                      {
                        "not": {
                          "equals": [
                            "@outputs('Get_item_-_Aditivo')?['body/Status/Value']",
                            "Vigente"
                          ]
                        }
                      },
                      {
                        "not": {
                          "equals": [
                            "@outputs('Get_item_-_Aditivo')?['body/Status/Value']",
                            "Prazo Encerrado"
                          ]
                        }
                      },
                      {
                        "not": {
                          "equals": [
                            "@outputs('Get_item_-_Aditivo')?['body/Status/Value']",
                            "Encerrado – obrigações concluídas "
                          ]
                        }
                      },
                      {
                        "not": {
                          "equals": [
                            "@outputs('Get_item_-_Aditivo')?['body/Status/Value']",
                            "Rescindido"
                          ]
                        }
                      }
                    ]
                  },
                  "type": "If"
                },
                "Get_item_-_Contrato_-_Aditivo": {
                  "runAfter": {
                    "Get_item_-_Aditivo": [
                      "Succeeded"
                    ]
                  },
                  "type": "OpenApiConnection",
                  "inputs": {
                    "host": {
                      "connectionName": "shared_sharepointonline_2",
                      "operationId": "GetItem",
                      "apiId": "/providers/Microsoft.PowerApps/apis/shared_sharepointonline"
                    },
                    "parameters": {
                      "dataset": "@parameters('100-15168_site_app (kabi_10015168_site_app)')",
                      "table": "@parameters('100-15168_Contratos (kabi_10015168_Contratos)')",
                      "id": "@outputs('Get_item_-_Aditivo')?['body/N_x00b0_doContrato']"
                    },
                    "authentication": "@parameters('$authentication')"
                  }
                },
                "Apply_to_each_3": {
                  "foreach": "@outputs('Get_item_-_Contrato_-_Aditivo')?['body/GestordoContrato']",
                  "actions": {
                    "Append_to_array_variable_-_contract_manager_2": {
                      "runAfter": {},
                      "type": "AppendToArrayVariable",
                      "inputs": {
                        "name": "contract_manager",
                        "value": "@items('Apply_to_each_3')?['Email']"
                      }
                    }
                  },
                  "runAfter": {
                    "Get_item_-_Contrato_-_Aditivo": [
                      "Succeeded"
                    ]
                  },
                  "type": "Foreach"
                }
              }
            },
            "Case_3": {
              "case": "Rescisão",
              "actions": {
                "Get_item_-_Rescisao": {
                  "runAfter": {},
                  "type": "OpenApiConnection",
                  "inputs": {
                    "host": {
                      "connectionName": "shared_sharepointonline_2",
                      "operationId": "GetItem",
                      "apiId": "/providers/Microsoft.PowerApps/apis/shared_sharepointonline"
                    },
                    "parameters": {
                      "dataset": "@parameters('100-15168_site_app (kabi_10015168_site_app)')",
                      "table": "@parameters('100-15168_Rescisao (kabi_10015168_Rescisao)')",
                      "id": "@triggerBody()['number']"
                    },
                    "authentication": "@parameters('$authentication')"
                  }
                },
                "Condition_3": {
                  "actions": {
                    "Condition_6": {
                      "actions": {
                        "Update_item": {
                          "runAfter": {},
                          "type": "OpenApiConnection",
                          "inputs": {
                            "host": {
                              "connectionName": "shared_sharepointonline_2",
                              "operationId": "PatchItem",
                              "apiId": "/providers/Microsoft.PowerApps/apis/shared_sharepointonline"
                            },
                            "parameters": {
                              "dataset": "@parameters('100-15168_site_app (kabi_10015168_site_app)')",
                              "table": "@parameters('100-15168_Rescisao (kabi_10015168_Rescisao)')",
                              "id": "@triggerBody()['number']",
                              "item/Status/Value": "Em negociação – Pendente de resposta do Solicitante"
                            },
                            "authentication": "@parameters('$authentication')"
                          }
                        },
                        "Set_variable_5": {
                          "runAfter": {
                            "Update_item": [
                              "Succeeded"
                            ]
                          },
                          "type": "SetVariable",
                          "inputs": {
                            "name": "status",
                            "value": "@outputs('Update_item')?['body/Status/Value']"
                          }
                        }
                      },
                      "runAfter": {},
                      "else": {
                        "actions": {
                          "Update_item_2": {
                            "runAfter": {},
                            "type": "OpenApiConnection",
                            "inputs": {
                              "host": {
                                "connectionName": "shared_sharepointonline_2",
                                "operationId": "PatchItem",
                                "apiId": "/providers/Microsoft.PowerApps/apis/shared_sharepointonline"
                              },
                              "parameters": {
                                "dataset": "@parameters('100-15168_site_app (kabi_10015168_site_app)')",
                                "table": "@parameters('100-15168_Rescisao (kabi_10015168_Rescisao)')",
                                "id": "@triggerBody()['number']",
                                "item/Status/Value": "Em negociação - Pendente análise do jurídico"
                              },
                              "authentication": "@parameters('$authentication')"
                            }
                          },
                          "Set_variable_6": {
                            "runAfter": {
                              "Update_item_2": [
                                "Succeeded"
                              ]
                            },
                            "type": "SetVariable",
                            "inputs": {
                              "name": "status",
                              "value": "@outputs('Update_item_2')?['body/Status/Value']"
                            }
                          }
                        }
                      },
                      "expression": {
                        "contains": [
                          "@variables('adms')",
                          "@toLower(body('Parse_JSON_-_item')?['Email'])"
                        ]
                      },
                      "type": "If"
                    }
                  },
                  "runAfter": {
                    "Apply_to_each_4": [
                      "Succeeded"
                    ]
                  },
                  "expression": {
                    "or": [
                      {
                        "not": {
                          "equals": [
                            "@outputs('Get_item_-_Rescisao')?['body/Status/Value']",
                            "Vigente"
                          ]
                        }
                      },
                      {
                        "not": {
                          "equals": [
                            "@outputs('Get_item_-_Rescisao')?['body/Status/Value']",
                            "Prazo Encerrado"
                          ]
                        }
                      },
                      {
                        "not": {
                          "equals": [
                            "@outputs('Get_item_-_Rescisao')?['body/Status/Value']",
                            "Encerrado – obrigações concluídas "
                          ]
                        }
                      },
                      {
                        "not": {
                          "equals": [
                            "@outputs('Get_item_-_Rescisao')?['body/Status/Value']",
                            "Rescindido"
                          ]
                        }
                      }
                    ]
                  },
                  "type": "If"
                },
                "Get_item_-_Contrato_-_Rescisao": {
                  "runAfter": {
                    "Get_item_-_Rescisao": [
                      "Succeeded"
                    ]
                  },
                  "type": "OpenApiConnection",
                  "inputs": {
                    "host": {
                      "connectionName": "shared_sharepointonline_2",
                      "operationId": "GetItem",
                      "apiId": "/providers/Microsoft.PowerApps/apis/shared_sharepointonline"
                    },
                    "parameters": {
                      "dataset": "@parameters('100-15168_site_app (kabi_10015168_site_app)')",
                      "table": "@parameters('100-15168_Contratos (kabi_10015168_Contratos)')",
                      "id": "@outputs('Get_item_-_Rescisao')?['body/N_x00b0_doContrato']"
                    },
                    "authentication": "@parameters('$authentication')"
                  }
                },
                "Apply_to_each_4": {
                  "foreach": "@outputs('Get_item_-_Contrato_-_Rescisao')?['body/GestordoContrato']",
                  "actions": {
                    "Append_to_array_variable_-_contract_manager_3": {
                      "runAfter": {},
                      "type": "AppendToArrayVariable",
                      "inputs": {
                        "name": "contract_manager",
                        "value": "@items('Apply_to_each_4')?['Email']"
                      }
                    }
                  },
                  "runAfter": {
                    "Get_item_-_Contrato_-_Rescisao": [
                      "Succeeded"
                    ]
                  },
                  "type": "Foreach"
                }
              }
            }
          },
          "default": {
            "actions": {}
          },
          "expression": "@body('Parse_JSON_-_item')?['Tipo']",
          "metadata": {
            "operationMetadataId": "8f3f797b-5b9b-4812-acb2-238b3648391c"
          },
          "type": "Switch"
        },
        "Respond_to_a_PowerApp_or_flow": {
          "runAfter": {
            "Scope_-_cria_comentário": [
              "Succeeded"
            ]
          },
          "metadata": {
            "operationMetadataId": "bd754d4e-c640-4d77-ab00-f922c23c8db2"
          },
          "type": "Response",
          "kind": "PowerApp",
          "inputs": {
            "statusCode": 200,
            "body": {
              "message": "success"
            },
            "schema": {
              "type": "object",
              "properties": {
                "message": {
                  "title": "message",
                  "x-ms-dynamically-added": true,
                  "type": "string"
                }
              }
            }
          }
        },
        "Respond_to_a_PowerApp_or_flow_2": {
          "runAfter": {
            "Scope_-_cria_comentário": [
              "TimedOut",
              "Skipped",
              "Failed"
            ]
          },
          "metadata": {
            "operationMetadataId": "1713bf37-d2f4-4390-97ad-f8afe78d0594"
          },
          "type": "Response",
          "kind": "PowerApp",
          "inputs": {
            "statusCode": 200,
            "body": {
              "message": "error"
            },
            "schema": {
              "type": "object",
              "properties": {
                "message": {
                  "title": "message",
                  "x-ms-dynamically-added": true,
                  "type": "string"
                }
              }
            }
          }
        },
        "Scope_-_cria_comentário": {
          "actions": {
            "Create_item_-_comentário": {
              "runAfter": {},
              "metadata": {
                "operationMetadataId": "ea835e81-3436-44aa-8634-548933390304"
              },
              "type": "OpenApiConnection",
              "inputs": {
                "host": {
                  "connectionName": "shared_sharepointonline_2",
                  "operationId": "PostItem",
                  "apiId": "/providers/Microsoft.PowerApps/apis/shared_sharepointonline"
                },
                "parameters": {
                  "dataset": "@parameters('100-15168_site_app (kabi_10015168_site_app)')",
                  "table": "@parameters('100-15168_Historico_aprovacoes (kabi_10015168_Historico_aprovacoes)')",
                  "item/Title": "@body('Parse_JSON_-_item')?['Tipo']",
                  "item/N_x00b0_DoContrato": "@body('Parse_JSON_-_item')?['n_contrato']",
                  "item/Criadopor/Claims": "@body('Parse_JSON_-_item')?['Email']",
                  "item/A_x00e7__x00e3_o": "@body('Parse_JSON_-_item')?['Acao']",
                  "item/Status": "@variables('status')",
                  "item/Data": "@body('Parse_JSON_-_item')?['Data']",
                  "item/Aprovador": "@body('Parse_JSON_-_item')?['Agente']",
                  "item/Coment_x00e1_rios": "@body('Parse_JSON_-_item')?['Comentario']",
                  "item/Item_ID": "@body('Parse_JSON_-_item')?['ID']"
                },
                "authentication": "@parameters('$authentication')"
              }
            },
            "Apply_to_each_2": {
              "foreach": "@body('Parse_JSON_-_item')?['Anexos']",
              "actions": {
                "Add_attachment": {
                  "runAfter": {},
                  "metadata": {
                    "operationMetadataId": "f9e2fcb8-1b66-4bc6-9477-dda8b729d77f"
                  },
                  "type": "OpenApiConnection",
                  "inputs": {
                    "host": {
                      "connectionName": "shared_sharepointonline_2",
                      "operationId": "CreateAttachment",
                      "apiId": "/providers/Microsoft.PowerApps/apis/shared_sharepointonline"
                    },
                    "parameters": {
                      "dataset": "@parameters('100-15168_site_app (kabi_10015168_site_app)')",
                      "table": "@parameters('100-15168_Historico_aprovacoes (kabi_10015168_Historico_aprovacoes)')",
                      "itemId": "@outputs('Create_item_-_comentário')?['body/ID']",
                      "displayName": "@Item()?['Name']",
                      "body": "@base64ToBinary(Item()?['Base64'])"
                    },
                    "authentication": "@parameters('$authentication')"
                  }
                }
              },
              "runAfter": {
                "Create_item_-_comentário": [
                  "Succeeded"
                ]
              },
              "metadata": {
                "operationMetadataId": "098100bb-3da0-4d56-98c4-ec6fff55b9b5"
              },
              "type": "Foreach"
            }
          },
          "runAfter": {
            "Switch": [
              "Succeeded"
            ]
          },
          "metadata": {
            "operationMetadataId": "eece5fe8-ab97-47ab-9cae-9cab988a6dde"
          },
          "type": "Scope"
        },
        "Initialize_variable_-_status": {
          "runAfter": {
            "Initialize_variable_-_attachments": [
              "Succeeded"
            ]
          },
          "metadata": {
            "operationMetadataId": "0acddf4d-787f-4e1f-b0db-8ac0cc9d29df"
          },
          "type": "InitializeVariable",
          "inputs": {
            "variables": [
              {
                "name": "status",
                "type": "string"
              }
            ]
          }
        },
        "Initialize_variable_-_contract_manager": {
          "runAfter": {
            "Initialize_variable_-_status": [
              "Succeeded"
            ]
          },
          "metadata": {
            "operationMetadataId": "3a4c4b8e-e0d8-4234-8cf1-113d6656e49f"
          },
          "type": "InitializeVariable",
          "inputs": {
            "variables": [
              {
                "name": "contract_manager",
                "type": "array"
              }
            ]
          }
        },
        "Get_items_-_adms": {
          "runAfter": {
            "Parse_JSON_-_item": [
              "Succeeded"
            ]
          },
          "metadata": {
            "operationMetadataId": "041c0693-11f4-4f0b-b4aa-0e470eb95ef9"
          },
          "type": "OpenApiConnection",
          "inputs": {
            "host": {
              "connectionName": "shared_sharepointonline_2",
              "operationId": "GetItems",
              "apiId": "/providers/Microsoft.PowerApps/apis/shared_sharepointonline"
            },
            "parameters": {
              "dataset": "@parameters('100-15168_site_app (kabi_10015168_site_app)')",
              "table": "@parameters('100-15168_Adms (kabi_10015168_Adms)')",
              "$filter": "Adm ne ''"
            },
            "authentication": "@parameters('$authentication')"
          }
        },
        "Initialize_variable_-_adms": {
          "runAfter": {
            "Initialize_variable_-_contract_manager": [
              "Succeeded"
            ]
          },
          "metadata": {
            "operationMetadataId": "781ca917-d173-4a6b-9536-5f9e344f8ddc"
          },
          "type": "InitializeVariable",
          "inputs": {
            "variables": [
              {
                "name": "adms",
                "type": "array"
              }
            ]
          }
        },
        "Apply_to_each_-_adms": {
          "foreach": "@outputs('Get_items_-_adms')?['body/value']",
          "actions": {
            "Append_to_array_variable_-_adms": {
              "runAfter": {},
              "metadata": {
                "operationMetadataId": "4b00ac5f-7636-4fa5-bd91-7708d554e194"
              },
              "type": "AppendToArrayVariable",
              "inputs": {
                "name": "adms",
                "value": "@toLower(items('Apply_to_each_-_adms')?['Adm/Email'])"
              }
            }
          },
          "runAfter": {
            "Get_items_-_adms": [
              "Succeeded"
            ]
          },
          "metadata": {
            "operationMetadataId": "c3838594-65d0-4355-9d62-b88a1e7b24b4"
          },
          "type": "Foreach"
        }
      }
    },
    "templateName": ""
  },
  "schemaVersion": "1.0.0.0"
}