<ImportExportXml xmlns:xsi="http://www.w3.org/2001/XMLSchema-instance">
  <Entities></Entities>
  <Roles></Roles>
  <Workflows>
    <Workflow WorkflowId="{4b65bfbb-ca28-ed11-9db1-000d3a47372f}" Name="008 - notifications">
      <JsonFileName>/Workflows/008-notifications-4B65BFBB-CA28-ED11-9DB1-000D3A47372F.json</JsonFileName>
      <Type>1</Type>
      <Subprocess>0</Subprocess>
      <Category>5</Category>
      <Mode>0</Mode>
      <Scope>4</Scope>
      <OnDemand>0</OnDemand>
      <TriggerOnCreate>0</TriggerOnCreate>
      <TriggerOnDelete>0</TriggerOnDelete>
      <AsyncAutodelete>0</AsyncAutodelete>
      <SyncWorkflowLogOnFailure>0</SyncWorkflowLogOnFailure>
      <StateCode>1</StateCode>
      <StatusCode>2</StatusCode>
      <RunAs>1</RunAs>
      <IsTransacted>1</IsTransacted>
      <IntroducedVersion>1.2.0.3</IntroducedVersion>
      <IsCustomizable>1</IsCustomizable>
      <IsCustomProcessingStepAllowedForOtherPublishers>1</IsCustomProcessingStepAllowedForOtherPublishers>
      <PrimaryEntity>none</PrimaryEntity>
      <LocalizedNames>
        <LocalizedName languagecode="1033" description="008 - notifications" />
      </LocalizedNames>
    </Workflow>
    <Workflow WorkflowId="{9b13e22d-3e22-ed11-b83d-000d3abbf6e7}" Name="008 - create comment">
      <JsonFileName>/Workflows/008-createcomment-9B13E22D-3E22-ED11-B83D-000D3ABBF6E7.json</JsonFileName>
      <Type>1</Type>
      <Subprocess>0</Subprocess>
      <Category>5</Category>
      <Mode>0</Mode>
      <Scope>4</Scope>
      <OnDemand>0</OnDemand>
      <TriggerOnCreate>0</TriggerOnCreate>
      <TriggerOnDelete>0</TriggerOnDelete>
      <AsyncAutodelete>0</AsyncAutodelete>
      <SyncWorkflowLogOnFailure>0</SyncWorkflowLogOnFailure>
      <StateCode>1</StateCode>
      <StatusCode>2</StatusCode>
      <RunAs>1</RunAs>
      <IsTransacted>1</IsTransacted>
      <IntroducedVersion>1.1.0.2</IntroducedVersion>
      <IsCustomizable>1</IsCustomizable>
      <IsCustomProcessingStepAllowedForOtherPublishers>1</IsCustomProcessingStepAllowedForOtherPublishers>
      <PrimaryEntity>none</PrimaryEntity>
      <LocalizedNames>
        <LocalizedName languagecode="1033" description="008 - create comment" />
      </LocalizedNames>
    </Workflow>
    <Workflow WorkflowId="{bbf97f36-6225-ed11-b83d-000d3abbf6e7}" Name="008 - creation">
      <JsonFileName>/Workflows/008-creation-BBF97F36-6225-ED11-B83D-000D3ABBF6E7.json</JsonFileName>
      <Type>1</Type>
      <Subprocess>0</Subprocess>
      <Category>5</Category>
      <Mode>0</Mode>
      <Scope>4</Scope>
      <OnDemand>0</OnDemand>
      <TriggerOnCreate>0</TriggerOnCreate>
      <TriggerOnDelete>0</TriggerOnDelete>
      <AsyncAutodelete>0</AsyncAutodelete>
      <SyncWorkflowLogOnFailure>0</SyncWorkflowLogOnFailure>
      <StateCode>1</StateCode>
      <StatusCode>2</StatusCode>
      <RunAs>1</RunAs>
      <IsTransacted>1</IsTransacted>
      <IntroducedVersion>1.1.0.9</IntroducedVersion>
      <IsCustomizable>1</IsCustomizable>
      <IsCustomProcessingStepAllowedForOtherPublishers>1</IsCustomProcessingStepAllowedForOtherPublishers>
      <PrimaryEntity>none</PrimaryEntity>
      <LocalizedNames>
        <LocalizedName languagecode="1033" description="008 - creation" />
      </LocalizedNames>
    </Workflow>
    <Workflow WorkflowId="{6d866532-5f25-ed11-b83d-000d3abbf8a2}" Name="008 - reactivate">
      <JsonFileName>/Workflows/008-reactivate-6D866532-5F25-ED11-B83D-000D3ABBF8A2.json</JsonFileName>
      <Type>1</Type>
      <Subprocess>0</Subprocess>
      <Category>5</Category>
      <Mode>0</Mode>
      <Scope>4</Scope>
      <OnDemand>0</OnDemand>
      <TriggerOnCreate>0</TriggerOnCreate>
      <TriggerOnDelete>0</TriggerOnDelete>
      <AsyncAutodelete>0</AsyncAutodelete>
      <SyncWorkflowLogOnFailure>0</SyncWorkflowLogOnFailure>
      <StateCode>1</StateCode>
      <StatusCode>2</StatusCode>
      <RunAs>1</RunAs>
      <IsTransacted>1</IsTransacted>
      <IntroducedVersion>1.1.0.9</IntroducedVersion>
      <IsCustomizable>1</IsCustomizable>
      <IsCustomProcessingStepAllowedForOtherPublishers>1</IsCustomProcessingStepAllowedForOtherPublishers>
      <PrimaryEntity>none</PrimaryEntity>
      <LocalizedNames>
        <LocalizedName languagecode="1033" description="008 - reactivate" />
      </LocalizedNames>
    </Workflow>
    <Workflow WorkflowId="{8c7b3757-f019-ed11-b83e-0022488181b3}" Name="008 - update item">
      <JsonFileName>/Workflows/008-updateitem-8C7B3757-F019-ED11-B83E-0022488181B3.json</JsonFileName>
      <Type>1</Type>
      <Subprocess>0</Subprocess>
      <Category>5</Category>
      <Mode>0</Mode>
      <Scope>4</Scope>
      <OnDemand>0</OnDemand>
      <TriggerOnCreate>0</TriggerOnCreate>
      <TriggerOnDelete>0</TriggerOnDelete>
      <AsyncAutodelete>0</AsyncAutodelete>
      <SyncWorkflowLogOnFailure>0</SyncWorkflowLogOnFailure>
      <StateCode>1</StateCode>
      <StatusCode>2</StatusCode>
      <RunAs>1</RunAs>
      <IsTransacted>1</IsTransacted>
      <IntroducedVersion>1.0.0.0</IntroducedVersion>
      <IsCustomizable>1</IsCustomizable>
      <IsCustomProcessingStepAllowedForOtherPublishers>1</IsCustomProcessingStepAllowedForOtherPublishers>
      <PrimaryEntity>none</PrimaryEntity>
      <LocalizedNames>
        <LocalizedName languagecode="1033" description="008 - update item" />
      </LocalizedNames>
    </Workflow>
    <Workflow WorkflowId="{a268e3bc-e218-ed11-b83e-0022488181b3}" Name="008 - create and wait approval">
      <JsonFileName>/Workflows/008-createandwaitapproval-A268E3BC-E218-ED11-B83E-0022488181B3.json</JsonFileName>
      <Type>1</Type>
      <Subprocess>0</Subprocess>
      <Category>5</Category>
      <Mode>0</Mode>
      <Scope>4</Scope>
      <OnDemand>0</OnDemand>
      <TriggerOnCreate>0</TriggerOnCreate>
      <TriggerOnDelete>0</TriggerOnDelete>
      <AsyncAutodelete>0</AsyncAutodelete>
      <SyncWorkflowLogOnFailure>0</SyncWorkflowLogOnFailure>
      <StateCode>1</StateCode>
      <StatusCode>2</StatusCode>
      <RunAs>1</RunAs>
      <IsTransacted>1</IsTransacted>
      <IntroducedVersion>1.0.0.0</IntroducedVersion>
      <IsCustomizable>1</IsCustomizable>
      <IsCustomProcessingStepAllowedForOtherPublishers>1</IsCustomProcessingStepAllowedForOtherPublishers>
      <PrimaryEntity>none</PrimaryEntity>
      <LocalizedNames>
        <LocalizedName languagecode="1033" description="008 - create and wait approval" />
      </LocalizedNames>
    </Workflow>
    <Workflow WorkflowId="{839f0d46-e118-ed11-b83e-002248818f0d}" Name="008 - Create approval flow">
      <JsonFileName>/Workflows/008-Createapprovalflow-839F0D46-E118-ED11-B83E-002248818F0D.json</JsonFileName>
      <Type>1</Type>
      <Subprocess>0</Subprocess>
      <Category>5</Category>
      <Mode>0</Mode>
      <Scope>4</Scope>
      <OnDemand>0</OnDemand>
      <TriggerOnCreate>0</TriggerOnCreate>
      <TriggerOnDelete>0</TriggerOnDelete>
      <AsyncAutodelete>0</AsyncAutodelete>
      <SyncWorkflowLogOnFailure>0</SyncWorkflowLogOnFailure>
      <StateCode>1</StateCode>
      <StatusCode>2</StatusCode>
      <RunAs>1</RunAs>
      <IsTransacted>1</IsTransacted>
      <IntroducedVersion>1.0.0.0</IntroducedVersion>
      <IsCustomizable>1</IsCustomizable>
      <IsCustomProcessingStepAllowedForOtherPublishers>1</IsCustomProcessingStepAllowedForOtherPublishers>
      <PrimaryEntity>none</PrimaryEntity>
      <LocalizedNames>
        <LocalizedName languagecode="1033" description="008 - Create approval flow" />
      </LocalizedNames>
    </Workflow>
    <Workflow WorkflowId="{7d68c2ab-9149-ed11-bba2-0022489fdc80}" Name="008 - delete item">
      <JsonFileName>/Workflows/008-deleteitem-7D68C2AB-9149-ED11-BBA2-0022489FDC80.json</JsonFileName>
      <Type>1</Type>
      <Subprocess>0</Subprocess>
      <Category>5</Category>
      <Mode>0</Mode>
      <Scope>4</Scope>
      <OnDemand>0</OnDemand>
      <TriggerOnCreate>0</TriggerOnCreate>
      <TriggerOnDelete>0</TriggerOnDelete>
      <AsyncAutodelete>0</AsyncAutodelete>
      <SyncWorkflowLogOnFailure>0</SyncWorkflowLogOnFailure>
      <StateCode>1</StateCode>
      <StatusCode>2</StatusCode>
      <RunAs>1</RunAs>
      <IsTransacted>1</IsTransacted>
      <IntroducedVersion>1.2.0.5</IntroducedVersion>
      <IsCustomizable>1</IsCustomizable>
      <IsCustomProcessingStepAllowedForOtherPublishers>1</IsCustomProcessingStepAllowedForOtherPublishers>
      <PrimaryEntity>none</PrimaryEntity>
      <LocalizedNames>
        <LocalizedName languagecode="1033" description="008 - delete item" />
      </LocalizedNames>
    </Workflow>
    <Workflow WorkflowId="{9a6cf746-8854-ed11-bba2-0022489fde0d}" Name="008 - change status">
      <JsonFileName>/Workflows/008-changestatus-9A6CF746-8854-ED11-BBA2-0022489FDE0D.json</JsonFileName>
      <Type>1</Type>
      <Subprocess>0</Subprocess>
      <Category>5</Category>
      <Mode>0</Mode>
      <Scope>4</Scope>
      <OnDemand>0</OnDemand>
      <TriggerOnCreate>0</TriggerOnCreate>
      <TriggerOnDelete>0</TriggerOnDelete>
      <AsyncAutodelete>0</AsyncAutodelete>
      <SyncWorkflowLogOnFailure>0</SyncWorkflowLogOnFailure>
      <StateCode>1</StateCode>
      <StatusCode>2</StatusCode>
      <RunAs>1</RunAs>
      <IsTransacted>1</IsTransacted>
      <IntroducedVersion>1.2.0.5</IntroducedVersion>
      <IsCustomizable>1</IsCustomizable>
      <IsCustomProcessingStepAllowedForOtherPublishers>1</IsCustomProcessingStepAllowedForOtherPublishers>
      <PrimaryEntity>none</PrimaryEntity>
      <LocalizedNames>
        <LocalizedName languagecode="1033" description="008 - change status" />
      </LocalizedNames>
    </Workflow>
  </Workflows>
  <FieldSecurityProfiles></FieldSecurityProfiles>
  <Templates />
  <EntityMaps />
  <EntityRelationships />
  <OrganizationSettings />
  <optionsets />
  <CustomControls />
  <EntityDataProviders />
  <CanvasApps>
    <CanvasApp>
      <Name>kabi_cadastrodecliente_f99a8</Name>
      <AppVersion>2023-03-08T13:49:12Z</AppVersion>
      <Status>Ready</Status>
      <CreatedByClientVersion>3.22114.18.0</CreatedByClientVersion>
      <MinClientVersion>3.22114.18.0</MinClientVersion>
      <Tags>{"primaryDeviceWidth":"1366","primaryDeviceHeight":"768","supportsPortrait":"true","supportsLandscape":"true","primaryFormFactor":"Tablet","publisherVersion":"3.22114.18","minimumRequiredApiVersion":"2.2.0","hasComponent":"true","hasUnlockedComponent":"true","isUnifiedRootApp":"false","sienaVersion":"20221028T134125Z-3.22103.21.0"}</Tags>
      <IsCdsUpgraded>0</IsCdsUpgraded>
      <GalleryItemId xsi:nil="true"></GalleryItemId>
      <BackgroundColor>rgba(0, 18, 107, 1)</BackgroundColor>
      <DisplayName>Cadastro de Cliente</DisplayName>
      <Description></Description>
      <CommitMessage></CommitMessage>
      <Publisher></Publisher>
      <AuthorizationReferences>[]</AuthorizationReferences>
      <ConnectionReferences>{"70b607ae-2f5e-4836-97af-5ada2d6a60f3":{"id":"/providers/microsoft.powerapps/apis/shared_sharepointonline","displayName":"SharePoint","iconUri":"https://connectoricons-prod.azureedge.net/u/laborbol/releases/ase-v3/1.0.1622.3202/sharepointonline/icon.png","dataSources":["008_all_unidades","008_tipo_cliente","008_referencias","008_analise_Inicial","008_log_cadastro_cliente","008_cadastro_clientes","008_tipo cliente - flx apr"],"dependencies":[],"dependents":["82dd7895-2618-4a40-919f-5d3df9d77535","c8418b84-6515-4abd-95f5-d784dbfa051e","7b904e2b-fbed-428d-9acc-ce028d663ae8"],"parameterHints":{},"parameterHintsV2":{},"isOnPremiseConnection":false,"bypassConsent":false,"dataSets":{"https://fresenius.sharepoint.com/sites/Team-FK-SASB-BRZ-IT":{"datasetOverride":{"name":"https://fresenius.sharepoint.com/teams/Team-FK-BR-Cadastros-CadastrodeClientes","environmentVariableName":"kabi_Site_app"},"dataSources":{"008_all_unidades":{"tableName":"1aa5d0b8-d563-47cc-b88d-5c258df18518","tableNameOverride":{"name":"8d80628c-0eb8-44e1-b5fc-c1e721a425d3","environmentVariableName":"kabi_All_unidades"}},"008_tipo_cliente":{"tableName":"14400286-c71f-4a02-8e5d-15dd4d81847b","tableNameOverride":{"name":"a86418bf-e254-4cf9-a83a-997b5033c038","environmentVariableName":"kabi_Tipo_cliente"}},"008_referencias":{"tableName":"c0e5d211-ad64-48ea-ace7-4965e2847a05","tableNameOverride":{"name":"bac5ceba-a8bd-4ae8-b197-d5cb6a0c7372","environmentVariableName":"kabi_Referencias"}},"008_analise_Inicial":{"tableName":"bac2b01d-1e52-44c6-bb9c-654496eed1bf","tableNameOverride":{"name":"a3ee78f2-4a8e-4895-b607-c1f7c6cbd7a7","environmentVariableName":"kabi_shared_sharepointonline_3c833d58b8924b98b203a9383fab2b82"}},"008_log_cadastro_cliente":{"tableName":"1810f934-8984-4648-87e9-9a1382bb5ed7","tableNameOverride":{"name":"336a87f6-15ac-4df6-bd5e-21ebee0f4806","environmentVariableName":"kabi_Log_cadastro_cliente"}}}},"https://fresenius.sharepoint.com/teams/Team-FK-BR-Cadastros-CadastrodeClientes":{"datasetOverride":{"name":"https://fresenius.sharepoint.com/teams/Team-FK-BR-Cadastros-CadastrodeClientes","environmentVariableName":"kabi_Site_app"},"dataSources":{"008_cadastro_clientes":{"tableName":"cb05c1bf-bb42-4fda-8056-e2b97356010d","tableNameOverride":{"name":"cb05c1bf-bb42-4fda-8056-e2b97356010d","environmentVariableName":"kabi_Cadastro_clientes"}},"008_tipo cliente - flx apr":{"tableName":"03eaf336-6ef9-4f30-b8ce-99efd0db1422","tableNameOverride":{"name":"03eaf336-6ef9-4f30-b8ce-99efd0db1422","environmentVariableName":"kabi_Tipoclienteflxapr"}}}}},"apiTier":"Standard","actions":["providers/PowerPlatform.Governance/Operations/Read"]},"4e3d07d1-5ee8-4326-95e9-4e0da791ba9b":{"id":"/providers/microsoft.powerapps/apis/shared_office365users","displayName":"Office 365 Users","iconUri":"https://connectoricons-prod.azureedge.net/u/laborbol/releases/ase-v3/1.0.1622.3202/office365users/icon.png","dataSources":["Office365Users"],"dependencies":[],"dependents":[],"parameterHints":{},"parameterHintsV2":{},"isOnPremiseConnection":false,"bypassConsent":false,"dataSets":{},"apiTier":"Standard","actions":["SearchUserV2"]},"82dd7895-2618-4a40-919f-5d3df9d77535":{"id":"/providers/microsoft.powerapps/apis/shared_logicflows","displayName":"Logic flows","iconUri":"https://connectoricons-prod.azureedge.net/releases/v1.0.1615/1.0.1615.3163/logicflows/icon.png","dataSources":["008-createcomment"],"dependencies":["70b607ae-2f5e-4836-97af-5ada2d6a60f3","afa28e1a-d49d-4b48-bd61-8d3a5119414b"],"dependents":[],"parameterHints":{"workflowName":{"value":"6ce161cd-aad8-4ce9-aa04-3babb068f1f0"},"workflowEntityId":{"value":"9b13e22d-3e22-ed11-b83d-000d3abbf6e7"},"70b607ae-2f5e-4836-97af-5ada2d6a60f3":{"value":"shared_sharepointonline"},"afa28e1a-d49d-4b48-bd61-8d3a5119414b":{"value":"shared_office365_1"}},"parameterHintsV2":{"workflowName":{"value":"6ce161cd-aad8-4ce9-aa04-3babb068f1f0"},"workflowEntityId":{"value":"9b13e22d-3e22-ed11-b83d-000d3abbf6e7"},"shared_sharepointonline":{"value":"70b607ae-2f5e-4836-97af-5ada2d6a60f3"},"shared_office365_1":{"value":"afa28e1a-d49d-4b48-bd61-8d3a5119414b"}},"isOnPremiseConnection":false,"bypassConsent":false,"dataSets":{},"apiTier":"Standard","actions":["Run"]},"afa28e1a-d49d-4b48-bd61-8d3a5119414b":{"id":"/providers/microsoft.powerapps/apis/shared_office365","displayName":"Office 365 Outlook","iconUri":"https://connectoricons-prod.azureedge.net/u/laborbol/releases/ase-v3/1.0.1622.3202/office365/icon.png","dataSources":[],"dependencies":[],"dependents":["82dd7895-2618-4a40-919f-5d3df9d77535","7b904e2b-fbed-428d-9acc-ce028d663ae8"],"parameterHints":{},"parameterHintsV2":{},"isOnPremiseConnection":false,"bypassConsent":false,"dataSets":{},"apiTier":"Standard"},"c8418b84-6515-4abd-95f5-d784dbfa051e":{"id":"/providers/microsoft.powerapps/apis/shared_logicflows","displayName":"Logic flows","iconUri":"https://connectoricons-prod.azureedge.net/releases/v1.0.1615/1.0.1615.3163/logicflows/icon.png","dataSources":["008-reactivate"],"dependencies":["70b607ae-2f5e-4836-97af-5ada2d6a60f3"],"dependents":[],"parameterHints":{"workflowName":{"value":"3b7024ff-d617-4c7a-88d5-9bdf63fe6e82"},"workflowEntityId":{"value":"6d866532-5f25-ed11-b83d-000d3abbf8a2"},"70b607ae-2f5e-4836-97af-5ada2d6a60f3":{"value":"shared_sharepointonline"}},"parameterHintsV2":{"workflowName":{"value":"3b7024ff-d617-4c7a-88d5-9bdf63fe6e82"},"workflowEntityId":{"value":"6d866532-5f25-ed11-b83d-000d3abbf8a2"},"shared_sharepointonline":{"value":"70b607ae-2f5e-4836-97af-5ada2d6a60f3"}},"isOnPremiseConnection":false,"bypassConsent":false,"dataSets":{},"apiTier":"Standard","actions":["Run"]},"7b904e2b-fbed-428d-9acc-ce028d663ae8":{"id":"/providers/microsoft.powerapps/apis/shared_logicflows","displayName":"Logic flows","iconUri":"https://connectoricons-prod.azureedge.net/releases/v1.0.1615/1.0.1615.3163/logicflows/icon.png","dataSources":["008-Createapprovalflow"],"dependencies":["70b607ae-2f5e-4836-97af-5ada2d6a60f3","afa28e1a-d49d-4b48-bd61-8d3a5119414b"],"dependents":[],"parameterHints":{"workflowName":{"value":"6fe6974f-6422-4187-bcd3-6b1100eb4ded"},"workflowEntityId":{"value":"839f0d46-e118-ed11-b83e-002248818f0d"},"70b607ae-2f5e-4836-97af-5ada2d6a60f3":{"value":"shared_sharepointonline"},"afa28e1a-d49d-4b48-bd61-8d3a5119414b":{"value":"shared_office365_1"}},"parameterHintsV2":{"workflowName":{"value":"6fe6974f-6422-4187-bcd3-6b1100eb4ded"},"workflowEntityId":{"value":"839f0d46-e118-ed11-b83e-002248818f0d"},"shared_sharepointonline":{"value":"70b607ae-2f5e-4836-97af-5ada2d6a60f3"},"shared_office365_1":{"value":"afa28e1a-d49d-4b48-bd61-8d3a5119414b"}},"isOnPremiseConnection":false,"bypassConsent":false,"dataSets":{},"apiTier":"Standard","actions":["Run"]}}</ConnectionReferences>
      <DatabaseReferences>{}</DatabaseReferences>
      <CanConsumeAppPass>1</CanConsumeAppPass>
      <CanvasAppType>0</CanvasAppType>
      <BypassConsent>0</BypassConsent>
      <EmbeddedApp xsi:nil="true"></EmbeddedApp>
      <IntroducedVersion>1.0</IntroducedVersion>
      <CdsDependencies>{"cdsdependencies":[{"componenttype":380,"logicalname":"kabi_Site_app","componenttypeplatformname":"EnvironmentVariableDefinition"},{"componenttype":380,"logicalname":"kabi_All_unidades","componenttypeplatformname":"EnvironmentVariableDefinition"},{"componenttype":380,"logicalname":"kabi_Tipo_cliente","componenttypeplatformname":"EnvironmentVariableDefinition"},{"componenttype":380,"logicalname":"kabi_Referencias","componenttypeplatformname":"EnvironmentVariableDefinition"},{"componenttype":380,"logicalname":"kabi_shared_sharepointonline_3c833d58b8924b98b203a9383fab2b82","componenttypeplatformname":"EnvironmentVariableDefinition"},{"componenttype":380,"logicalname":"kabi_Log_cadastro_cliente","componenttypeplatformname":"EnvironmentVariableDefinition"},{"componenttype":380,"logicalname":"kabi_Cadastro_clientes","componenttypeplatformname":"EnvironmentVariableDefinition"},{"componenttype":380,"logicalname":"kabi_Tipoclienteflxapr","componenttypeplatformname":"EnvironmentVariableDefinition"}]}</CdsDependencies>
      <IsCustomizable>1</IsCustomizable>
      <BackgroundImageUri>/CanvasApps/kabi_cadastrodecliente_f99a8_BackgroundImageUri</BackgroundImageUri>
      <DocumentUri>/CanvasApps/kabi_cadastrodecliente_f99a8_DocumentUri.msapp</DocumentUri>
    </CanvasApp>
  </CanvasApps>
  <connectionreferences>
    <connectionreference connectionreferencelogicalname="kabi_008_approvals">
      <connectionreferencedisplayname>008_approvals</connectionreferencedisplayname>
      <connectorid>/providers/Microsoft.PowerApps/apis/shared_approvals</connectorid>
      <iscustomizable>1</iscustomizable>
      <statecode>0</statecode>
      <statuscode>1</statuscode>
    </connectionreference>
    <connectionreference connectionreferencelogicalname="kabi_008_excel">
      <connectionreferencedisplayname>008_excel</connectionreferencedisplayname>
      <connectorid>/providers/Microsoft.PowerApps/apis/shared_excelonlinebusiness</connectorid>
      <iscustomizable>1</iscustomizable>
      <statecode>0</statecode>
      <statuscode>1</statuscode>
    </connectionreference>
    <connectionreference connectionreferencelogicalname="kabi_008_office365outlook">
      <connectionreferencedisplayname>008_office365outlook</connectionreferencedisplayname>
      <connectorid>/providers/Microsoft.PowerApps/apis/shared_office365</connectorid>
      <iscustomizable>1</iscustomizable>
      <statecode>0</statecode>
      <statuscode>1</statuscode>
    </connectionreference>
    <connectionreference connectionreferencelogicalname="kabi_008_sharepoint">
      <connectionreferencedisplayname>008_sharepoint</connectionreferencedisplayname>
      <connectorid>/providers/Microsoft.PowerApps/apis/shared_sharepointonline</connectorid>
      <iscustomizable>1</iscustomizable>
      <statecode>0</statecode>
      <statuscode>1</statuscode>
    </connectionreference>
    <connectionreference connectionreferencelogicalname="kabi_008_teams">
      <connectionreferencedisplayname>008_teams</connectionreferencedisplayname>
      <connectorid>/providers/Microsoft.PowerApps/apis/shared_teams</connectorid>
      <iscustomizable>1</iscustomizable>
      <statecode>0</statecode>
      <statuscode>1</statuscode>
    </connectionreference>
  </connectionreferences>
  <Languages>
    <Language>1033</Language>
  </Languages>
</ImportExportXml>