<ImportExportXml version="9.2.23021.198" SolutionPackageVersion="9.2" languagecode="1033" generatedBy="CrmLive" xmlns:xsi="http://www.w3.org/2001/XMLSchema-instance">
  <SolutionManifest>
    <UniqueName>Customer_registration</UniqueName>
    <LocalizedNames>
      <LocalizedName description="Customer_registration" languagecode="1033" />
    </LocalizedNames>
    <Descriptions>
      <Description description="Upgrade of Customer_registration_app" languagecode="1033" />
    </Descriptions>
    <Version>1.2.0.8</Version>
    <Managed>0</Managed>
    <Publisher>
      <UniqueName>Business_Application_BR</UniqueName>
      <LocalizedNames>
        <LocalizedName description="Business Application BR" languagecode="1033" />
      </LocalizedNames>
      <Descriptions />
      <EMailAddress xsi:nil="true"></EMailAddress>
      <SupportingWebsiteUrl xsi:nil="true"></SupportingWebsiteUrl>
      <CustomizationPrefix>kabi</CustomizationPrefix>
      <CustomizationOptionValuePrefix>58909</CustomizationOptionValuePrefix>
      <Addresses>
        <Address>
          <AddressNumber>1</AddressNumber>
          <AddressTypeCode>1</AddressTypeCode>
          <City xsi:nil="true"></City>
          <County xsi:nil="true"></County>
          <Country xsi:nil="true"></Country>
          <Fax xsi:nil="true"></Fax>
          <FreightTermsCode xsi:nil="true"></FreightTermsCode>
          <ImportSequenceNumber xsi:nil="true"></ImportSequenceNumber>
          <Latitude xsi:nil="true"></Latitude>
          <Line1 xsi:nil="true"></Line1>
          <Line2 xsi:nil="true"></Line2>
          <Line3 xsi:nil="true"></Line3>
          <Longitude xsi:nil="true"></Longitude>
          <Name xsi:nil="true"></Name>
          <PostalCode xsi:nil="true"></PostalCode>
          <PostOfficeBox xsi:nil="true"></PostOfficeBox>
          <PrimaryContactName xsi:nil="true"></PrimaryContactName>
          <ShippingMethodCode>1</ShippingMethodCode>
          <StateOrProvince xsi:nil="true"></StateOrProvince>
          <Telephone1 xsi:nil="true"></Telephone1>
          <Telephone2 xsi:nil="true"></Telephone2>
          <Telephone3 xsi:nil="true"></Telephone3>
          <TimeZoneRuleVersionNumber xsi:nil="true"></TimeZoneRuleVersionNumber>
          <UPSZone xsi:nil="true"></UPSZone>
          <UTCOffset xsi:nil="true"></UTCOffset>
          <UTCConversionTimeZoneCode xsi:nil="true"></UTCConversionTimeZoneCode>
        </Address>
        <Address>
          <AddressNumber>2</AddressNumber>
          <AddressTypeCode>1</AddressTypeCode>
          <City xsi:nil="true"></City>
          <County xsi:nil="true"></County>
          <Country xsi:nil="true"></Country>
          <Fax xsi:nil="true"></Fax>
          <FreightTermsCode xsi:nil="true"></FreightTermsCode>
          <ImportSequenceNumber xsi:nil="true"></ImportSequenceNumber>
          <Latitude xsi:nil="true"></Latitude>
          <Line1 xsi:nil="true"></Line1>
          <Line2 xsi:nil="true"></Line2>
          <Line3 xsi:nil="true"></Line3>
          <Longitude xsi:nil="true"></Longitude>
          <Name xsi:nil="true"></Name>
          <PostalCode xsi:nil="true"></PostalCode>
          <PostOfficeBox xsi:nil="true"></PostOfficeBox>
          <PrimaryContactName xsi:nil="true"></PrimaryContactName>
          <ShippingMethodCode>1</ShippingMethodCode>
          <StateOrProvince xsi:nil="true"></StateOrProvince>
          <Telephone1 xsi:nil="true"></Telephone1>
          <Telephone2 xsi:nil="true"></Telephone2>
          <Telephone3 xsi:nil="true"></Telephone3>
          <TimeZoneRuleVersionNumber xsi:nil="true"></TimeZoneRuleVersionNumber>
          <UPSZone xsi:nil="true"></UPSZone>
          <UTCOffset xsi:nil="true"></UTCOffset>
          <UTCConversionTimeZoneCode xsi:nil="true"></UTCConversionTimeZoneCode>
        </Address>
      </Addresses>
    </Publisher>
    <RootComponents>
      <RootComponent type="29" id="{4b65bfbb-ca28-ed11-9db1-000d3a47372f}" behavior="0" />
      <RootComponent type="29" id="{6d866532-5f25-ed11-b83d-000d3abbf8a2}" behavior="0" />
      <RootComponent type="29" id="{7d68c2ab-9149-ed11-bba2-0022489fdc80}" behavior="0" />
      <RootComponent type="29" id="{839f0d46-e118-ed11-b83e-002248818f0d}" behavior="0" />
      <RootComponent type="29" id="{8c7b3757-f019-ed11-b83e-0022488181b3}" behavior="0" />
      <RootComponent type="29" id="{9a6cf746-8854-ed11-bba2-0022489fde0d}" behavior="0" />
      <RootComponent type="29" id="{9b13e22d-3e22-ed11-b83d-000d3abbf6e7}" behavior="0" />
      <RootComponent type="29" id="{a268e3bc-e218-ed11-b83e-0022488181b3}" behavior="0" />
      <RootComponent type="29" id="{bbf97f36-6225-ed11-b83d-000d3abbf6e7}" behavior="0" />
      <RootComponent type="300" schemaName="kabi_cadastrodecliente_f99a8" behavior="0" />
    </RootComponents>
    <MissingDependencies />
  </SolutionManifest>
</ImportExportXml>